alumno_id,fecha_corte,fecha_resultado,promedio_general,cantidad_cursos,nota_maxima,nota_minima,clases_programadas,clases_asistidas,porcentaje_asistencia,cantidad_evaluaciones_registradas,fracaso_global
SIM-00001,2025-05-15,2025-12-20,12.15,5,13.41,10.15,50,30,60.0,15,0
SIM-00001,2025-07-27,2025-12-20,13.38,5,15.19,11.29,100,60,60.0,30,0
SIM-00001,2025-10-08,2025-12-20,15.17,5,17.46,14.03,150,95,63.33,45,0
SIM-00001,2025-12-10,2025-12-20,16.22,5,17.81,15.37,200,120,60.0,60,0
SIM-00002,2025-05-15,2025-12-20,9.87,5,11.6,8.89,50,40,80.0,15,0
SIM-00002,2025-07-27,2025-12-20,11.6,5,14.06,9.37,100,85,85.0,30,0
SIM-00002,2025-10-08,2025-12-20,13.24,5,16.41,11.53,150,125,83.33,45,0
SIM-00002,2025-12-10,2025-12-20,12.96,5,16.76,10.86,200,165,82.5,60,0
SIM-00003,2025-05-15,2025-12-20,11.72,5,13.55,9.47,50,45,90.0,15,0
SIM-00003,2025-07-27,2025-12-20,14.33,5,18.0,12.28,100,90,90.0,30,0
SIM-00003,2025-10-08,2025-12-20,14.88,5,18.91,9.35,150,140,93.33,45,0
SIM-00003,2025-12-10,2025-12-20,17.04,5,20.0,13.44,200,185,92.5,60,0
SIM-00004,2025-05-15,2025-12-20,12.63,5,15.72,8.94,50,45,90.0,15,1
SIM-00004,2025-07-27,2025-12-20,12.23,5,13.54,10.83,100,90,90.0,30,1
SIM-00004,2025-10-08,2025-12-20,12.48,5,16.46,9.94,150,130,86.67,45,1
SIM-00004,2025-12-10,2025-12-20,11.75,5,14.99,7.92,200,165,82.5,60,1
SIM-00005,2025-05-15,2025-12-20,11.63,5,13.04,10.19,50,40,80.0,15,0
SIM-00005,2025-07-27,2025-12-20,14.17,5,16.63,8.32,100,70,70.0,30,0
SIM-00005,2025-10-08,2025-12-20,15.46,5,17.54,13.58,150,105,70.0,45,0
SIM-00005,2025-12-10,2025-12-20,17.88,5,20.0,15.42,200,150,75.0,60,0
SIM-00006,2025-05-15,2025-12-20,10.51,5,12.98,8.4,50,45,90.0,15,0
SIM-00006,2025-07-27,2025-12-20,10.74,5,11.52,10.16,100,95,95.0,30,0
SIM-00006,2025-10-08,2025-12-20,11.88,5,14.72,10.57,150,130,86.67,45,0
SIM-00006,2025-12-10,2025-12-20,15.06,5,17.36,13.06,200,180,90.0,60,0
SIM-00007,2025-05-15,2025-12-20,12.8,5,13.49,11.56,50,40,80.0,15,0
SIM-00007,2025-07-27,2025-12-20,14.03,5,17.38,10.65,100,75,75.0,30,0
SIM-00007,2025-10-08,2025-12-20,16.75,5,18.37,14.91,150,125,83.33,45,0
SIM-00007,2025-12-10,2025-12-20,18.27,5,19.51,16.82,200,170,85.0,60,0
SIM-00008,2025-05-15,2025-12-20,10.8,5,11.58,9.37,50,45,90.0,15,1
SIM-00008,2025-07-27,2025-12-20,10.37,5,13.25,4.26,100,85,85.0,30,1
SIM-00008,2025-10-08,2025-12-20,9.16,5,14.04,6.47,150,140,93.33,45,1
SIM-00008,2025-12-10,2025-12-20,8.33,5,11.88,3.64,200,185,92.5,60,1
SIM-00009,2025-05-15,2025-12-20,11.43,5,13.4,9.45,50,45,90.0,15,1
SIM-00009,2025-07-27,2025-12-20,10.14,5,14.33,6.84,100,95,95.0,30,1
SIM-00009,2025-10-08,2025-12-20,8.91,5,15.82,5.82,150,130,86.67,45,1
SIM-00009,2025-12-10,2025-12-20,10.25,5,14.69,8.5,200,175,87.5,60,1
SIM-00010,2025-05-15,2025-12-20,10.14,5,13.27,8.85,50,45,90.0,15,1
SIM-00010,2025-07-27,2025-12-20,12.09,5,13.59,10.8,100,95,95.0,30,1
SIM-00010,2025-10-08,2025-12-20,11.8,5,12.74,9.98,150,150,100.0,45,1
SIM-00010,2025-12-10,2025-12-20,12.1,5,14.82,9.76,200,195,97.5,60,1
SIM-00011,2025-05-15,2025-12-20,11.61,5,13.63,7.42,50,40,80.0,15,1
SIM-00011,2025-07-27,2025-12-20,10.77,5,11.63,9.91,100,75,75.0,30,1
SIM-00011,2025-10-08,2025-12-20,11.3,5,15.53,6.56,150,100,66.67,45,1
SIM-00011,2025-12-10,2025-12-20,13.09,5,14.5,10.83,200,145,72.5,60,1
SIM-00012,2025-05-15,2025-12-20,10.0,5,11.45,7.79,50,50,100.0,15,0
SIM-00012,2025-07-27,2025-12-20,10.64,5,12.57,8.6,100,85,85.0,30,0
SIM-00012,2025-10-08,2025-12-20,12.17,5,15.72,11.07,150,135,90.0,45,0
SIM-00012,2025-12-10,2025-12-20,12.13,5,14.37,10.23,200,170,85.0,60,0
SIM-00013,2025-05-15,2025-12-20,11.21,5,12.79,8.4,50,25,50.0,15,1
SIM-00013,2025-07-27,2025-12-20,11.06,5,13.7,9.45,100,60,60.0,30,1
SIM-00013,2025-10-08,2025-12-20,11.42,5,14.11,9.56,150,90,60.0,45,1
SIM-00013,2025-12-10,2025-12-20,11.34,5,13.59,6.97,200,125,62.5,60,1
SIM-00014,2025-05-15,2025-12-20,11.48,5,13.41,9.25,50,45,90.0,15,1
SIM-00014,2025-07-27,2025-12-20,9.65,5,11.61,7.58,100,85,85.0,30,1
SIM-00014,2025-10-08,2025-12-20,10.84,5,15.19,7.25,150,130,86.67,45,1
SIM-00014,2025-12-10,2025-12-20,12.02,5,18.15,6.04,200,175,87.5,60,1
SIM-00015,2025-05-15,2025-12-20,11.76,5,13.78,8.57,50,40,80.0,15,1
SIM-00015,2025-07-27,2025-12-20,11.28,5,13.03,9.84,100,85,85.0,30,1
SIM-00015,2025-10-08,2025-12-20,9.76,5,15.39,5.67,150,130,86.67,45,1
SIM-00015,2025-12-10,2025-12-20,9.56,5,14.31,4.28,200,175,87.5,60,1
SIM-00016,2025-05-15,2025-12-20,11.49,5,12.75,10.01,50,40,80.0,15,1
SIM-00016,2025-07-27,2025-12-20,8.46,5,10.64,7.5,100,85,85.0,30,1
SIM-00016,2025-10-08,2025-12-20,10.17,5,13.12,7.43,150,115,76.67,45,1
SIM-00016,2025-12-10,2025-12-20,8.17,5,10.8,6.63,200,150,75.0,60,1
SIM-00017,2025-05-15,2025-12-20,11.72,5,12.83,10.52,50,25,50.0,15,1
SIM-00017,2025-07-27,2025-12-20,11.44,5,14.83,8.13,100,45,45.0,30,1
SIM-00017,2025-10-08,2025-12-20,11.27,5,13.06,9.23,150,75,50.0,45,1
SIM-00017,2025-12-10,2025-12-20,14.48,5,16.93,11.87,200,85,42.5,60,1
SIM-00018,2025-05-15,2025-12-20,12.16,5,15.51,10.5,50,30,60.0,15,1
SIM-00018,2025-07-27,2025-12-20,12.01,5,13.59,11.03,100,60,60.0,30,1
SIM-00018,2025-10-08,2025-12-20,12.66,5,16.22,9.55,150,90,60.0,45,1
SIM-00018,2025-12-10,2025-12-20,13.4,5,19.75,9.48,200,120,60.0,60,1
SIM-00019,2025-05-15,2025-12-20,11.78,5,14.75,10.59,50,40,80.0,15,1
SIM-00019,2025-07-27,2025-12-20,9.94,5,15.48,5.6,100,80,80.0,30,1
SIM-00019,2025-10-08,2025-12-20,12.81,5,14.56,10.18,150,120,80.0,45,1
SIM-00019,2025-12-10,2025-12-20,11.19,5,17.94,7.67,200,150,75.0,60,1
SIM-00020,2025-05-15,2025-12-20,11.23,5,14.18,8.97,50,40,80.0,15,0
SIM-00020,2025-07-27,2025-12-20,11.46,5,14.48,8.61,100,70,70.0,30,0
SIM-00020,2025-10-08,2025-12-20,12.89,5,17.01,10.58,150,120,80.0,45,0
SIM-00020,2025-12-10,2025-12-20,12.18,5,13.95,9.95,200,140,70.0,60,0
SIM-00021,2025-05-15,2025-12-20,10.73,5,13.31,6.98,50,45,90.0,15,1
SIM-00021,2025-07-27,2025-12-20,11.73,5,13.92,10.3,100,80,80.0,30,1
SIM-00021,2025-10-08,2025-12-20,10.28,5,11.43,9.19,150,125,83.33,45,1
SIM-00021,2025-12-10,2025-12-20,10.14,5,12.35,6.65,200,175,87.5,60,1
SIM-00022,2025-05-15,2025-12-20,11.93,5,16.33,9.15,50,45,90.0,15,0
SIM-00022,2025-07-27,2025-12-20,12.55,5,14.85,9.54,100,90,90.0,30,0
SIM-00022,2025-10-08,2025-12-20,12.21,5,16.51,10.33,150,130,86.67,45,0
SIM-00022,2025-12-10,2025-12-20,15.05,5,19.68,11.76,200,175,87.5,60,0
SIM-00023,2025-05-15,2025-12-20,11.13,5,12.25,9.58,50,25,50.0,15,0
SIM-00023,2025-07-27,2025-12-20,13.97,5,15.91,11.91,100,40,40.0,30,0
SIM-00023,2025-10-08,2025-12-20,14.17,5,20.0,11.42,150,70,46.67,45,0
SIM-00023,2025-12-10,2025-12-20,15.96,5,19.54,10.35,200,80,40.0,60,0
SIM-00024,2025-05-15,2025-12-20,11.58,5,12.59,10.64,50,45,90.0,15,1
SIM-00024,2025-07-27,2025-12-20,11.19,5,12.57,9.77,100,90,90.0,30,1
SIM-00024,2025-10-08,2025-12-20,10.82,5,11.83,9.74,150,130,86.67,45,1
SIM-00024,2025-12-10,2025-12-20,12.06,5,14.75,8.02,200,180,90.0,60,1
SIM-00025,2025-05-15,2025-12-20,11.55,5,13.43,9.84,50,20,40.0,15,0
SIM-00025,2025-07-27,2025-12-20,13.31,5,16.42,8.98,100,50,50.0,30,0
SIM-00025,2025-10-08,2025-12-20,14.63,5,17.44,10.46,150,65,43.33,45,0
SIM-00025,2025-12-10,2025-12-20,14.38,5,16.83,11.75,200,95,47.5,60,0
SIM-00026,2025-05-15,2025-12-20,10.5,5,13.82,6.93,50,40,80.0,15,1
SIM-00026,2025-07-27,2025-12-20,10.68,5,12.65,8.09,100,75,75.0,30,1
SIM-00026,2025-10-08,2025-12-20,10.72,5,12.33,9.71,150,110,73.33,45,1
SIM-00026,2025-12-10,2025-12-20,9.06,5,12.57,6.34,200,160,80.0,60,1
SIM-00027,2025-05-15,2025-12-20,13.08,5,16.3,8.89,50,45,90.0,15,0
SIM-00027,2025-07-27,2025-12-20,11.94,5,13.65,10.86,100,95,95.0,30,0
SIM-00027,2025-10-08,2025-12-20,13.44,5,16.45,9.21,150,140,93.33,45,0
SIM-00027,2025-12-10,2025-12-20,13.04,5,17.16,8.12,200,175,87.5,60,0
SIM-00028,2025-05-15,2025-12-20,12.89,5,15.58,11.36,50,45,90.0,15,0
SIM-00028,2025-07-27,2025-12-20,11.95,5,13.43,9.67,100,80,80.0,30,0
SIM-00028,2025-10-08,2025-12-20,13.96,5,16.24,10.79,150,125,83.33,45,0
SIM-00028,2025-12-10,2025-12-20,14.62,5,20.0,11.82,200,170,85.0,60,0
SIM-00029,2025-05-15,2025-12-20,12.22,5,13.04,10.35,50,50,100.0,15,1
SIM-00029,2025-07-27,2025-12-20,11.84,5,14.37,8.68,100,95,95.0,30,1
SIM-00029,2025-10-08,2025-12-20,11.32,5,12.7,9.95,150,145,96.67,45,1
SIM-00029,2025-12-10,2025-12-20,11.14,5,15.4,5.59,200,185,92.5,60,1
SIM-00030,2025-05-15,2025-12-20,12.15,5,15.48,8.27,50,45,90.0,15,1
SIM-00030,2025-07-27,2025-12-20,11.45,5,16.29,9.54,100,75,75.0,30,1
SIM-00030,2025-10-08,2025-12-20,11.85,5,15.77,8.8,150,140,93.33,45,1
SIM-00030,2025-12-10,2025-12-20,12.91,5,16.51,9.56,200,165,82.5,60,1
SIM-00031,2025-05-15,2025-12-20,11.78,5,15.26,9.99,50,45,90.0,15,0
SIM-00031,2025-07-27,2025-12-20,11.6,5,13.39,10.18,100,85,85.0,30,0
SIM-00031,2025-10-08,2025-12-20,14.12,5,16.59,11.94,150,125,83.33,45,0
SIM-00031,2025-12-10,2025-12-20,14.28,5,16.93,10.1,200,175,87.5,60,0
SIM-00032,2025-05-15,2025-12-20,12.72,5,15.83,10.9,50,45,90.0,15,0
SIM-00032,2025-07-27,2025-12-20,9.94,5,11.88,8.93,100,90,90.0,30,0
SIM-00032,2025-10-08,2025-12-20,12.09,5,14.11,8.53,150,140,93.33,45,0
SIM-00032,2025-12-10,2025-12-20,13.12,5,14.7,10.33,200,190,95.0,60,0
SIM-00033,2025-05-15,2025-12-20,12.7,5,15.53,9.43,50,40,80.0,15,0
SIM-00033,2025-07-27,2025-12-20,13.08,5,15.48,10.73,100,85,85.0,30,0
SIM-00033,2025-10-08,2025-12-20,12.87,5,15.33,10.36,150,125,83.33,45,0
SIM-00033,2025-12-10,2025-12-20,16.8,5,18.84,13.51,200,170,85.0,60,0
SIM-00034,2025-05-15,2025-12-20,12.11,5,14.32,9.78,50,40,80.0,15,1
SIM-00034,2025-07-27,2025-12-20,12.17,5,15.07,9.72,100,75,75.0,30,1
SIM-00034,2025-10-08,2025-12-20,12.62,5,14.8,10.17,150,125,83.33,45,1
SIM-00034,2025-12-10,2025-12-20,12.25,5,18.42,9.32,200,180,90.0,60,1
SIM-00035,2025-05-15,2025-12-20,11.48,5,13.68,7.99,50,35,70.0,15,0
SIM-00035,2025-07-27,2025-12-20,12.69,5,13.89,11.29,100,70,70.0,30,0
SIM-00035,2025-10-08,2025-12-20,11.45,5,13.52,8.99,150,105,70.0,45,0
SIM-00035,2025-12-10,2025-12-20,11.34,5,16.16,8.79,200,140,70.0,60,0
SIM-00036,2025-05-15,2025-12-20,11.44,5,13.57,8.32,50,30,60.0,15,0
SIM-00036,2025-07-27,2025-12-20,12.9,5,17.74,10.62,100,60,60.0,30,0
SIM-00036,2025-10-08,2025-12-20,12.56,5,15.16,10.75,150,90,60.0,45,0
SIM-00036,2025-12-10,2025-12-20,13.02,5,18.1,10.26,200,120,60.0,60,0
SIM-00037,2025-05-15,2025-12-20,12.67,5,13.49,11.8,50,40,80.0,15,0
SIM-00037,2025-07-27,2025-12-20,13.38,5,17.32,10.2,100,85,85.0,30,0
SIM-00037,2025-10-08,2025-12-20,13.75,5,19.36,8.7,150,120,80.0,45,0
SIM-00037,2025-12-10,2025-12-20,15.13,5,20.0,13.09,200,170,85.0,60,0
SIM-00038,2025-05-15,2025-12-20,11.6,5,14.57,6.14,50,45,90.0,15,1
SIM-00038,2025-07-27,2025-12-20,10.33,5,12.71,8.62,100,95,95.0,30,1
SIM-00038,2025-10-08,2025-12-20,11.34,5,13.15,8.89,150,140,93.33,45,1
SIM-00038,2025-12-10,2025-12-20,10.99,5,17.69,5.36,200,185,92.5,60,1
SIM-00039,2025-05-15,2025-12-20,12.95,5,16.07,10.27,50,45,90.0,15,1
SIM-00039,2025-07-27,2025-12-20,10.27,5,13.86,4.3,100,90,90.0,30,1
SIM-00039,2025-10-08,2025-12-20,9.62,5,13.55,4.07,150,135,90.0,45,1
SIM-00039,2025-12-10,2025-12-20,10.47,5,14.86,5.58,200,185,92.5,60,1
SIM-00040,2025-05-15,2025-12-20,13.58,5,16.99,11.25,50,45,90.0,15,0
SIM-00040,2025-07-27,2025-12-20,14.36,5,15.91,11.97,100,90,90.0,30,0
SIM-00040,2025-10-08,2025-12-20,16.53,5,20.0,14.27,150,145,96.67,45,0
SIM-00040,2025-12-10,2025-12-20,18.8,5,20.0,17.82,200,200,100.0,60,0
SIM-00041,2025-05-15,2025-12-20,12.25,5,13.56,10.78,50,45,90.0,15,1
SIM-00041,2025-07-27,2025-12-20,12.1,5,13.95,8.56,100,90,90.0,30,1
SIM-00041,2025-10-08,2025-12-20,12.45,5,14.26,7.3,150,125,83.33,45,1
SIM-00041,2025-12-10,2025-12-20,11.9,5,14.83,6.1,200,175,87.5,60,1
SIM-00042,2025-05-15,2025-12-20,10.98,5,13.47,8.44,50,40,80.0,15,0
SIM-00042,2025-07-27,2025-12-20,13.51,5,16.65,9.98,100,90,90.0,30,0
SIM-00042,2025-10-08,2025-12-20,15.06,5,18.01,12.72,150,120,80.0,45,0
SIM-00042,2025-12-10,2025-12-20,15.06,5,20.0,12.51,200,170,85.0,60,0
SIM-00043,2025-05-15,2025-12-20,13.8,5,16.09,12.25,50,40,80.0,15,1
SIM-00043,2025-07-27,2025-12-20,10.93,5,13.04,7.16,100,80,80.0,30,1
SIM-00043,2025-10-08,2025-12-20,10.18,5,11.21,8.4,150,115,76.67,45,1
SIM-00043,2025-12-10,2025-12-20,11.57,5,13.03,10.59,200,155,77.5,60,1
SIM-00044,2025-05-15,2025-12-20,12.03,5,15.97,9.44,50,45,90.0,15,0
SIM-00044,2025-07-27,2025-12-20,11.54,5,12.52,10.42,100,90,90.0,30,0
SIM-00044,2025-10-08,2025-12-20,11.49,5,16.01,8.62,150,145,96.67,45,0
SIM-00044,2025-12-10,2025-12-20,15.4,5,20.0,12.55,200,175,87.5,60,0
SIM-00045,2025-05-15,2025-12-20,12.39,5,14.63,10.61,50,45,90.0,15,0
SIM-00045,2025-07-27,2025-12-20,14.74,5,16.58,12.52,100,85,85.0,30,0
SIM-00045,2025-10-08,2025-12-20,15.52,5,17.1,14.64,150,140,93.33,45,0
SIM-00045,2025-12-10,2025-12-20,17.64,5,20.0,13.39,200,185,92.5,60,0
SIM-00046,2025-05-15,2025-12-20,12.41,5,14.22,9.75,50,35,70.0,15,0
SIM-00046,2025-07-27,2025-12-20,12.18,5,13.94,11.18,100,75,75.0,30,0
SIM-00046,2025-10-08,2025-12-20,14.46,5,16.08,12.33,150,110,73.33,45,0
SIM-00046,2025-12-10,2025-12-20,14.63,5,18.52,12.05,200,150,75.0,60,0
SIM-00047,2025-05-15,2025-12-20,9.75,5,11.69,7.44,50,45,90.0,15,1
SIM-00047,2025-07-27,2025-12-20,11.28,5,15.04,9.38,100,100,100.0,30,1
SIM-00047,2025-10-08,2025-12-20,10.11,5,12.87,5.64,150,150,100.0,45,1
SIM-00047,2025-12-10,2025-12-20,10.0,5,17.53,4.54,200,200,100.0,60,1
SIM-00048,2025-05-15,2025-12-20,9.64,5,12.8,5.97,50,50,100.0,15,1
SIM-00048,2025-07-27,2025-12-20,9.11,5,11.3,7.66,100,90,90.0,30,1
SIM-00048,2025-10-08,2025-12-20,9.67,5,11.47,6.19,150,130,86.67,45,1
SIM-00048,2025-12-10,2025-12-20,6.69,5,11.26,1.98,200,170,85.0,60,1
SIM-00049,2025-05-15,2025-12-20,11.99,5,13.75,9.58,50,45,90.0,15,0
SIM-00049,2025-07-27,2025-12-20,13.34,5,16.45,9.53,100,85,85.0,30,0
SIM-00049,2025-10-08,2025-12-20,13.42,5,14.59,11.5,150,130,86.67,45,0
SIM-00049,2025-12-10,2025-12-20,15.22,5,17.79,12.32,200,180,90.0,60,0
SIM-00050,2025-05-15,2025-12-20,10.71,5,15.33,5.74,50,40,80.0,15,1
SIM-00050,2025-07-27,2025-12-20,9.56,5,12.75,6.99,100,75,75.0,30,1
SIM-00050,2025-10-08,2025-12-20,8.89,5,11.84,5.8,150,115,76.67,45,1
SIM-00050,2025-12-10,2025-12-20,7.23,5,10.82,2.55,200,145,72.5,60,1
SIM-00051,2025-05-15,2025-12-20,11.56,5,13.63,8.25,50,25,50.0,15,1
SIM-00051,2025-07-27,2025-12-20,11.87,5,13.19,9.52,100,55,55.0,30,1
SIM-00051,2025-10-08,2025-12-20,10.51,5,15.88,6.68,150,85,56.67,45,1
SIM-00051,2025-12-10,2025-12-20,12.55,5,18.2,9.85,200,100,50.0,60,1
SIM-00052,2025-05-15,2025-12-20,12.06,5,14.81,9.39,50,50,100.0,15,1
SIM-00052,2025-07-27,2025-12-20,10.33,5,11.65,8.87,100,95,95.0,30,1
SIM-00052,2025-10-08,2025-12-20,10.92,5,14.42,7.81,150,140,93.33,45,1
SIM-00052,2025-12-10,2025-12-20,10.89,5,15.06,5.82,200,185,92.5,60,1
SIM-00053,2025-05-15,2025-12-20,11.47,5,13.69,10.27,50,45,90.0,15,1
SIM-00053,2025-07-27,2025-12-20,11.03,5,13.38,9.06,100,95,95.0,30,1
SIM-00053,2025-10-08,2025-12-20,10.8,5,13.86,6.97,150,140,93.33,45,1
SIM-00053,2025-12-10,2025-12-20,10.74,5,13.39,8.61,200,190,95.0,60,1
SIM-00054,2025-05-15,2025-12-20,11.38,5,14.22,8.91,50,35,70.0,15,1
SIM-00054,2025-07-27,2025-12-20,11.05,5,13.58,7.99,100,65,65.0,30,1
SIM-00054,2025-10-08,2025-12-20,13.2,5,17.25,10.1,150,95,63.33,45,1
SIM-00054,2025-12-10,2025-12-20,12.75,5,16.71,8.84,200,145,72.5,60,1
SIM-00055,2025-05-15,2025-12-20,11.87,5,13.21,9.72,50,30,60.0,15,1
SIM-00055,2025-07-27,2025-12-20,11.39,5,15.4,9.6,100,55,55.0,30,1
SIM-00055,2025-10-08,2025-12-20,11.74,5,16.27,8.21,150,90,60.0,45,1
SIM-00055,2025-12-10,2025-12-20,11.76,5,17.07,5.62,200,105,52.5,60,1
SIM-00056,2025-05-15,2025-12-20,11.92,5,13.33,10.75,50,30,60.0,15,1
SIM-00056,2025-07-27,2025-12-20,12.63,5,16.64,8.55,100,60,60.0,30,1
SIM-00056,2025-10-08,2025-12-20,12.11,5,17.31,6.48,150,90,60.0,45,1
SIM-00056,2025-12-10,2025-12-20,14.93,5,19.17,9.31,200,115,57.5,60,1
SIM-00057,2025-05-15,2025-12-20,11.26,5,13.28,9.66,50,35,70.0,15,1
SIM-00057,2025-07-27,2025-12-20,12.53,5,15.08,9.97,100,70,70.0,30,1
SIM-00057,2025-10-08,2025-12-20,12.83,5,15.34,9.46,150,105,70.0,45,1
SIM-00057,2025-12-10,2025-12-20,13.23,5,20.0,8.1,200,130,65.0,60,1
SIM-00058,2025-05-15,2025-12-20,11.81,5,15.49,9.16,50,25,50.0,15,1
SIM-00058,2025-07-27,2025-12-20,10.69,5,13.73,8.28,100,55,55.0,30,1
SIM-00058,2025-10-08,2025-12-20,9.68,5,11.85,8.17,150,80,53.33,45,1
SIM-00058,2025-12-10,2025-12-20,9.14,5,12.93,6.22,200,115,57.5,60,1
SIM-00059,2025-05-15,2025-12-20,11.8,5,14.44,9.9,50,40,80.0,15,1
SIM-00059,2025-07-27,2025-12-20,11.97,5,12.91,11.16,100,90,90.0,30,1
SIM-00059,2025-10-08,2025-12-20,11.93,5,15.38,6.96,150,135,90.0,45,1
SIM-00059,2025-12-10,2025-12-20,13.63,5,17.1,10.94,200,165,82.5,60,1
SIM-00060,2025-05-15,2025-12-20,11.83,5,15.52,9.43,50,40,80.0,15,1
SIM-00060,2025-07-27,2025-12-20,9.05,5,11.1,6.19,100,80,80.0,30,1
SIM-00060,2025-10-08,2025-12-20,11.13,5,14.99,6.36,150,125,83.33,45,1
SIM-00060,2025-12-10,2025-12-20,11.34,5,16.03,0.0,200,170,85.0,60,1
SIM-00061,2025-05-15,2025-12-20,12.23,5,14.31,10.22,50,45,90.0,15,0
SIM-00061,2025-07-27,2025-12-20,12.78,5,14.61,10.55,100,90,90.0,30,0
SIM-00061,2025-10-08,2025-12-20,13.02,5,17.34,7.26,150,130,86.67,45,0
SIM-00061,2025-12-10,2025-12-20,12.98,5,17.82,8.24,200,170,85.0,60,0
SIM-00062,2025-05-15,2025-12-20,10.42,5,12.62,8.72,50,40,80.0,15,1
SIM-00062,2025-07-27,2025-12-20,12.12,5,13.23,10.96,100,70,70.0,30,1
SIM-00062,2025-10-08,2025-12-20,12.29,5,15.93,9.7,150,115,76.67,45,1
SIM-00062,2025-12-10,2025-12-20,12.53,5,16.07,8.89,200,155,77.5,60,1
SIM-00063,2025-05-15,2025-12-20,9.8,5,13.0,7.6,50,45,90.0,15,1
SIM-00063,2025-07-27,2025-12-20,9.43,5,12.76,7.03,100,95,95.0,30,1
SIM-00063,2025-10-08,2025-12-20,11.41,5,13.32,8.39,150,130,86.67,45,1
SIM-00063,2025-12-10,2025-12-20,11.66,5,14.3,10.28,200,155,77.5,60,1
SIM-00064,2025-05-15,2025-12-20,11.27,5,13.48,10.23,50,35,70.0,15,1
SIM-00064,2025-07-27,2025-12-20,10.86,5,14.12,8.9,100,70,70.0,30,1
SIM-00064,2025-10-08,2025-12-20,9.37,5,11.9,7.46,150,100,66.67,45,1
SIM-00064,2025-12-10,2025-12-20,9.8,5,16.14,4.49,200,135,67.5,60,1
SIM-00065,2025-05-15,2025-12-20,11.57,5,15.67,9.14,50,40,80.0,15,0
SIM-00065,2025-07-27,2025-12-20,13.19,5,14.77,10.92,100,80,80.0,30,0
SIM-00065,2025-10-08,2025-12-20,12.9,5,18.44,9.21,150,120,80.0,45,0
SIM-00065,2025-12-10,2025-12-20,14.33,5,19.08,11.76,200,160,80.0,60,0
SIM-00066,2025-05-15,2025-12-20,12.4,5,14.1,9.8,50,45,90.0,15,0
SIM-00066,2025-07-27,2025-12-20,14.07,5,16.33,12.32,100,80,80.0,30,0
SIM-00066,2025-10-08,2025-12-20,15.61,5,17.56,13.71,150,115,76.67,45,0
SIM-00066,2025-12-10,2025-12-20,15.18,5,20.0,9.56,200,165,82.5,60,0
SIM-00067,2025-05-15,2025-12-20,12.8,5,16.73,9.39,50,45,90.0,15,0
SIM-00067,2025-07-27,2025-12-20,13.49,5,15.51,11.42,100,90,90.0,30,0
SIM-00067,2025-10-08,2025-12-20,13.35,5,16.58,8.36,150,135,90.0,45,0
SIM-00067,2025-12-10,2025-12-20,16.81,5,20.0,13.11,200,175,87.5,60,0
SIM-00068,2025-05-15,2025-12-20,11.3,5,12.61,9.52,50,50,100.0,15,1
SIM-00068,2025-07-27,2025-12-20,8.81,5,11.15,5.49,100,90,90.0,30,1
SIM-00068,2025-10-08,2025-12-20,10.19,5,13.35,6.89,150,125,83.33,45,1
SIM-00068,2025-12-10,2025-12-20,10.17,5,12.02,7.85,200,175,87.5,60,1
SIM-00069,2025-05-15,2025-12-20,11.46,5,14.18,8.39,50,40,80.0,15,1
SIM-00069,2025-07-27,2025-12-20,8.6,5,10.72,5.09,100,80,80.0,30,1
SIM-00069,2025-10-08,2025-12-20,9.12,5,11.48,6.81,150,105,70.0,45,1
SIM-00069,2025-12-10,2025-12-20,8.97,5,12.82,6.57,200,155,77.5,60,1
SIM-00070,2025-05-15,2025-12-20,10.88,5,13.23,7.56,50,45,90.0,15,1
SIM-00070,2025-07-27,2025-12-20,10.26,5,11.89,9.14,100,95,95.0,30,1
SIM-00070,2025-10-08,2025-12-20,10.61,5,11.6,8.73,150,135,90.0,45,1
SIM-00070,2025-12-10,2025-12-20,10.63,5,12.56,7.37,200,185,92.5,60,1
SIM-00071,2025-05-15,2025-12-20,13.9,5,16.19,11.91,50,40,80.0,15,0
SIM-00071,2025-07-27,2025-12-20,11.85,5,14.07,7.93,100,80,80.0,30,0
SIM-00071,2025-10-08,2025-12-20,13.31,5,16.4,10.87,150,125,83.33,45,0
SIM-00071,2025-12-10,2025-12-20,15.32,5,17.95,13.98,200,160,80.0,60,0
SIM-00072,2025-05-15,2025-12-20,11.31,5,14.85,7.84,50,30,60.0,15,1
SIM-00072,2025-07-27,2025-12-20,10.27,5,11.99,8.89,100,65,65.0,30,1
SIM-00072,2025-10-08,2025-12-20,10.71,5,13.0,9.09,150,90,60.0,45,1
SIM-00072,2025-12-10,2025-12-20,9.89,5,12.01,8.04,200,120,60.0,60,1
SIM-00073,2025-05-15,2025-12-20,11.6,5,13.69,8.65,50,25,50.0,15,1
SIM-00073,2025-07-27,2025-12-20,11.58,5,14.08,7.33,100,55,55.0,30,1
SIM-00073,2025-10-08,2025-12-20,13.2,5,16.11,10.81,150,80,53.33,45,1
SIM-00073,2025-12-10,2025-12-20,15.52,5,20.0,11.75,200,90,45.0,60,1
SIM-00074,2025-05-15,2025-12-20,12.6,5,13.99,9.68,50,45,90.0,15,1
SIM-00074,2025-07-27,2025-12-20,12.39,5,13.87,10.1,100,100,100.0,30,1
SIM-00074,2025-10-08,2025-12-20,14.67,5,17.81,9.31,150,135,90.0,45,1
SIM-00074,2025-12-10,2025-12-20,14.55,5,20.0,9.29,200,185,92.5,60,1
SIM-00075,2025-05-15,2025-12-20,11.72,5,14.9,9.36,50,40,80.0,15,1
SIM-00075,2025-07-27,2025-12-20,12.01,5,13.51,9.91,100,80,80.0,30,1
SIM-00075,2025-10-08,2025-12-20,10.8,5,14.54,8.99,150,130,86.67,45,1
SIM-00075,2025-12-10,2025-12-20,13.37,5,17.82,8.86,200,160,80.0,60,1
SIM-00076,2025-05-15,2025-12-20,12.53,5,15.25,9.93,50,50,100.0,15,0
SIM-00076,2025-07-27,2025-12-20,16.96,5,18.99,14.65,100,100,100.0,30,0
SIM-00076,2025-10-08,2025-12-20,17.27,5,17.8,16.19,150,140,93.33,45,0
SIM-00076,2025-12-10,2025-12-20,18.39,5,20.0,15.51,200,190,95.0,60,0
SIM-00077,2025-05-15,2025-12-20,9.79,5,11.91,6.48,50,35,70.0,15,1
SIM-00077,2025-07-27,2025-12-20,11.3,5,14.19,8.71,100,65,65.0,30,1
SIM-00077,2025-10-08,2025-12-20,10.23,5,14.32,7.97,150,100,66.67,45,1
SIM-00077,2025-12-10,2025-12-20,10.68,5,17.37,5.93,200,135,67.5,60,1
SIM-00078,2025-05-15,2025-12-20,12.1,5,14.96,7.21,50,35,70.0,15,0
SIM-00078,2025-07-27,2025-12-20,12.4,5,15.23,11.25,100,65,65.0,30,0
SIM-00078,2025-10-08,2025-12-20,12.71,5,15.38,10.25,150,90,60.0,45,0
SIM-00078,2025-12-10,2025-12-20,12.78,5,20.0,7.05,200,125,62.5,60,0
SIM-00079,2025-05-15,2025-12-20,12.31,5,15.23,10.45,50,40,80.0,15,1
SIM-00079,2025-07-27,2025-12-20,11.73,5,13.87,9.88,100,85,85.0,30,1
SIM-00079,2025-10-08,2025-12-20,12.7,5,16.25,7.13,150,115,76.67,45,1
SIM-00079,2025-12-10,2025-12-20,13.26,5,17.69,8.2,200,160,80.0,60,1
SIM-00080,2025-05-15,2025-12-20,10.78,5,13.33,8.01,50,20,40.0,15,1
SIM-00080,2025-07-27,2025-12-20,13.21,5,15.57,10.49,100,35,35.0,30,1
SIM-00080,2025-10-08,2025-12-20,14.01,5,16.35,10.24,150,50,33.33,45,1
SIM-00080,2025-12-10,2025-12-20,13.82,5,17.03,9.26,200,70,35.0,60,1
SIM-00081,2025-05-15,2025-12-20,10.78,5,12.77,8.54,50,25,50.0,15,1
SIM-00081,2025-07-27,2025-12-20,14.0,5,18.83,9.4,100,60,60.0,30,1
SIM-00081,2025-10-08,2025-12-20,12.54,5,13.18,11.6,150,90,60.0,45,1
SIM-00081,2025-12-10,2025-12-20,13.16,5,19.27,7.61,200,125,62.5,60,1
SIM-00082,2025-05-15,2025-12-20,11.19,5,14.47,8.73,50,35,70.0,15,1
SIM-00082,2025-07-27,2025-12-20,13.22,5,16.22,10.48,100,75,75.0,30,1
SIM-00082,2025-10-08,2025-12-20,13.94,5,17.53,10.22,150,105,70.0,45,1
SIM-00082,2025-12-10,2025-12-20,15.27,5,19.57,10.26,200,135,67.5,60,1
SIM-00083,2025-05-15,2025-12-20,10.11,5,13.32,8.02,50,30,60.0,15,1
SIM-00083,2025-07-27,2025-12-20,10.58,5,13.51,9.16,100,65,65.0,30,1
SIM-00083,2025-10-08,2025-12-20,11.74,5,13.6,9.41,150,90,60.0,45,1
SIM-00083,2025-12-10,2025-12-20,10.01,5,10.83,8.26,200,130,65.0,60,1
SIM-00084,2025-05-15,2025-12-20,10.2,5,12.0,7.25,50,35,70.0,15,1
SIM-00084,2025-07-27,2025-12-20,11.16,5,13.9,8.36,100,70,70.0,30,1
SIM-00084,2025-10-08,2025-12-20,13.27,5,16.52,10.46,150,110,73.33,45,1
SIM-00084,2025-12-10,2025-12-20,12.3,5,14.53,9.3,200,140,70.0,60,1
SIM-00085,2025-05-15,2025-12-20,11.86,5,15.48,8.82,50,45,90.0,15,1
SIM-00085,2025-07-27,2025-12-20,12.59,5,13.44,10.83,100,90,90.0,30,1
SIM-00085,2025-10-08,2025-12-20,12.21,5,17.7,8.23,150,135,90.0,45,1
SIM-00085,2025-12-10,2025-12-20,12.9,5,17.95,8.57,200,185,92.5,60,1
SIM-00086,2025-05-15,2025-12-20,10.97,5,12.42,9.82,50,35,70.0,15,1
SIM-00086,2025-07-27,2025-12-20,11.5,5,12.92,10.1,100,80,80.0,30,1
SIM-00086,2025-10-08,2025-12-20,10.27,5,12.98,8.05,150,120,80.0,45,1
SIM-00086,2025-12-10,2025-12-20,12.97,5,16.76,9.87,200,155,77.5,60,1
SIM-00087,2025-05-15,2025-12-20,11.48,5,14.52,8.89,50,45,90.0,15,1
SIM-00087,2025-07-27,2025-12-20,11.97,5,13.6,10.07,100,95,95.0,30,1
SIM-00087,2025-10-08,2025-12-20,12.26,5,13.31,10.32,150,145,96.67,45,1
SIM-00087,2025-12-10,2025-12-20,12.31,5,14.84,9.57,200,190,95.0,60,1
SIM-00088,2025-05-15,2025-12-20,11.21,5,12.37,10.41,50,45,90.0,15,1
SIM-00088,2025-07-27,2025-12-20,11.04,5,15.55,6.83,100,90,90.0,30,1
SIM-00088,2025-10-08,2025-12-20,12.72,5,14.1,11.43,150,130,86.67,45,1
SIM-00088,2025-12-10,2025-12-20,12.16,5,15.89,7.98,200,165,82.5,60,1
SIM-00089,2025-05-15,2025-12-20,11.29,5,12.82,10.37,50,40,80.0,15,1
SIM-00089,2025-07-27,2025-12-20,11.68,5,13.15,10.26,100,70,70.0,30,1
SIM-00089,2025-10-08,2025-12-20,12.36,5,15.15,9.81,150,120,80.0,45,1
SIM-00089,2025-12-10,2025-12-20,14.89,5,18.49,10.76,200,150,75.0,60,1
SIM-00090,2025-05-15,2025-12-20,13.02,5,14.46,10.78,50,35,70.0,15,0
SIM-00090,2025-07-27,2025-12-20,13.07,5,15.11,10.12,100,80,80.0,30,0
SIM-00090,2025-10-08,2025-12-20,13.2,5,15.91,12.14,150,115,76.67,45,0
SIM-00090,2025-12-10,2025-12-20,12.62,5,15.33,9.09,200,155,77.5,60,0
SIM-00091,2025-05-15,2025-12-20,10.06,5,13.76,5.97,50,35,70.0,15,1
SIM-00091,2025-07-27,2025-12-20,9.86,5,13.8,6.66,100,70,70.0,30,1
SIM-00091,2025-10-08,2025-12-20,8.19,5,11.09,4.28,150,100,66.67,45,1
SIM-00091,2025-12-10,2025-12-20,6.54,5,8.7,4.48,200,130,65.0,60,1
SIM-00092,2025-05-15,2025-12-20,10.71,5,12.57,8.44,50,40,80.0,15,1
SIM-00092,2025-07-27,2025-12-20,13.82,5,17.73,9.57,100,85,85.0,30,1
SIM-00092,2025-10-08,2025-12-20,14.19,5,15.44,13.11,150,135,90.0,45,1
SIM-00092,2025-12-10,2025-12-20,14.06,5,19.3,8.46,200,180,90.0,60,1
SIM-00093,2025-05-15,2025-12-20,12.26,5,13.74,9.87,50,40,80.0,15,0
SIM-00093,2025-07-27,2025-12-20,10.93,5,13.14,9.57,100,80,80.0,30,0
SIM-00093,2025-10-08,2025-12-20,13.93,5,17.13,11.4,150,110,73.33,45,0
SIM-00093,2025-12-10,2025-12-20,12.91,5,17.39,9.09,200,155,77.5,60,0
SIM-00094,2025-05-15,2025-12-20,12.29,5,16.25,10.17,50,30,60.0,15,0
SIM-00094,2025-07-27,2025-12-20,13.99,5,18.7,10.45,100,60,60.0,30,0
SIM-00094,2025-10-08,2025-12-20,14.28,5,16.96,11.8,150,85,56.67,45,0
SIM-00094,2025-12-10,2025-12-20,18.01,5,20.0,15.49,200,100,50.0,60,0
SIM-00095,2025-05-15,2025-12-20,11.75,5,13.52,8.88,50,45,90.0,15,0
SIM-00095,2025-07-27,2025-12-20,15.17,5,16.83,13.02,100,90,90.0,30,0
SIM-00095,2025-10-08,2025-12-20,16.38,5,18.07,15.23,150,130,86.67,45,0
SIM-00095,2025-12-10,2025-12-20,17.6,5,20.0,14.36,200,170,85.0,60,0
SIM-00096,2025-05-15,2025-12-20,10.93,5,13.17,8.38,50,45,90.0,15,1
SIM-00096,2025-07-27,2025-12-20,9.62,5,12.18,5.09,100,90,90.0,30,1
SIM-00096,2025-10-08,2025-12-20,8.94,5,12.95,5.55,150,125,83.33,45,1
SIM-00096,2025-12-10,2025-12-20,7.34,5,11.02,4.62,200,170,85.0,60,1
SIM-00097,2025-05-15,2025-12-20,10.22,5,12.98,7.32,50,40,80.0,15,1
SIM-00097,2025-07-27,2025-12-20,11.19,5,12.65,8.77,100,75,75.0,30,1
SIM-00097,2025-10-08,2025-12-20,8.83,5,11.54,5.47,150,115,76.67,45,1
SIM-00097,2025-12-10,2025-12-20,9.13,5,11.7,5.74,200,155,77.5,60,1
SIM-00098,2025-05-15,2025-12-20,11.17,5,13.3,9.22,50,40,80.0,15,1
SIM-00098,2025-07-27,2025-12-20,10.81,5,14.1,7.65,100,85,85.0,30,1
SIM-00098,2025-10-08,2025-12-20,10.25,5,13.39,6.76,150,135,90.0,45,1
SIM-00098,2025-12-10,2025-12-20,10.79,5,15.63,7.17,200,170,85.0,60,1
SIM-00099,2025-05-15,2025-12-20,12.03,5,13.97,10.1,50,35,70.0,15,1
SIM-00099,2025-07-27,2025-12-20,8.97,5,12.65,5.87,100,75,75.0,30,1
SIM-00099,2025-10-08,2025-12-20,10.19,5,14.17,7.49,150,110,73.33,45,1
SIM-00099,2025-12-10,2025-12-20,9.57,5,14.03,5.37,200,160,80.0,60,1
SIM-00100,2025-05-15,2025-12-20,10.83,5,13.67,7.9,50,40,80.0,15,0
SIM-00100,2025-07-27,2025-12-20,11.08,5,13.51,8.17,100,80,80.0,30,0
SIM-00100,2025-10-08,2025-12-20,13.28,5,19.0,9.99,150,120,80.0,45,0
SIM-00100,2025-12-10,2025-12-20,13.44,5,15.57,9.53,200,150,75.0,60,0
SIM-00101,2025-05-15,2025-12-20,11.91,5,13.51,10.16,50,45,90.0,15,1
SIM-00101,2025-07-27,2025-12-20,9.41,5,12.02,6.9,100,95,95.0,30,1
SIM-00101,2025-10-08,2025-12-20,9.46,5,12.54,2.82,150,140,93.33,45,1
SIM-00101,2025-12-10,2025-12-20,9.01,5,13.97,4.04,200,180,90.0,60,1
SIM-00102,2025-05-15,2025-12-20,12.81,5,15.63,10.85,50,50,100.0,15,0
SIM-00102,2025-07-27,2025-12-20,11.74,5,12.52,11.1,100,90,90.0,30,0
SIM-00102,2025-10-08,2025-12-20,12.62,5,15.01,10.34,150,150,100.0,45,0
SIM-00102,2025-12-10,2025-12-20,13.62,5,16.23,9.36,200,185,92.5,60,0
SIM-00103,2025-05-15,2025-12-20,10.41,5,11.99,8.32,50,40,80.0,15,1
SIM-00103,2025-07-27,2025-12-20,9.34,5,13.16,7.35,100,85,85.0,30,1
SIM-00103,2025-10-08,2025-12-20,8.39,5,12.04,5.07,150,110,73.33,45,1
SIM-00103,2025-12-10,2025-12-20,9.6,5,13.12,8.17,200,150,75.0,60,1
SIM-00104,2025-05-15,2025-12-20,14.14,5,15.83,11.34,50,35,70.0,15,0
SIM-00104,2025-07-27,2025-12-20,15.57,5,17.79,12.69,100,70,70.0,30,0
SIM-00104,2025-10-08,2025-12-20,17.07,5,18.86,13.8,150,105,70.0,45,0
SIM-00104,2025-12-10,2025-12-20,18.83,5,20.0,17.17,200,140,70.0,60,0
SIM-00105,2025-05-15,2025-12-20,11.16,5,13.8,9.6,50,45,90.0,15,0
SIM-00105,2025-07-27,2025-12-20,13.64,5,15.51,11.01,100,90,90.0,30,0
SIM-00105,2025-10-08,2025-12-20,15.91,5,19.99,9.59,150,135,90.0,45,0
SIM-00105,2025-12-10,2025-12-20,15.47,5,18.15,11.55,200,180,90.0,60,0
SIM-00106,2025-05-15,2025-12-20,12.42,5,14.31,11.0,50,45,90.0,15,0
SIM-00106,2025-07-27,2025-12-20,12.93,5,15.93,9.56,100,95,95.0,30,0
SIM-00106,2025-10-08,2025-12-20,14.36,5,15.53,12.28,150,130,86.67,45,0
SIM-00106,2025-12-10,2025-12-20,15.54,5,17.23,11.66,200,180,90.0,60,0
SIM-00107,2025-05-15,2025-12-20,12.01,5,13.67,10.38,50,25,50.0,15,0
SIM-00107,2025-07-27,2025-12-20,12.51,5,14.4,10.29,100,55,55.0,30,0
SIM-00107,2025-10-08,2025-12-20,13.83,5,18.19,8.03,150,80,53.33,45,0
SIM-00107,2025-12-10,2025-12-20,16.7,5,18.69,14.45,200,120,60.0,60,0
SIM-00108,2025-05-15,2025-12-20,11.93,5,13.48,10.97,50,40,80.0,15,0
SIM-00108,2025-07-27,2025-12-20,14.05,5,16.66,11.58,100,75,75.0,30,0
SIM-00108,2025-10-08,2025-12-20,14.94,5,17.24,12.98,150,115,76.67,45,0
SIM-00108,2025-12-10,2025-12-20,16.78,5,20.0,13.81,200,145,72.5,60,0
SIM-00109,2025-05-15,2025-12-20,13.56,5,14.6,12.2,50,30,60.0,15,0
SIM-00109,2025-07-27,2025-12-20,12.25,5,13.15,10.93,100,65,65.0,30,0
SIM-00109,2025-10-08,2025-12-20,14.61,5,16.93,10.25,150,95,63.33,45,0
SIM-00109,2025-12-10,2025-12-20,15.3,5,17.62,12.03,200,115,57.5,60,0
SIM-00110,2025-05-15,2025-12-20,10.66,5,13.85,8.94,50,50,100.0,15,1
SIM-00110,2025-07-27,2025-12-20,12.27,5,13.83,11.31,100,95,95.0,30,1
SIM-00110,2025-10-08,2025-12-20,10.57,5,11.47,8.77,150,145,96.67,45,1
SIM-00110,2025-12-10,2025-12-20,8.6,5,11.34,5.71,200,190,95.0,60,1
SIM-00111,2025-05-15,2025-12-20,11.1,5,12.47,9.73,50,35,70.0,15,1
SIM-00111,2025-07-27,2025-12-20,9.55,5,12.25,4.62,100,75,75.0,30,1
SIM-00111,2025-10-08,2025-12-20,11.44,5,12.84,10.11,150,110,73.33,45,1
SIM-00111,2025-12-10,2025-12-20,11.36,5,13.15,8.98,200,145,72.5,60,1
SIM-00112,2025-05-15,2025-12-20,12.48,5,14.61,10.65,50,40,80.0,15,1
SIM-00112,2025-07-27,2025-12-20,10.46,5,14.12,7.5,100,80,80.0,30,1
SIM-00112,2025-10-08,2025-12-20,11.0,5,14.65,8.06,150,115,76.67,45,1
SIM-00112,2025-12-10,2025-12-20,10.45,5,13.61,9.36,200,155,77.5,60,1
SIM-00113,2025-05-15,2025-12-20,11.31,5,14.58,8.84,50,30,60.0,15,1
SIM-00113,2025-07-27,2025-12-20,10.11,5,14.16,6.61,100,50,50.0,30,1
SIM-00113,2025-10-08,2025-12-20,12.24,5,15.89,10.18,150,80,53.33,45,1
SIM-00113,2025-12-10,2025-12-20,11.23,5,15.72,7.95,200,110,55.0,60,1
SIM-00114,2025-05-15,2025-12-20,9.66,5,13.64,6.91,50,45,90.0,15,1
SIM-00114,2025-07-27,2025-12-20,11.57,5,13.67,7.92,100,90,90.0,30,1
SIM-00114,2025-10-08,2025-12-20,12.45,5,18.73,6.1,150,135,90.0,45,1
SIM-00114,2025-12-10,2025-12-20,13.05,5,17.5,7.99,200,190,95.0,60,1
SIM-00115,2025-05-15,2025-12-20,13.03,5,14.27,11.28,50,30,60.0,15,0
SIM-00115,2025-07-27,2025-12-20,14.7,5,18.4,11.89,100,55,55.0,30,0
SIM-00115,2025-10-08,2025-12-20,17.28,5,20.0,15.3,150,90,60.0,45,0
SIM-00115,2025-12-10,2025-12-20,18.5,5,20.0,16.28,200,125,62.5,60,0
SIM-00116,2025-05-15,2025-12-20,9.58,5,13.68,6.57,50,40,80.0,15,1
SIM-00116,2025-07-27,2025-12-20,9.64,5,13.86,6.24,100,70,70.0,30,1
SIM-00116,2025-10-08,2025-12-20,8.06,5,11.38,5.34,150,110,73.33,45,1
SIM-00116,2025-12-10,2025-12-20,6.31,5,12.92,3.58,200,160,80.0,60,1
SIM-00117,2025-05-15,2025-12-20,9.94,5,13.23,8.59,50,35,70.0,15,1
SIM-00117,2025-07-27,2025-12-20,8.79,5,12.58,4.83,100,65,65.0,30,1
SIM-00117,2025-10-08,2025-12-20,9.34,5,12.73,6.36,150,100,66.67,45,1
SIM-00117,2025-12-10,2025-12-20,7.96,5,13.02,2.74,200,135,67.5,60,1
SIM-00118,2025-05-15,2025-12-20,11.13,5,12.64,8.75,50,45,90.0,15,1
SIM-00118,2025-07-27,2025-12-20,11.55,5,14.41,9.46,100,90,90.0,30,1
SIM-00118,2025-10-08,2025-12-20,11.51,5,14.72,8.7,150,140,93.33,45,1
SIM-00118,2025-12-10,2025-12-20,11.65,5,13.79,10.25,200,195,97.5,60,1
SIM-00119,2025-05-15,2025-12-20,10.67,5,13.65,6.14,50,40,80.0,15,1
SIM-00119,2025-07-27,2025-12-20,11.7,5,15.06,9.61,100,80,80.0,30,1
SIM-00119,2025-10-08,2025-12-20,8.72,5,12.64,5.6,150,120,80.0,45,1
SIM-00119,2025-12-10,2025-12-20,7.11,5,10.19,5.06,200,150,75.0,60,1
SIM-00120,2025-05-15,2025-12-20,9.23,5,10.0,8.47,50,35,70.0,15,1
SIM-00120,2025-07-27,2025-12-20,10.21,5,13.66,7.27,100,85,85.0,30,1
SIM-00120,2025-10-08,2025-12-20,8.78,5,10.76,7.21,150,105,70.0,45,1
SIM-00120,2025-12-10,2025-12-20,7.85,5,9.6,6.52,200,150,75.0,60,1
SIM-00121,2025-05-15,2025-12-20,11.52,5,15.94,8.34,50,40,80.0,15,1
SIM-00121,2025-07-27,2025-12-20,9.67,5,13.12,7.27,100,75,75.0,30,1
SIM-00121,2025-10-08,2025-12-20,11.25,5,13.24,7.5,150,120,80.0,45,1
SIM-00121,2025-12-10,2025-12-20,10.57,5,11.56,9.58,200,150,75.0,60,1
SIM-00122,2025-05-15,2025-12-20,10.98,5,14.35,7.75,50,35,70.0,15,1
SIM-00122,2025-07-27,2025-12-20,10.57,5,12.02,9.18,100,80,80.0,30,1
SIM-00122,2025-10-08,2025-12-20,11.19,5,14.45,8.53,150,95,63.33,45,1
SIM-00122,2025-12-10,2025-12-20,9.06,5,11.23,6.16,200,145,72.5,60,1
SIM-00123,2025-05-15,2025-12-20,12.19,5,13.41,11.01,50,45,90.0,15,1
SIM-00123,2025-07-27,2025-12-20,12.13,5,15.72,8.59,100,95,95.0,30,1
SIM-00123,2025-10-08,2025-12-20,14.92,5,18.91,8.26,150,135,90.0,45,1
SIM-00123,2025-12-10,2025-12-20,13.93,5,20.0,7.49,200,190,95.0,60,1
SIM-00124,2025-05-15,2025-12-20,11.97,5,13.29,11.09,50,35,70.0,15,0
SIM-00124,2025-07-27,2025-12-20,11.91,5,13.9,9.84,100,75,75.0,30,0
SIM-00124,2025-10-08,2025-12-20,14.51,5,19.65,9.5,150,115,76.67,45,0
SIM-00124,2025-12-10,2025-12-20,14.37,5,17.26,11.31,200,145,72.5,60,0
SIM-00125,2025-05-15,2025-12-20,14.02,5,16.34,12.46,50,40,80.0,15,0
SIM-00125,2025-07-27,2025-12-20,15.51,5,17.01,13.28,100,75,75.0,30,0
SIM-00125,2025-10-08,2025-12-20,17.85,5,19.91,15.48,150,120,80.0,45,0
SIM-00125,2025-12-10,2025-12-20,18.23,5,20.0,16.61,200,155,77.5,60,0
SIM-00126,2025-05-15,2025-12-20,11.97,5,14.37,10.3,50,50,100.0,15,0
SIM-00126,2025-07-27,2025-12-20,13.58,5,15.36,12.22,100,100,100.0,30,0
SIM-00126,2025-10-08,2025-12-20,15.37,5,19.36,12.1,150,150,100.0,45,0
SIM-00126,2025-12-10,2025-12-20,17.15,5,20.0,11.86,200,195,97.5,60,0
SIM-00127,2025-05-15,2025-12-20,10.66,5,12.83,7.81,50,35,70.0,15,1
SIM-00127,2025-07-27,2025-12-20,11.15,5,13.03,8.33,100,75,75.0,30,1
SIM-00127,2025-10-08,2025-12-20,11.13,5,14.69,8.09,150,110,73.33,45,1
SIM-00127,2025-12-10,2025-12-20,11.88,5,14.71,9.96,200,140,70.0,60,1
SIM-00128,2025-05-15,2025-12-20,10.97,5,12.6,9.22,50,35,70.0,15,1
SIM-00128,2025-07-27,2025-12-20,10.46,5,11.73,8.62,100,70,70.0,30,1
SIM-00128,2025-10-08,2025-12-20,9.91,5,12.86,6.9,150,120,80.0,45,1
SIM-00128,2025-12-10,2025-12-20,8.31,5,16.26,3.44,200,155,77.5,60,1
SIM-00129,2025-05-15,2025-12-20,11.42,5,13.0,9.09,50,45,90.0,15,1
SIM-00129,2025-07-27,2025-12-20,10.49,5,12.3,8.09,100,85,85.0,30,1
SIM-00129,2025-10-08,2025-12-20,11.8,5,14.79,8.62,150,140,93.33,45,1
SIM-00129,2025-12-10,2025-12-20,10.13,5,12.19,5.23,200,165,82.5,60,1
SIM-00130,2025-05-15,2025-12-20,11.11,5,12.68,9.1,50,20,40.0,15,1
SIM-00130,2025-07-27,2025-12-20,12.38,5,15.06,10.17,100,40,40.0,30,1
SIM-00130,2025-10-08,2025-12-20,11.05,5,14.84,7.87,150,65,43.33,45,1
SIM-00130,2025-12-10,2025-12-20,13.63,5,17.93,11.19,200,90,45.0,60,1
SIM-00131,2025-05-15,2025-12-20,11.24,5,11.93,10.5,50,35,70.0,15,0
SIM-00131,2025-07-27,2025-12-20,12.37,5,14.22,10.83,100,65,65.0,30,0
SIM-00131,2025-10-08,2025-12-20,13.07,5,16.86,10.0,150,95,63.33,45,0
SIM-00131,2025-12-10,2025-12-20,14.67,5,18.13,10.94,200,135,67.5,60,0
SIM-00132,2025-05-15,2025-12-20,10.49,5,12.43,8.38,50,40,80.0,15,1
SIM-00132,2025-07-27,2025-12-20,11.22,5,13.09,9.08,100,85,85.0,30,1
SIM-00132,2025-10-08,2025-12-20,11.07,5,13.86,9.81,150,110,73.33,45,1
SIM-00132,2025-12-10,2025-12-20,10.94,5,13.36,9.72,200,170,85.0,60,1
SIM-00133,2025-05-15,2025-12-20,11.7,5,14.1,9.94,50,30,60.0,15,1
SIM-00133,2025-07-27,2025-12-20,11.18,5,15.37,7.65,100,60,60.0,30,1
SIM-00133,2025-10-08,2025-12-20,11.85,5,15.11,9.45,150,95,63.33,45,1
SIM-00133,2025-12-10,2025-12-20,13.66,5,17.95,10.49,200,120,60.0,60,1
SIM-00134,2025-05-15,2025-12-20,12.47,5,13.99,11.32,50,40,80.0,15,0
SIM-00134,2025-07-27,2025-12-20,11.18,5,13.52,9.94,100,85,85.0,30,0
SIM-00134,2025-10-08,2025-12-20,12.91,5,15.25,11.16,150,115,76.67,45,0
SIM-00134,2025-12-10,2025-12-20,12.86,5,14.0,11.63,200,160,80.0,60,0
SIM-00135,2025-05-15,2025-12-20,11.85,5,15.61,9.8,50,45,90.0,15,0
SIM-00135,2025-07-27,2025-12-20,12.68,5,15.09,9.6,100,85,85.0,30,0
SIM-00135,2025-10-08,2025-12-20,12.0,5,16.03,8.62,150,125,83.33,45,0
SIM-00135,2025-12-10,2025-12-20,14.61,5,16.29,13.17,200,165,82.5,60,0
SIM-00136,2025-05-15,2025-12-20,11.66,5,13.73,9.81,50,35,70.0,15,0
SIM-00136,2025-07-27,2025-12-20,13.52,5,15.92,12.08,100,65,65.0,30,0
SIM-00136,2025-10-08,2025-12-20,14.39,5,17.25,10.89,150,90,60.0,45,0
SIM-00136,2025-12-10,2025-12-20,15.0,5,19.93,9.64,200,140,70.0,60,0
SIM-00137,2025-05-15,2025-12-20,13.28,5,15.78,10.98,50,35,70.0,15,0
SIM-00137,2025-07-27,2025-12-20,15.34,5,18.01,13.23,100,70,70.0,30,0
SIM-00137,2025-10-08,2025-12-20,13.99,5,16.9,10.61,150,110,73.33,45,0
SIM-00137,2025-12-10,2025-12-20,14.62,5,20.0,10.92,200,145,72.5,60,0
SIM-00138,2025-05-15,2025-12-20,13.02,5,14.08,11.58,50,45,90.0,15,0
SIM-00138,2025-07-27,2025-12-20,14.58,5,19.68,7.5,100,85,85.0,30,0
SIM-00138,2025-10-08,2025-12-20,14.84,5,18.92,11.75,150,130,86.67,45,0
SIM-00138,2025-12-10,2025-12-20,18.11,5,20.0,12.83,200,185,92.5,60,0
SIM-00139,2025-05-15,2025-12-20,11.22,5,15.81,9.02,50,35,70.0,15,1
SIM-00139,2025-07-27,2025-12-20,14.06,5,15.54,10.58,100,75,75.0,30,1
SIM-00139,2025-10-08,2025-12-20,13.67,5,20.0,9.77,150,110,73.33,45,1
SIM-00139,2025-12-10,2025-12-20,13.86,5,18.52,8.48,200,145,72.5,60,1
SIM-00140,2025-05-15,2025-12-20,10.32,5,12.3,7.84,50,40,80.0,15,1
SIM-00140,2025-07-27,2025-12-20,11.29,5,13.08,8.42,100,75,75.0,30,1
SIM-00140,2025-10-08,2025-12-20,11.55,5,14.46,7.53,150,120,80.0,45,1
SIM-00140,2025-12-10,2025-12-20,11.84,5,17.74,4.43,200,170,85.0,60,1
SIM-00141,2025-05-15,2025-12-20,11.9,5,13.64,9.45,50,40,80.0,15,1
SIM-00141,2025-07-27,2025-12-20,10.93,5,15.69,8.54,100,80,80.0,30,1
SIM-00141,2025-10-08,2025-12-20,11.82,5,16.1,7.35,150,115,76.67,45,1
SIM-00141,2025-12-10,2025-12-20,11.39,5,19.62,6.51,200,170,85.0,60,1
SIM-00142,2025-05-15,2025-12-20,12.69,5,16.02,9.15,50,45,90.0,15,1
SIM-00142,2025-07-27,2025-12-20,11.64,5,14.19,10.08,100,85,85.0,30,1
SIM-00142,2025-10-08,2025-12-20,12.19,5,15.88,9.59,150,125,83.33,45,1
SIM-00142,2025-12-10,2025-12-20,12.25,5,14.22,10.34,200,195,97.5,60,1
SIM-00143,2025-05-15,2025-12-20,11.73,5,12.76,10.21,50,35,70.0,15,1
SIM-00143,2025-07-27,2025-12-20,10.91,5,13.27,9.21,100,65,65.0,30,1
SIM-00143,2025-10-08,2025-12-20,11.35,5,14.83,9.12,150,105,70.0,45,1
SIM-00143,2025-12-10,2025-12-20,11.54,5,16.01,6.81,200,135,67.5,60,1
SIM-00144,2025-05-15,2025-12-20,10.72,5,13.41,6.72,50,35,70.0,15,0
SIM-00144,2025-07-27,2025-12-20,12.08,5,13.88,10.79,100,65,65.0,30,0
SIM-00144,2025-10-08,2025-12-20,14.18,5,18.43,11.43,150,110,73.33,45,0
SIM-00144,2025-12-10,2025-12-20,13.85,5,16.12,11.36,200,120,60.0,60,0
SIM-00145,2025-05-15,2025-12-20,10.09,5,12.43,7.19,50,45,90.0,15,1
SIM-00145,2025-07-27,2025-12-20,10.56,5,12.04,8.82,100,90,90.0,30,1
SIM-00145,2025-10-08,2025-12-20,9.55,5,11.14,7.36,150,125,83.33,45,1
SIM-00145,2025-12-10,2025-12-20,9.18,5,11.15,7.9,200,180,90.0,60,1
SIM-00146,2025-05-15,2025-12-20,11.6,5,12.7,9.87,50,40,80.0,15,1
SIM-00146,2025-07-27,2025-12-20,11.28,5,14.18,9.28,100,80,80.0,30,1
SIM-00146,2025-10-08,2025-12-20,13.04,5,16.0,9.77,150,110,73.33,45,1
SIM-00146,2025-12-10,2025-12-20,13.15,5,16.62,9.94,200,165,82.5,60,1
SIM-00147,2025-05-15,2025-12-20,11.55,5,13.22,8.76,50,50,100.0,15,1
SIM-00147,2025-07-27,2025-12-20,12.21,5,13.68,11.07,100,95,95.0,30,1
SIM-00147,2025-10-08,2025-12-20,10.47,5,13.57,7.59,150,150,100.0,45,1
SIM-00147,2025-12-10,2025-12-20,8.79,5,13.13,6.32,200,195,97.5,60,1
SIM-00148,2025-05-15,2025-12-20,12.76,5,14.8,11.32,50,45,90.0,15,0
SIM-00148,2025-07-27,2025-12-20,13.01,5,14.81,11.6,100,90,90.0,30,0
SIM-00148,2025-10-08,2025-12-20,14.98,5,16.69,11.06,150,130,86.67,45,0
SIM-00148,2025-12-10,2025-12-20,16.41,5,20.0,13.74,200,180,90.0,60,0
SIM-00149,2025-05-15,2025-12-20,11.59,5,12.29,10.8,50,40,80.0,15,0
SIM-00149,2025-07-27,2025-12-20,13.16,5,15.41,10.55,100,80,80.0,30,0
SIM-00149,2025-10-08,2025-12-20,12.08,5,13.8,8.78,150,95,63.33,45,0
SIM-00149,2025-12-10,2025-12-20,13.58,5,15.67,9.27,200,135,67.5,60,0
SIM-00150,2025-05-15,2025-12-20,11.69,5,12.9,10.3,50,35,70.0,15,0
SIM-00150,2025-07-27,2025-12-20,13.15,5,16.74,11.26,100,70,70.0,30,0
SIM-00150,2025-10-08,2025-12-20,14.11,5,15.59,11.49,150,105,70.0,45,0
SIM-00150,2025-12-10,2025-12-20,15.15,5,19.01,12.36,200,140,70.0,60,0
SIM-00151,2025-05-15,2025-12-20,10.94,5,14.71,7.75,50,30,60.0,15,1
SIM-00151,2025-07-27,2025-12-20,10.56,5,13.49,6.12,100,75,75.0,30,1
SIM-00151,2025-10-08,2025-12-20,11.93,5,14.68,10.34,150,100,66.67,45,1
SIM-00151,2025-12-10,2025-12-20,11.43,5,14.69,8.75,200,140,70.0,60,1
SIM-00152,2025-05-15,2025-12-20,10.5,5,11.85,7.1,50,40,80.0,15,1
SIM-00152,2025-07-27,2025-12-20,9.82,5,12.09,7.42,100,80,80.0,30,1
SIM-00152,2025-10-08,2025-12-20,10.1,5,13.49,7.02,150,115,76.67,45,1
SIM-00152,2025-12-10,2025-12-20,10.14,5,14.27,6.39,200,160,80.0,60,1
SIM-00153,2025-05-15,2025-12-20,12.05,5,13.14,10.25,50,45,90.0,15,1
SIM-00153,2025-07-27,2025-12-20,13.13,5,14.72,11.56,100,80,80.0,30,1
SIM-00153,2025-10-08,2025-12-20,11.74,5,16.36,8.7,150,130,86.67,45,1
SIM-00153,2025-12-10,2025-12-20,10.93,5,14.86,7.69,200,175,87.5,60,1
SIM-00154,2025-05-15,2025-12-20,12.97,5,14.6,11.44,50,35,70.0,15,0
SIM-00154,2025-07-27,2025-12-20,13.25,5,17.15,9.94,100,80,80.0,30,0
SIM-00154,2025-10-08,2025-12-20,15.53,5,17.52,13.98,150,110,73.33,45,0
SIM-00154,2025-12-10,2025-12-20,15.89,5,19.62,11.14,200,160,80.0,60,0
SIM-00155,2025-05-15,2025-12-20,11.54,5,13.18,9.0,50,35,70.0,15,1
SIM-00155,2025-07-27,2025-12-20,12.37,5,14.99,10.34,100,65,65.0,30,1
SIM-00155,2025-10-08,2025-12-20,13.29,5,16.11,8.6,150,105,70.0,45,1
SIM-00155,2025-12-10,2025-12-20,12.6,5,16.31,10.34,200,150,75.0,60,1
SIM-00156,2025-05-15,2025-12-20,10.81,5,12.06,10.06,50,40,80.0,15,1
SIM-00156,2025-07-27,2025-12-20,8.98,5,10.26,7.03,100,75,75.0,30,1
SIM-00156,2025-10-08,2025-12-20,6.86,5,9.28,5.85,150,115,76.67,45,1
SIM-00156,2025-12-10,2025-12-20,7.38,5,10.77,4.25,200,150,75.0,60,1
SIM-00157,2025-05-15,2025-12-20,10.04,5,11.97,7.83,50,35,70.0,15,1
SIM-00157,2025-07-27,2025-12-20,9.79,5,12.13,8.43,100,65,65.0,30,1
SIM-00157,2025-10-08,2025-12-20,10.08,5,15.88,5.6,150,95,63.33,45,1
SIM-00157,2025-12-10,2025-12-20,9.91,5,13.75,4.65,200,135,67.5,60,1
SIM-00158,2025-05-15,2025-12-20,12.26,5,15.11,10.49,50,40,80.0,15,0
SIM-00158,2025-07-27,2025-12-20,12.09,5,14.25,9.45,100,85,85.0,30,0
SIM-00158,2025-10-08,2025-12-20,14.16,5,15.58,11.92,150,125,83.33,45,0
SIM-00158,2025-12-10,2025-12-20,14.81,5,17.54,13.12,200,175,87.5,60,0
SIM-00159,2025-05-15,2025-12-20,12.41,5,13.07,11.67,50,30,60.0,15,0
SIM-00159,2025-07-27,2025-12-20,12.8,5,15.89,10.49,100,60,60.0,30,0
SIM-00159,2025-10-08,2025-12-20,14.4,5,17.17,9.43,150,105,70.0,45,0
SIM-00159,2025-12-10,2025-12-20,15.65,5,19.04,12.78,200,120,60.0,60,0
SIM-00160,2025-05-15,2025-12-20,11.23,5,13.25,10.03,50,35,70.0,15,0
SIM-00160,2025-07-27,2025-12-20,11.88,5,16.35,10.04,100,75,75.0,30,0
SIM-00160,2025-10-08,2025-12-20,12.38,5,14.89,9.33,150,115,76.67,45,0
SIM-00160,2025-12-10,2025-12-20,12.84,5,13.88,11.62,200,160,80.0,60,0
SIM-00161,2025-05-15,2025-12-20,10.34,5,12.7,7.47,50,40,80.0,15,1
SIM-00161,2025-07-27,2025-12-20,12.32,5,14.02,9.95,100,80,80.0,30,1
SIM-00161,2025-10-08,2025-12-20,9.82,5,12.33,5.54,150,120,80.0,45,1
SIM-00161,2025-12-10,2025-12-20,11.22,5,17.0,8.02,200,160,80.0,60,1
SIM-00162,2025-05-15,2025-12-20,13.23,5,14.27,10.77,50,40,80.0,15,1
SIM-00162,2025-07-27,2025-12-20,13.06,5,14.52,11.09,100,65,65.0,30,1
SIM-00162,2025-10-08,2025-12-20,12.92,5,16.86,9.03,150,110,73.33,45,1
SIM-00162,2025-12-10,2025-12-20,14.4,5,19.63,9.85,200,130,65.0,60,1
SIM-00163,2025-05-15,2025-12-20,11.04,5,14.64,8.9,50,50,100.0,15,1
SIM-00163,2025-07-27,2025-12-20,10.89,5,14.77,7.64,100,85,85.0,30,1
SIM-00163,2025-10-08,2025-12-20,9.61,5,11.65,8.0,150,135,90.0,45,1
SIM-00163,2025-12-10,2025-12-20,10.59,5,16.69,7.17,200,200,100.0,60,1
SIM-00164,2025-05-15,2025-12-20,12.19,5,15.49,9.37,50,45,90.0,15,0
SIM-00164,2025-07-27,2025-12-20,13.93,5,16.23,9.05,100,90,90.0,30,0
SIM-00164,2025-10-08,2025-12-20,15.82,5,18.19,13.8,150,135,90.0,45,0
SIM-00164,2025-12-10,2025-12-20,15.53,5,19.87,10.22,200,180,90.0,60,0
SIM-00165,2025-05-15,2025-12-20,10.3,5,12.65,9.01,50,40,80.0,15,0
SIM-00165,2025-07-27,2025-12-20,11.54,5,12.53,10.33,100,80,80.0,30,0
SIM-00165,2025-10-08,2025-12-20,13.75,5,14.72,12.26,150,125,83.33,45,0
SIM-00165,2025-12-10,2025-12-20,13.34,5,16.39,11.34,200,185,92.5,60,0
SIM-00166,2025-05-15,2025-12-20,10.37,5,12.47,9.08,50,45,90.0,15,1
SIM-00166,2025-07-27,2025-12-20,9.6,5,12.54,4.95,100,90,90.0,30,1
SIM-00166,2025-10-08,2025-12-20,7.66,5,8.5,6.9,150,140,93.33,45,1
SIM-00166,2025-12-10,2025-12-20,9.03,5,12.87,2.93,200,160,80.0,60,1
SIM-00167,2025-05-15,2025-12-20,9.95,5,11.73,8.12,50,40,80.0,15,1
SIM-00167,2025-07-27,2025-12-20,11.42,5,11.91,10.65,100,80,80.0,30,1
SIM-00167,2025-10-08,2025-12-20,10.08,5,13.78,7.22,150,125,83.33,45,1
SIM-00167,2025-12-10,2025-12-20,9.37,5,11.75,6.0,200,160,80.0,60,1
SIM-00168,2025-05-15,2025-12-20,12.14,5,13.23,10.45,50,45,90.0,15,0
SIM-00168,2025-07-27,2025-12-20,13.63,5,16.64,11.13,100,95,95.0,30,0
SIM-00168,2025-10-08,2025-12-20,14.54,5,16.77,12.09,150,130,86.67,45,0
SIM-00168,2025-12-10,2025-12-20,16.69,5,20.0,14.62,200,170,85.0,60,0
SIM-00169,2025-05-15,2025-12-20,10.16,5,11.81,7.43,50,35,70.0,15,1
SIM-00169,2025-07-27,2025-12-20,11.15,5,15.67,7.58,100,65,65.0,30,1
SIM-00169,2025-10-08,2025-12-20,8.44,5,12.27,5.62,150,105,70.0,45,1
SIM-00169,2025-12-10,2025-12-20,7.26,5,10.39,4.74,200,135,67.5,60,1
SIM-00170,2025-05-15,2025-12-20,12.65,5,13.47,11.34,50,40,80.0,15,1
SIM-00170,2025-07-27,2025-12-20,11.45,5,15.14,8.56,100,80,80.0,30,1
SIM-00170,2025-10-08,2025-12-20,12.86,5,15.89,10.1,150,120,80.0,45,1
SIM-00170,2025-12-10,2025-12-20,13.28,5,16.6,8.27,200,165,82.5,60,1
SIM-00171,2025-05-15,2025-12-20,12.39,5,15.19,8.91,50,45,90.0,15,0
SIM-00171,2025-07-27,2025-12-20,15.94,5,17.01,14.88,100,90,90.0,30,0
SIM-00171,2025-10-08,2025-12-20,17.52,5,19.67,14.38,150,135,90.0,45,0
SIM-00171,2025-12-10,2025-12-20,18.2,5,19.61,14.67,200,175,87.5,60,0
SIM-00172,2025-05-15,2025-12-20,11.06,5,13.86,6.76,50,40,80.0,15,1
SIM-00172,2025-07-27,2025-12-20,11.86,5,14.38,8.81,100,80,80.0,30,1
SIM-00172,2025-10-08,2025-12-20,9.13,5,13.07,6.49,150,120,80.0,45,1
SIM-00172,2025-12-10,2025-12-20,10.51,5,14.37,4.64,200,165,82.5,60,1
SIM-00173,2025-05-15,2025-12-20,12.57,5,16.2,9.99,50,35,70.0,15,0
SIM-00173,2025-07-27,2025-12-20,12.78,5,14.26,11.92,100,80,80.0,30,0
SIM-00173,2025-10-08,2025-12-20,13.09,5,15.47,10.12,150,105,70.0,45,0
SIM-00173,2025-12-10,2025-12-20,14.02,5,17.6,10.42,200,145,72.5,60,0
SIM-00174,2025-05-15,2025-12-20,11.56,5,14.4,8.02,50,40,80.0,15,0
SIM-00174,2025-07-27,2025-12-20,12.83,5,15.4,10.29,100,75,75.0,30,0
SIM-00174,2025-10-08,2025-12-20,12.85,5,14.45,10.81,150,130,86.67,45,0
SIM-00174,2025-12-10,2025-12-20,12.69,5,15.2,9.74,200,160,80.0,60,0
SIM-00175,2025-05-15,2025-12-20,11.91,5,13.38,10.37,50,50,100.0,15,1
SIM-00175,2025-07-27,2025-12-20,11.53,5,14.42,8.98,100,90,90.0,30,1
SIM-00175,2025-10-08,2025-12-20,12.14,5,16.35,8.3,150,135,90.0,45,1
SIM-00175,2025-12-10,2025-12-20,11.71,5,15.96,8.13,200,190,95.0,60,1
SIM-00176,2025-05-15,2025-12-20,12.43,5,15.41,8.61,50,50,100.0,15,0
SIM-00176,2025-07-27,2025-12-20,13.61,5,18.82,9.91,100,95,95.0,30,0
SIM-00176,2025-10-08,2025-12-20,14.53,5,18.47,12.61,150,150,100.0,45,0
SIM-00176,2025-12-10,2025-12-20,16.47,5,20.0,15.13,200,190,95.0,60,0
SIM-00177,2025-05-15,2025-12-20,12.17,5,13.46,11.5,50,30,60.0,15,1
SIM-00177,2025-07-27,2025-12-20,12.58,5,17.92,8.52,100,65,65.0,30,1
SIM-00177,2025-10-08,2025-12-20,12.26,5,15.65,9.9,150,95,63.33,45,1
SIM-00177,2025-12-10,2025-12-20,12.88,5,15.48,9.65,200,125,62.5,60,1
SIM-00178,2025-05-15,2025-12-20,11.66,5,14.17,9.75,50,40,80.0,15,0
SIM-00178,2025-07-27,2025-12-20,13.66,5,14.76,12.34,100,70,70.0,30,0
SIM-00178,2025-10-08,2025-12-20,13.68,5,16.07,9.71,150,115,76.67,45,0
SIM-00178,2025-12-10,2025-12-20,15.61,5,20.0,12.38,200,165,82.5,60,0
SIM-00179,2025-05-15,2025-12-20,11.71,5,15.53,9.84,50,40,80.0,15,1
SIM-00179,2025-07-27,2025-12-20,12.64,5,15.84,8.6,100,75,75.0,30,1
SIM-00179,2025-10-08,2025-12-20,11.41,5,16.73,8.25,150,110,73.33,45,1
SIM-00179,2025-12-10,2025-12-20,13.55,5,18.58,8.55,200,155,77.5,60,1
SIM-00180,2025-05-15,2025-12-20,11.62,5,14.4,9.28,50,45,90.0,15,1
SIM-00180,2025-07-27,2025-12-20,12.49,5,14.32,11.28,100,100,100.0,30,1
SIM-00180,2025-10-08,2025-12-20,13.54,5,18.29,12.1,150,145,96.67,45,1
SIM-00180,2025-12-10,2025-12-20,12.56,5,19.6,8.98,200,180,90.0,60,1
SIM-00181,2025-05-15,2025-12-20,10.23,5,14.49,6.74,50,35,70.0,15,1
SIM-00181,2025-07-27,2025-12-20,10.95,5,12.46,7.85,100,70,70.0,30,1
SIM-00181,2025-10-08,2025-12-20,10.28,5,13.31,7.81,150,95,63.33,45,1
SIM-00181,2025-12-10,2025-12-20,10.46,5,12.97,7.2,200,145,72.5,60,1
SIM-00182,2025-05-15,2025-12-20,9.78,5,12.4,5.43,50,40,80.0,15,1
SIM-00182,2025-07-27,2025-12-20,12.42,5,14.41,9.8,100,80,80.0,30,1
SIM-00182,2025-10-08,2025-12-20,12.72,5,17.02,10.5,150,120,80.0,45,1
SIM-00182,2025-12-10,2025-12-20,14.24,5,17.99,10.57,200,160,80.0,60,1
SIM-00183,2025-05-15,2025-12-20,11.63,5,17.43,7.57,50,40,80.0,15,0
SIM-00183,2025-07-27,2025-12-20,13.17,5,17.85,11.02,100,75,75.0,30,0
SIM-00183,2025-10-08,2025-12-20,14.56,5,16.28,12.35,150,110,73.33,45,0
SIM-00183,2025-12-10,2025-12-20,15.07,5,17.29,10.46,200,155,77.5,60,0
SIM-00184,2025-05-15,2025-12-20,10.31,5,14.31,7.19,50,45,90.0,15,1
SIM-00184,2025-07-27,2025-12-20,11.92,5,14.68,9.51,100,95,95.0,30,1
SIM-00184,2025-10-08,2025-12-20,10.37,5,12.93,6.09,150,150,100.0,45,1
SIM-00184,2025-12-10,2025-12-20,10.89,5,15.07,8.12,200,185,92.5,60,1
SIM-00185,2025-05-15,2025-12-20,11.49,5,16.38,8.15,50,40,80.0,15,1
SIM-00185,2025-07-27,2025-12-20,12.1,5,15.75,9.13,100,95,95.0,30,1
SIM-00185,2025-10-08,2025-12-20,15.01,5,17.99,8.99,150,140,93.33,45,1
SIM-00185,2025-12-10,2025-12-20,12.69,5,18.66,9.08,200,185,92.5,60,1
SIM-00186,2025-05-15,2025-12-20,11.11,5,14.5,8.18,50,25,50.0,15,1
SIM-00186,2025-07-27,2025-12-20,12.98,5,14.05,12.47,100,60,60.0,30,1
SIM-00186,2025-10-08,2025-12-20,12.5,5,15.95,7.29,150,75,50.0,45,1
SIM-00186,2025-12-10,2025-12-20,12.24,5,15.63,9.02,200,95,47.5,60,1
SIM-00187,2025-05-15,2025-12-20,12.71,5,15.28,9.91,50,25,50.0,15,1
SIM-00187,2025-07-27,2025-12-20,12.02,5,14.74,10.55,100,45,45.0,30,1
SIM-00187,2025-10-08,2025-12-20,11.87,5,13.48,8.97,150,65,43.33,45,1
SIM-00187,2025-12-10,2025-12-20,12.18,5,14.44,10.73,200,85,42.5,60,1
SIM-00188,2025-05-15,2025-12-20,10.42,5,12.52,8.73,50,40,80.0,15,1
SIM-00188,2025-07-27,2025-12-20,10.38,5,14.23,7.17,100,90,90.0,30,1
SIM-00188,2025-10-08,2025-12-20,10.77,5,14.46,7.24,150,135,90.0,45,1
SIM-00188,2025-12-10,2025-12-20,10.38,5,13.88,6.38,200,170,85.0,60,1
SIM-00189,2025-05-15,2025-12-20,11.53,5,13.76,9.21,50,40,80.0,15,1
SIM-00189,2025-07-27,2025-12-20,11.03,5,13.05,8.59,100,80,80.0,30,1
SIM-00189,2025-10-08,2025-12-20,11.63,5,13.94,6.64,150,110,73.33,45,1
SIM-00189,2025-12-10,2025-12-20,13.41,5,16.58,10.4,200,170,85.0,60,1
SIM-00190,2025-05-15,2025-12-20,12.44,5,14.93,10.84,50,40,80.0,15,0
SIM-00190,2025-07-27,2025-12-20,13.31,5,16.23,11.58,100,80,80.0,30,0
SIM-00190,2025-10-08,2025-12-20,14.92,5,17.21,13.43,150,120,80.0,45,0
SIM-00190,2025-12-10,2025-12-20,17.92,5,20.0,17.19,200,160,80.0,60,0
SIM-00191,2025-05-15,2025-12-20,10.77,5,13.8,8.1,50,40,80.0,15,1
SIM-00191,2025-07-27,2025-12-20,10.48,5,12.89,8.06,100,80,80.0,30,1
SIM-00191,2025-10-08,2025-12-20,8.85,5,11.54,5.91,150,110,73.33,45,1
SIM-00191,2025-12-10,2025-12-20,10.19,5,16.81,6.37,200,155,77.5,60,1
SIM-00192,2025-05-15,2025-12-20,13.1,5,15.31,10.87,50,45,90.0,15,0
SIM-00192,2025-07-27,2025-12-20,13.75,5,15.51,12.27,100,85,85.0,30,0
SIM-00192,2025-10-08,2025-12-20,14.67,5,16.69,11.73,150,125,83.33,45,0
SIM-00192,2025-12-10,2025-12-20,15.27,5,19.69,11.66,200,170,85.0,60,0
SIM-00193,2025-05-15,2025-12-20,9.59,5,11.34,7.56,50,40,80.0,15,1
SIM-00193,2025-07-27,2025-12-20,9.5,5,11.51,7.3,100,80,80.0,30,1
SIM-00193,2025-10-08,2025-12-20,8.72,5,11.67,5.28,150,130,86.67,45,1
SIM-00193,2025-12-10,2025-12-20,8.37,5,13.37,6.03,200,175,87.5,60,1
SIM-00194,2025-05-15,2025-12-20,13.06,5,14.28,11.44,50,40,80.0,15,0
SIM-00194,2025-07-27,2025-12-20,12.86,5,14.1,10.7,100,85,85.0,30,0
SIM-00194,2025-10-08,2025-12-20,13.75,5,16.68,11.93,150,135,90.0,45,0
SIM-00194,2025-12-10,2025-12-20,14.75,5,19.03,10.68,200,160,80.0,60,0
SIM-00195,2025-05-15,2025-12-20,12.96,5,14.4,10.52,50,45,90.0,15,0
SIM-00195,2025-07-27,2025-12-20,13.14,5,16.05,10.14,100,90,90.0,30,0
SIM-00195,2025-10-08,2025-12-20,15.29,5,19.27,11.01,150,150,100.0,45,0
SIM-00195,2025-12-10,2025-12-20,16.11,5,20.0,12.15,200,190,95.0,60,0
SIM-00196,2025-05-15,2025-12-20,10.23,5,12.71,7.26,50,45,90.0,15,1
SIM-00196,2025-07-27,2025-12-20,12.33,5,14.63,9.77,100,85,85.0,30,1
SIM-00196,2025-10-08,2025-12-20,11.25,5,15.28,4.72,150,135,90.0,45,1
SIM-00196,2025-12-10,2025-12-20,11.5,5,16.14,7.59,200,190,95.0,60,1
SIM-00197,2025-05-15,2025-12-20,11.55,5,13.56,9.6,50,45,90.0,15,1
SIM-00197,2025-07-27,2025-12-20,12.86,5,17.24,8.61,100,90,90.0,30,1
SIM-00197,2025-10-08,2025-12-20,11.86,5,16.01,8.42,150,150,100.0,45,1
SIM-00197,2025-12-10,2025-12-20,11.87,5,17.6,7.16,200,190,95.0,60,1
SIM-00198,2025-05-15,2025-12-20,13.63,5,14.65,12.4,50,30,60.0,15,0
SIM-00198,2025-07-27,2025-12-20,12.4,5,14.9,10.39,100,60,60.0,30,0
SIM-00198,2025-10-08,2025-12-20,15.12,5,18.72,10.42,150,90,60.0,45,0
SIM-00198,2025-12-10,2025-12-20,16.25,5,18.51,13.55,200,120,60.0,60,0
SIM-00199,2025-05-15,2025-12-20,11.47,5,14.75,9.72,50,40,80.0,15,1
SIM-00199,2025-07-27,2025-12-20,14.02,5,14.57,13.42,100,95,95.0,30,1
SIM-00199,2025-10-08,2025-12-20,14.05,5,17.07,10.23,150,135,90.0,45,1
SIM-00199,2025-12-10,2025-12-20,11.81,5,16.32,8.25,200,185,92.5,60,1
SIM-00200,2025-05-15,2025-12-20,10.44,5,12.87,9.22,50,35,70.0,15,1
SIM-00200,2025-07-27,2025-12-20,11.08,5,13.44,10.07,100,65,65.0,30,1
SIM-00200,2025-10-08,2025-12-20,13.98,5,17.34,7.71,150,105,70.0,45,1
SIM-00200,2025-12-10,2025-12-20,12.58,5,17.51,7.62,200,130,65.0,60,1
SIM-00201,2025-05-15,2025-12-20,10.54,5,12.04,8.13,50,25,50.0,15,1
SIM-00201,2025-07-27,2025-12-20,10.73,5,12.81,8.97,100,50,50.0,30,1
SIM-00201,2025-10-08,2025-12-20,10.89,5,13.2,9.09,150,75,50.0,45,1
SIM-00201,2025-12-10,2025-12-20,10.25,5,15.74,6.99,200,110,55.0,60,1
SIM-00202,2025-05-15,2025-12-20,10.3,5,12.27,8.52,50,50,100.0,15,1
SIM-00202,2025-07-27,2025-12-20,11.77,5,12.46,10.42,100,100,100.0,30,1
SIM-00202,2025-10-08,2025-12-20,9.81,5,13.11,7.44,150,150,100.0,45,1
SIM-00202,2025-12-10,2025-12-20,9.36,5,13.19,5.32,200,200,100.0,60,1
SIM-00203,2025-05-15,2025-12-20,13.65,5,14.73,12.39,50,40,80.0,15,0
SIM-00203,2025-07-27,2025-12-20,12.7,5,15.82,10.17,100,80,80.0,30,0
SIM-00203,2025-10-08,2025-12-20,13.97,5,16.2,9.82,150,115,76.67,45,0
SIM-00203,2025-12-10,2025-12-20,15.66,5,18.34,13.69,200,155,77.5,60,0
SIM-00204,2025-05-15,2025-12-20,13.48,5,15.38,9.78,50,50,100.0,15,0
SIM-00204,2025-07-27,2025-12-20,13.95,5,17.78,11.0,100,100,100.0,30,0
SIM-00204,2025-10-08,2025-12-20,14.97,5,18.54,12.02,150,135,90.0,45,0
SIM-00204,2025-12-10,2025-12-20,17.29,5,20.0,14.45,200,190,95.0,60,0
SIM-00205,2025-05-15,2025-12-20,12.72,5,14.65,11.07,50,25,50.0,15,1
SIM-00205,2025-07-27,2025-12-20,11.92,5,15.19,10.61,100,45,45.0,30,1
SIM-00205,2025-10-08,2025-12-20,12.68,5,16.1,9.25,150,65,43.33,45,1
SIM-00205,2025-12-10,2025-12-20,12.86,5,15.69,10.31,200,100,50.0,60,1
SIM-00206,2025-05-15,2025-12-20,10.9,5,12.31,10.18,50,45,90.0,15,1
SIM-00206,2025-07-27,2025-12-20,10.8,5,13.09,9.16,100,90,90.0,30,1
SIM-00206,2025-10-08,2025-12-20,10.57,5,13.58,6.79,150,130,86.67,45,1
SIM-00206,2025-12-10,2025-12-20,9.75,5,12.09,8.05,200,180,90.0,60,1
SIM-00207,2025-05-15,2025-12-20,10.75,5,12.74,7.08,50,30,60.0,15,1
SIM-00207,2025-07-27,2025-12-20,11.06,5,14.23,7.92,100,70,70.0,30,1
SIM-00207,2025-10-08,2025-12-20,11.21,5,15.77,6.45,150,95,63.33,45,1
SIM-00207,2025-12-10,2025-12-20,10.26,5,18.25,3.99,200,130,65.0,60,1
SIM-00208,2025-05-15,2025-12-20,10.74,5,11.54,9.21,50,35,70.0,15,1
SIM-00208,2025-07-27,2025-12-20,10.52,5,15.07,7.47,100,65,65.0,30,1
SIM-00208,2025-10-08,2025-12-20,9.78,5,13.28,5.48,150,105,70.0,45,1
SIM-00208,2025-12-10,2025-12-20,8.08,5,11.62,4.68,200,130,65.0,60,1
SIM-00209,2025-05-15,2025-12-20,12.18,5,14.61,10.18,50,40,80.0,15,1
SIM-00209,2025-07-27,2025-12-20,11.53,5,15.86,8.29,100,75,75.0,30,1
SIM-00209,2025-10-08,2025-12-20,10.32,5,14.39,8.23,150,110,73.33,45,1
SIM-00209,2025-12-10,2025-12-20,11.07,5,13.29,8.92,200,145,72.5,60,1
SIM-00210,2025-05-15,2025-12-20,14.39,5,18.72,12.79,50,45,90.0,15,0
SIM-00210,2025-07-27,2025-12-20,12.65,5,13.83,10.1,100,80,80.0,30,0
SIM-00210,2025-10-08,2025-12-20,15.74,5,20.0,13.5,150,130,86.67,45,0
SIM-00210,2025-12-10,2025-12-20,16.55,5,20.0,12.94,200,175,87.5,60,0
SIM-00211,2025-05-15,2025-12-20,12.92,5,16.58,9.64,50,45,90.0,15,0
SIM-00211,2025-07-27,2025-12-20,12.94,5,14.45,11.91,100,95,95.0,30,0
SIM-00211,2025-10-08,2025-12-20,13.98,5,16.5,10.85,150,140,93.33,45,0
SIM-00211,2025-12-10,2025-12-20,14.04,5,16.31,10.87,200,190,95.0,60,0
SIM-00212,2025-05-15,2025-12-20,11.37,5,13.24,8.97,50,40,80.0,15,1
SIM-00212,2025-07-27,2025-12-20,12.38,5,14.73,8.14,100,90,90.0,30,1
SIM-00212,2025-10-08,2025-12-20,13.02,5,15.52,9.26,150,135,90.0,45,1
SIM-00212,2025-12-10,2025-12-20,11.3,5,14.46,8.12,200,175,87.5,60,1
SIM-00213,2025-05-15,2025-12-20,12.06,5,13.41,10.87,50,40,80.0,15,0
SIM-00213,2025-07-27,2025-12-20,13.34,5,16.74,10.21,100,75,75.0,30,0
SIM-00213,2025-10-08,2025-12-20,15.54,5,18.24,13.34,150,125,83.33,45,0
SIM-00213,2025-12-10,2025-12-20,13.32,5,20.0,10.27,200,160,80.0,60,0
SIM-00214,2025-05-15,2025-12-20,12.15,5,13.18,11.18,50,45,90.0,15,0
SIM-00214,2025-07-27,2025-12-20,13.81,5,16.74,11.6,100,95,95.0,30,0
SIM-00214,2025-10-08,2025-12-20,13.03,5,16.21,7.35,150,135,90.0,45,0
SIM-00214,2025-12-10,2025-12-20,17.62,5,20.0,14.35,200,170,85.0,60,0
SIM-00215,2025-05-15,2025-12-20,11.63,5,13.22,9.7,50,45,90.0,15,1
SIM-00215,2025-07-27,2025-12-20,11.62,5,13.06,9.67,100,95,95.0,30,1
SIM-00215,2025-10-08,2025-12-20,10.2,5,11.91,7.0,150,130,86.67,45,1
SIM-00215,2025-12-10,2025-12-20,9.4,5,13.8,6.44,200,180,90.0,60,1
SIM-00216,2025-05-15,2025-12-20,11.71,5,13.16,9.68,50,45,90.0,15,1
SIM-00216,2025-07-27,2025-12-20,11.54,5,14.67,8.91,100,80,80.0,30,1
SIM-00216,2025-10-08,2025-12-20,12.36,5,17.98,7.14,150,125,83.33,45,1
SIM-00216,2025-12-10,2025-12-20,12.54,5,19.51,7.26,200,190,95.0,60,1
SIM-00217,2025-05-15,2025-12-20,11.74,5,13.76,8.5,50,45,90.0,15,0
SIM-00217,2025-07-27,2025-12-20,13.17,5,14.55,11.85,100,90,90.0,30,0
SIM-00217,2025-10-08,2025-12-20,13.21,5,14.67,10.75,150,135,90.0,45,0
SIM-00217,2025-12-10,2025-12-20,16.96,5,20.0,14.23,200,185,92.5,60,0
SIM-00218,2025-05-15,2025-12-20,11.36,5,14.63,9.66,50,25,50.0,15,1
SIM-00218,2025-07-27,2025-12-20,11.16,5,12.53,9.87,100,55,55.0,30,1
SIM-00218,2025-10-08,2025-12-20,13.27,5,16.81,8.07,150,95,63.33,45,1
SIM-00218,2025-12-10,2025-12-20,13.59,5,18.07,7.13,200,115,57.5,60,1
SIM-00219,2025-05-15,2025-12-20,13.14,5,14.39,10.88,50,35,70.0,15,0
SIM-00219,2025-07-27,2025-12-20,12.93,5,14.85,11.7,100,80,80.0,30,0
SIM-00219,2025-10-08,2025-12-20,13.98,5,20.0,7.24,150,115,76.67,45,0
SIM-00219,2025-12-10,2025-12-20,15.07,5,19.34,12.16,200,160,80.0,60,0
SIM-00220,2025-05-15,2025-12-20,12.18,5,14.04,9.36,50,40,80.0,15,1
SIM-00220,2025-07-27,2025-12-20,10.75,5,11.56,9.97,100,85,85.0,30,1
SIM-00220,2025-10-08,2025-12-20,12.23,5,15.52,8.64,150,130,86.67,45,1
SIM-00220,2025-12-10,2025-12-20,10.71,5,14.17,4.11,200,180,90.0,60,1
SIM-00221,2025-05-15,2025-12-20,11.87,5,13.64,9.38,50,45,90.0,15,0
SIM-00221,2025-07-27,2025-12-20,12.31,5,13.14,10.66,100,90,90.0,30,0
SIM-00221,2025-10-08,2025-12-20,14.44,5,16.44,11.57,150,140,93.33,45,0
SIM-00221,2025-12-10,2025-12-20,15.5,5,20.0,9.98,200,195,97.5,60,0
SIM-00222,2025-05-15,2025-12-20,12.06,5,13.3,10.24,50,45,90.0,15,1
SIM-00222,2025-07-27,2025-12-20,9.94,5,12.27,8.26,100,85,85.0,30,1
SIM-00222,2025-10-08,2025-12-20,10.72,5,13.93,7.48,150,115,76.67,45,1
SIM-00222,2025-12-10,2025-12-20,10.42,5,12.25,8.5,200,175,87.5,60,1
SIM-00223,2025-05-15,2025-12-20,10.04,5,12.1,6.63,50,40,80.0,15,1
SIM-00223,2025-07-27,2025-12-20,10.21,5,13.11,8.44,100,85,85.0,30,1
SIM-00223,2025-10-08,2025-12-20,9.4,5,12.18,5.46,150,120,80.0,45,1
SIM-00223,2025-12-10,2025-12-20,7.78,5,10.03,5.16,200,165,82.5,60,1
SIM-00224,2025-05-15,2025-12-20,11.04,5,12.92,9.27,50,45,90.0,15,0
SIM-00224,2025-07-27,2025-12-20,14.32,5,17.51,12.5,100,90,90.0,30,0
SIM-00224,2025-10-08,2025-12-20,15.2,5,16.21,12.75,150,140,93.33,45,0
SIM-00224,2025-12-10,2025-12-20,17.52,5,20.0,14.64,200,180,90.0,60,0
SIM-00225,2025-05-15,2025-12-20,13.64,5,17.33,12.15,50,35,70.0,15,0
SIM-00225,2025-07-27,2025-12-20,15.09,5,18.14,11.56,100,75,75.0,30,0
SIM-00225,2025-10-08,2025-12-20,15.69,5,17.4,14.4,150,100,66.67,45,0
SIM-00225,2025-12-10,2025-12-20,18.58,5,20.0,16.83,200,135,67.5,60,0
SIM-00226,2025-05-15,2025-12-20,12.09,5,13.37,10.68,50,45,90.0,15,0
SIM-00226,2025-07-27,2025-12-20,13.05,5,16.13,7.68,100,85,85.0,30,0
SIM-00226,2025-10-08,2025-12-20,13.58,5,18.38,8.6,150,130,86.67,45,0
SIM-00226,2025-12-10,2025-12-20,15.98,5,19.59,12.64,200,185,92.5,60,0
SIM-00227,2025-05-15,2025-12-20,12.34,5,13.4,11.51,50,35,70.0,15,0
SIM-00227,2025-07-27,2025-12-20,15.23,5,16.68,12.82,100,80,80.0,30,0
SIM-00227,2025-10-08,2025-12-20,16.36,5,19.09,13.53,150,120,80.0,45,0
SIM-00227,2025-12-10,2025-12-20,16.81,5,20.0,15.27,200,155,77.5,60,0
SIM-00228,2025-05-15,2025-12-20,10.77,5,13.9,7.21,50,45,90.0,15,1
SIM-00228,2025-07-27,2025-12-20,10.71,5,12.43,8.76,100,95,95.0,30,1
SIM-00228,2025-10-08,2025-12-20,11.64,5,13.21,9.14,150,130,86.67,45,1
SIM-00228,2025-12-10,2025-12-20,10.71,5,15.34,7.01,200,170,85.0,60,1
SIM-00229,2025-05-15,2025-12-20,11.34,5,13.76,8.14,50,50,100.0,15,1
SIM-00229,2025-07-27,2025-12-20,12.93,5,15.28,10.45,100,95,95.0,30,1
SIM-00229,2025-10-08,2025-12-20,11.72,5,15.67,7.83,150,135,90.0,45,1
SIM-00229,2025-12-10,2025-12-20,13.79,5,16.82,10.29,200,190,95.0,60,1
SIM-00230,2025-05-15,2025-12-20,12.41,5,14.48,10.99,50,40,80.0,15,1
SIM-00230,2025-07-27,2025-12-20,11.34,5,12.98,8.22,100,90,90.0,30,1
SIM-00230,2025-10-08,2025-12-20,12.37,5,15.85,10.05,150,130,86.67,45,1
SIM-00230,2025-12-10,2025-12-20,10.3,5,14.15,6.85,200,180,90.0,60,1
SIM-00231,2025-05-15,2025-12-20,10.05,5,13.07,7.31,50,50,100.0,15,1
SIM-00231,2025-07-27,2025-12-20,9.26,5,13.96,4.98,100,90,90.0,30,1
SIM-00231,2025-10-08,2025-12-20,8.72,5,11.03,6.37,150,150,100.0,45,1
SIM-00231,2025-12-10,2025-12-20,7.95,5,12.53,1.92,200,185,92.5,60,1
SIM-00232,2025-05-15,2025-12-20,9.97,5,11.66,8.14,50,45,90.0,15,1
SIM-00232,2025-07-27,2025-12-20,7.98,5,8.98,6.52,100,95,95.0,30,1
SIM-00232,2025-10-08,2025-12-20,7.67,5,9.94,4.17,150,135,90.0,45,1
SIM-00232,2025-12-10,2025-12-20,5.81,5,7.53,3.06,200,195,97.5,60,1
SIM-00233,2025-05-15,2025-12-20,11.73,5,14.83,9.66,50,35,70.0,15,1
SIM-00233,2025-07-27,2025-12-20,8.49,5,10.19,7.32,100,65,65.0,30,1
SIM-00233,2025-10-08,2025-12-20,9.31,5,11.94,6.48,150,95,63.33,45,1
SIM-00233,2025-12-10,2025-12-20,9.58,5,16.36,4.51,200,120,60.0,60,1
SIM-00234,2025-05-15,2025-12-20,10.61,5,14.41,8.91,50,45,90.0,15,1
SIM-00234,2025-07-27,2025-12-20,11.62,5,12.58,10.22,100,95,95.0,30,1
SIM-00234,2025-10-08,2025-12-20,9.73,5,12.33,6.03,150,135,90.0,45,1
SIM-00234,2025-12-10,2025-12-20,12.32,5,15.66,8.92,200,175,87.5,60,1
SIM-00235,2025-05-15,2025-12-20,10.63,5,14.3,7.98,50,40,80.0,15,1
SIM-00235,2025-07-27,2025-12-20,10.62,5,12.9,9.11,100,75,75.0,30,1
SIM-00235,2025-10-08,2025-12-20,12.76,5,15.45,9.86,150,115,76.67,45,1
SIM-00235,2025-12-10,2025-12-20,12.79,5,17.92,9.39,200,150,75.0,60,1
SIM-00236,2025-05-15,2025-12-20,9.68,5,12.68,6.7,50,30,60.0,15,1
SIM-00236,2025-07-27,2025-12-20,9.42,5,10.9,8.45,100,50,50.0,30,1
SIM-00236,2025-10-08,2025-12-20,11.27,5,12.84,9.88,150,80,53.33,45,1
SIM-00236,2025-12-10,2025-12-20,9.86,5,11.33,9.26,200,125,62.5,60,1
SIM-00237,2025-05-15,2025-12-20,13.12,5,14.57,11.14,50,20,40.0,15,0
SIM-00237,2025-07-27,2025-12-20,12.35,5,15.32,9.02,100,45,45.0,30,0
SIM-00237,2025-10-08,2025-12-20,14.16,5,15.78,9.86,150,70,46.67,45,0
SIM-00237,2025-12-10,2025-12-20,15.57,5,20.0,11.88,200,95,47.5,60,0
SIM-00238,2025-05-15,2025-12-20,10.39,5,11.19,8.17,50,35,70.0,15,0
SIM-00238,2025-07-27,2025-12-20,12.15,5,15.25,7.9,100,70,70.0,30,0
SIM-00238,2025-10-08,2025-12-20,12.74,5,13.97,11.26,150,100,66.67,45,0
SIM-00238,2025-12-10,2025-12-20,13.21,5,17.58,11.04,200,145,72.5,60,0
SIM-00239,2025-05-15,2025-12-20,12.39,5,14.73,10.83,50,40,80.0,15,1
SIM-00239,2025-07-27,2025-12-20,11.55,5,13.75,9.25,100,85,85.0,30,1
SIM-00239,2025-10-08,2025-12-20,13.2,5,15.74,6.91,150,135,90.0,45,1
SIM-00239,2025-12-10,2025-12-20,11.94,5,15.01,6.63,200,170,85.0,60,1
SIM-00240,2025-05-15,2025-12-20,11.5,5,13.94,9.14,50,45,90.0,15,1
SIM-00240,2025-07-27,2025-12-20,11.52,5,13.01,9.32,100,90,90.0,30,1
SIM-00240,2025-10-08,2025-12-20,10.87,5,13.18,7.7,150,130,86.67,45,1
SIM-00240,2025-12-10,2025-12-20,9.89,5,13.02,4.37,200,185,92.5,60,1
SIM-00241,2025-05-15,2025-12-20,11.87,5,14.2,9.09,50,30,60.0,15,0
SIM-00241,2025-07-27,2025-12-20,12.34,5,14.34,10.42,100,65,65.0,30,0
SIM-00241,2025-10-08,2025-12-20,10.93,5,12.13,7.84,150,110,73.33,45,0
SIM-00241,2025-12-10,2025-12-20,13.85,5,18.58,10.31,200,135,67.5,60,0
SIM-00242,2025-05-15,2025-12-20,10.81,5,12.77,6.57,50,45,90.0,15,1
SIM-00242,2025-07-27,2025-12-20,13.35,5,16.05,9.49,100,90,90.0,30,1
SIM-00242,2025-10-08,2025-12-20,13.1,5,15.26,8.13,150,135,90.0,45,1
SIM-00242,2025-12-10,2025-12-20,13.06,5,17.36,9.48,200,185,92.5,60,1
SIM-00243,2025-05-15,2025-12-20,11.7,5,16.53,9.34,50,40,80.0,15,1
SIM-00243,2025-07-27,2025-12-20,12.88,5,14.01,11.18,100,85,85.0,30,1
SIM-00243,2025-10-08,2025-12-20,12.74,5,15.25,10.26,150,130,86.67,45,1
SIM-00243,2025-12-10,2025-12-20,13.07,5,16.52,8.69,200,160,80.0,60,1
SIM-00244,2025-05-15,2025-12-20,10.9,5,11.55,10.42,50,45,90.0,15,0
SIM-00244,2025-07-27,2025-12-20,12.52,5,15.93,11.11,100,95,95.0,30,0
SIM-00244,2025-10-08,2025-12-20,13.27,5,16.61,10.45,150,130,86.67,45,0
SIM-00244,2025-12-10,2025-12-20,14.28,5,16.03,11.61,200,180,90.0,60,0
SIM-00245,2025-05-15,2025-12-20,10.61,5,13.46,8.53,50,45,90.0,15,1
SIM-00245,2025-07-27,2025-12-20,11.08,5,12.59,8.51,100,85,85.0,30,1
SIM-00245,2025-10-08,2025-12-20,10.27,5,14.24,6.98,150,130,86.67,45,1
SIM-00245,2025-12-10,2025-12-20,9.91,5,13.09,7.46,200,165,82.5,60,1
SIM-00246,2025-05-15,2025-12-20,13.45,5,15.52,12.41,50,40,80.0,15,0
SIM-00246,2025-07-27,2025-12-20,14.48,5,16.92,10.53,100,85,85.0,30,0
SIM-00246,2025-10-08,2025-12-20,15.05,5,18.48,11.92,150,110,73.33,45,0
SIM-00246,2025-12-10,2025-12-20,15.98,5,20.0,12.64,200,155,77.5,60,0
SIM-00247,2025-05-15,2025-12-20,12.22,5,14.6,9.02,50,45,90.0,15,1
SIM-00247,2025-07-27,2025-12-20,12.38,5,17.18,6.84,100,85,85.0,30,1
SIM-00247,2025-10-08,2025-12-20,12.39,5,18.64,7.88,150,140,93.33,45,1
SIM-00247,2025-12-10,2025-12-20,12.5,5,17.3,7.68,200,200,100.0,60,1
SIM-00248,2025-05-15,2025-12-20,11.78,5,14.26,9.99,50,40,80.0,15,0
SIM-00248,2025-07-27,2025-12-20,12.94,5,14.88,9.3,100,85,85.0,30,0
SIM-00248,2025-10-08,2025-12-20,15.71,5,19.55,12.51,150,125,83.33,45,0
SIM-00248,2025-12-10,2025-12-20,16.04,5,18.27,14.53,200,150,75.0,60,0
SIM-00249,2025-05-15,2025-12-20,14.7,5,17.37,12.89,50,40,80.0,15,0
SIM-00249,2025-07-27,2025-12-20,13.61,5,17.63,11.15,100,85,85.0,30,0
SIM-00249,2025-10-08,2025-12-20,15.67,5,19.53,10.77,150,130,86.67,45,0
SIM-00249,2025-12-10,2025-12-20,15.93,5,18.69,12.41,200,175,87.5,60,0
SIM-00250,2025-05-15,2025-12-20,11.7,5,13.87,7.84,50,30,60.0,15,1
SIM-00250,2025-07-27,2025-12-20,10.87,5,13.88,7.4,100,60,60.0,30,1
SIM-00250,2025-10-08,2025-12-20,11.25,5,14.57,7.49,150,100,66.67,45,1
SIM-00250,2025-12-10,2025-12-20,10.14,5,13.33,5.52,200,130,65.0,60,1
SIM-00251,2025-05-15,2025-12-20,10.19,5,14.37,4.93,50,45,90.0,15,1
SIM-00251,2025-07-27,2025-12-20,11.61,5,14.98,9.94,100,85,85.0,30,1
SIM-00251,2025-10-08,2025-12-20,12.56,5,17.15,10.1,150,135,90.0,45,1
SIM-00251,2025-12-10,2025-12-20,13.45,5,17.09,8.28,200,185,92.5,60,1
SIM-00252,2025-05-15,2025-12-20,10.82,5,12.3,9.13,50,30,60.0,15,1
SIM-00252,2025-07-27,2025-12-20,9.04,5,10.51,7.17,100,65,65.0,30,1
SIM-00252,2025-10-08,2025-12-20,10.67,5,13.48,8.95,150,95,63.33,45,1
SIM-00252,2025-12-10,2025-12-20,9.33,5,11.66,8.4,200,130,65.0,60,1
SIM-00253,2025-05-15,2025-12-20,11.54,5,13.65,9.42,50,45,90.0,15,1
SIM-00253,2025-07-27,2025-12-20,12.69,5,16.58,8.61,100,90,90.0,30,1
SIM-00253,2025-10-08,2025-12-20,13.52,5,17.92,10.07,150,130,86.67,45,1
SIM-00253,2025-12-10,2025-12-20,14.58,5,15.84,13.41,200,170,85.0,60,1
SIM-00254,2025-05-15,2025-12-20,13.46,5,14.26,12.23,50,30,60.0,15,0
SIM-00254,2025-07-27,2025-12-20,11.98,5,15.87,8.57,100,55,55.0,30,0
SIM-00254,2025-10-08,2025-12-20,15.08,5,18.56,12.42,150,80,53.33,45,0
SIM-00254,2025-12-10,2025-12-20,14.17,5,19.97,10.55,200,105,52.5,60,0
SIM-00255,2025-05-15,2025-12-20,12.06,5,13.58,11.25,50,40,80.0,15,0
SIM-00255,2025-07-27,2025-12-20,13.3,5,16.59,8.51,100,85,85.0,30,0
SIM-00255,2025-10-08,2025-12-20,11.65,5,13.64,9.7,150,130,86.67,45,0
SIM-00255,2025-12-10,2025-12-20,14.29,5,17.42,11.44,200,180,90.0,60,0
SIM-00256,2025-05-15,2025-12-20,12.41,5,13.86,10.35,50,45,90.0,15,0
SIM-00256,2025-07-27,2025-12-20,12.89,5,14.77,11.13,100,90,90.0,30,0
SIM-00256,2025-10-08,2025-12-20,14.03,5,16.35,11.84,150,125,83.33,45,0
SIM-00256,2025-12-10,2025-12-20,15.24,5,17.65,12.11,200,155,77.5,60,0
SIM-00257,2025-05-15,2025-12-20,12.25,5,14.62,10.72,50,35,70.0,15,1
SIM-00257,2025-07-27,2025-12-20,14.42,5,16.05,12.1,100,70,70.0,30,1
SIM-00257,2025-10-08,2025-12-20,13.64,5,18.28,6.75,150,115,76.67,45,1
SIM-00257,2025-12-10,2025-12-20,15.16,5,20.0,7.49,200,140,70.0,60,1
SIM-00258,2025-05-15,2025-12-20,12.18,5,13.66,9.53,50,50,100.0,15,1
SIM-00258,2025-07-27,2025-12-20,14.27,5,18.44,10.31,100,95,95.0,30,1
SIM-00258,2025-10-08,2025-12-20,12.28,5,15.48,9.51,150,140,93.33,45,1
SIM-00258,2025-12-10,2025-12-20,12.82,5,15.14,8.37,200,200,100.0,60,1
SIM-00259,2025-05-15,2025-12-20,12.79,5,15.47,11.14,50,45,90.0,15,1
SIM-00259,2025-07-27,2025-12-20,12.14,5,16.71,7.89,100,95,95.0,30,1
SIM-00259,2025-10-08,2025-12-20,10.74,5,13.97,6.34,150,145,96.67,45,1
SIM-00259,2025-12-10,2025-12-20,10.18,5,17.79,2.7,200,190,95.0,60,1
SIM-00260,2025-05-15,2025-12-20,11.81,5,13.59,9.71,50,50,100.0,15,1
SIM-00260,2025-07-27,2025-12-20,12.1,5,15.51,8.95,100,95,95.0,30,1
SIM-00260,2025-10-08,2025-12-20,13.81,5,15.84,10.19,150,145,96.67,45,1
SIM-00260,2025-12-10,2025-12-20,11.26,5,13.6,8.84,200,175,87.5,60,1
SIM-00261,2025-05-15,2025-12-20,9.73,5,11.11,8.14,50,40,80.0,15,1
SIM-00261,2025-07-27,2025-12-20,11.16,5,13.56,6.69,100,85,85.0,30,1
SIM-00261,2025-10-08,2025-12-20,9.79,5,13.05,5.23,150,130,86.67,45,1
SIM-00261,2025-12-10,2025-12-20,9.46,5,15.94,3.78,200,170,85.0,60,1
SIM-00262,2025-05-15,2025-12-20,12.1,5,13.79,9.12,50,45,90.0,15,0
SIM-00262,2025-07-27,2025-12-20,12.16,5,14.22,8.6,100,85,85.0,30,0
SIM-00262,2025-10-08,2025-12-20,14.64,5,17.9,9.48,150,125,83.33,45,0
SIM-00262,2025-12-10,2025-12-20,15.61,5,19.82,12.93,200,170,85.0,60,0
SIM-00263,2025-05-15,2025-12-20,12.39,5,15.63,8.61,50,40,80.0,15,1
SIM-00263,2025-07-27,2025-12-20,10.92,5,12.99,9.4,100,80,80.0,30,1
SIM-00263,2025-10-08,2025-12-20,12.17,5,17.44,9.04,150,115,76.67,45,1
SIM-00263,2025-12-10,2025-12-20,12.46,5,17.03,8.08,200,155,77.5,60,1
SIM-00264,2025-05-15,2025-12-20,11.22,5,15.31,8.97,50,35,70.0,15,1
SIM-00264,2025-07-27,2025-12-20,10.24,5,12.51,8.83,100,70,70.0,30,1
SIM-00264,2025-10-08,2025-12-20,13.01,5,15.58,10.1,150,115,76.67,45,1
SIM-00264,2025-12-10,2025-12-20,12.74,5,15.61,10.53,200,160,80.0,60,1
SIM-00265,2025-05-15,2025-12-20,11.37,5,13.62,6.17,50,40,80.0,15,1
SIM-00265,2025-07-27,2025-12-20,10.78,5,13.43,8.41,100,90,90.0,30,1
SIM-00265,2025-10-08,2025-12-20,11.08,5,13.22,8.32,150,130,86.67,45,1
SIM-00265,2025-12-10,2025-12-20,11.54,5,15.06,7.69,200,170,85.0,60,1
SIM-00266,2025-05-15,2025-12-20,10.36,5,11.8,7.21,50,35,70.0,15,1
SIM-00266,2025-07-27,2025-12-20,10.86,5,13.33,7.75,100,80,80.0,30,1
SIM-00266,2025-10-08,2025-12-20,12.51,5,14.59,9.9,150,120,80.0,45,1
SIM-00266,2025-12-10,2025-12-20,14.0,5,16.64,10.81,200,145,72.5,60,1
SIM-00267,2025-05-15,2025-12-20,10.32,5,12.66,8.57,50,40,80.0,15,1
SIM-00267,2025-07-27,2025-12-20,11.52,5,14.12,9.49,100,75,75.0,30,1
SIM-00267,2025-10-08,2025-12-20,10.95,5,12.94,9.65,150,115,76.67,45,1
SIM-00267,2025-12-10,2025-12-20,11.09,5,13.2,8.23,200,155,77.5,60,1
SIM-00268,2025-05-15,2025-12-20,11.88,5,13.35,9.48,50,45,90.0,15,1
SIM-00268,2025-07-27,2025-12-20,12.27,5,14.35,10.83,100,90,90.0,30,1
SIM-00268,2025-10-08,2025-12-20,11.21,5,13.0,9.38,150,135,90.0,45,1
SIM-00268,2025-12-10,2025-12-20,12.32,5,18.76,7.17,200,190,95.0,60,1
SIM-00269,2025-05-15,2025-12-20,12.23,5,14.09,9.43,50,30,60.0,15,1
SIM-00269,2025-07-27,2025-12-20,11.17,5,16.15,8.27,100,75,75.0,30,1
SIM-00269,2025-10-08,2025-12-20,13.5,5,18.0,10.53,150,105,70.0,45,1
SIM-00269,2025-12-10,2025-12-20,11.9,5,20.0,5.82,200,140,70.0,60,1
SIM-00270,2025-05-15,2025-12-20,11.56,5,14.22,9.11,50,45,90.0,15,1
SIM-00270,2025-07-27,2025-12-20,12.61,5,15.21,9.89,100,85,85.0,30,1
SIM-00270,2025-10-08,2025-12-20,13.84,5,15.83,10.61,150,140,93.33,45,1
SIM-00270,2025-12-10,2025-12-20,16.63,5,20.0,13.23,200,185,92.5,60,1
SIM-00271,2025-05-15,2025-12-20,10.49,5,11.93,10.05,50,40,80.0,15,1
SIM-00271,2025-07-27,2025-12-20,11.94,5,13.98,9.64,100,75,75.0,30,1
SIM-00271,2025-10-08,2025-12-20,14.53,5,18.68,11.47,150,115,76.67,45,1
SIM-00271,2025-12-10,2025-12-20,13.0,5,18.11,6.85,200,150,75.0,60,1
SIM-00272,2025-05-15,2025-12-20,11.98,5,14.11,8.1,50,40,80.0,15,0
SIM-00272,2025-07-27,2025-12-20,12.94,5,15.72,10.09,100,80,80.0,30,0
SIM-00272,2025-10-08,2025-12-20,15.06,5,17.04,12.87,150,115,76.67,45,0
SIM-00272,2025-12-10,2025-12-20,15.77,5,19.77,13.35,200,160,80.0,60,0
SIM-00273,2025-05-15,2025-12-20,11.73,5,13.46,10.6,50,40,80.0,15,1
SIM-00273,2025-07-27,2025-12-20,10.37,5,11.94,7.0,100,90,90.0,30,1
SIM-00273,2025-10-08,2025-12-20,12.34,5,17.38,8.38,150,130,86.67,45,1
SIM-00273,2025-12-10,2025-12-20,11.2,5,15.46,9.06,200,160,80.0,60,1
SIM-00274,2025-05-15,2025-12-20,13.2,5,15.92,11.59,50,40,80.0,15,0
SIM-00274,2025-07-27,2025-12-20,13.04,5,14.89,9.84,100,80,80.0,30,0
SIM-00274,2025-10-08,2025-12-20,14.85,5,19.44,12.08,150,120,80.0,45,0
SIM-00274,2025-12-10,2025-12-20,16.32,5,18.15,14.59,200,160,80.0,60,0
SIM-00275,2025-05-15,2025-12-20,12.41,5,12.95,11.53,50,40,80.0,15,0
SIM-00275,2025-07-27,2025-12-20,12.6,5,14.33,10.97,100,80,80.0,30,0
SIM-00275,2025-10-08,2025-12-20,13.13,5,15.18,11.74,150,115,76.67,45,0
SIM-00275,2025-12-10,2025-12-20,13.78,5,15.48,12.34,200,160,80.0,60,0
SIM-00276,2025-05-15,2025-12-20,14.79,5,15.76,13.21,50,45,90.0,15,0
SIM-00276,2025-07-27,2025-12-20,14.78,5,17.05,12.35,100,95,95.0,30,0
SIM-00276,2025-10-08,2025-12-20,16.1,5,19.59,10.83,150,130,86.67,45,0
SIM-00276,2025-12-10,2025-12-20,18.87,5,20.0,16.97,200,190,95.0,60,0
SIM-00277,2025-05-15,2025-12-20,10.32,5,12.24,9.14,50,50,100.0,15,1
SIM-00277,2025-07-27,2025-12-20,9.98,5,13.12,6.33,100,95,95.0,30,1
SIM-00277,2025-10-08,2025-12-20,10.2,5,16.14,2.98,150,145,96.67,45,1
SIM-00277,2025-12-10,2025-12-20,9.6,5,12.23,5.38,200,190,95.0,60,1
SIM-00278,2025-05-15,2025-12-20,10.6,5,12.5,9.47,50,30,60.0,15,0
SIM-00278,2025-07-27,2025-12-20,11.43,5,13.22,10.14,100,55,55.0,30,0
SIM-00278,2025-10-08,2025-12-20,12.54,5,14.59,11.66,150,95,63.33,45,0
SIM-00278,2025-12-10,2025-12-20,13.4,5,16.04,11.66,200,125,62.5,60,0
SIM-00279,2025-05-15,2025-12-20,10.57,5,13.81,8.99,50,40,80.0,15,1
SIM-00279,2025-07-27,2025-12-20,12.21,5,14.81,10.45,100,75,75.0,30,1
SIM-00279,2025-10-08,2025-12-20,12.06,5,15.45,8.44,150,125,83.33,45,1
SIM-00279,2025-12-10,2025-12-20,10.78,5,15.36,7.04,200,155,77.5,60,1
SIM-00280,2025-05-15,2025-12-20,9.34,5,12.92,7.69,50,45,90.0,15,1
SIM-00280,2025-07-27,2025-12-20,10.23,5,12.35,7.36,100,90,90.0,30,1
SIM-00280,2025-10-08,2025-12-20,10.64,5,12.67,7.15,150,135,90.0,45,1
SIM-00280,2025-12-10,2025-12-20,10.07,5,14.4,5.37,200,170,85.0,60,1
SIM-00281,2025-05-15,2025-12-20,10.35,5,13.42,7.69,50,50,100.0,15,1
SIM-00281,2025-07-27,2025-12-20,12.35,5,14.44,10.58,100,90,90.0,30,1
SIM-00281,2025-10-08,2025-12-20,11.2,5,18.36,6.38,150,135,90.0,45,1
SIM-00281,2025-12-10,2025-12-20,13.39,5,18.34,9.48,200,185,92.5,60,1
SIM-00282,2025-05-15,2025-12-20,11.35,5,12.93,8.32,50,40,80.0,15,1
SIM-00282,2025-07-27,2025-12-20,12.49,5,15.27,10.78,100,90,90.0,30,1
SIM-00282,2025-10-08,2025-12-20,12.96,5,16.42,10.42,150,135,90.0,45,1
SIM-00282,2025-12-10,2025-12-20,11.56,5,15.27,10.07,200,175,87.5,60,1
SIM-00283,2025-05-15,2025-12-20,11.3,5,13.56,9.12,50,40,80.0,15,1
SIM-00283,2025-07-27,2025-12-20,9.45,5,10.94,7.86,100,75,75.0,30,1
SIM-00283,2025-10-08,2025-12-20,8.65,5,11.34,6.83,150,115,76.67,45,1
SIM-00283,2025-12-10,2025-12-20,8.79,5,11.87,6.35,200,160,80.0,60,1
SIM-00284,2025-05-15,2025-12-20,10.64,5,13.24,8.66,50,50,100.0,15,1
SIM-00284,2025-07-27,2025-12-20,10.47,5,11.93,7.99,100,95,95.0,30,1
SIM-00284,2025-10-08,2025-12-20,10.8,5,12.31,7.44,150,145,96.67,45,1
SIM-00284,2025-12-10,2025-12-20,11.27,5,17.36,7.48,200,185,92.5,60,1
SIM-00285,2025-05-15,2025-12-20,12.3,5,15.75,10.47,50,45,90.0,15,1
SIM-00285,2025-07-27,2025-12-20,11.68,5,13.56,9.18,100,90,90.0,30,1
SIM-00285,2025-10-08,2025-12-20,13.36,5,18.62,9.37,150,135,90.0,45,1
SIM-00285,2025-12-10,2025-12-20,13.07,5,16.64,8.96,200,180,90.0,60,1
SIM-00286,2025-05-15,2025-12-20,10.34,5,11.06,9.92,50,40,80.0,15,1
SIM-00286,2025-07-27,2025-12-20,10.29,5,13.15,6.94,100,75,75.0,30,1
SIM-00286,2025-10-08,2025-12-20,11.87,5,15.2,8.24,150,110,73.33,45,1
SIM-00286,2025-12-10,2025-12-20,10.25,5,11.21,8.56,200,155,77.5,60,1
SIM-00287,2025-05-15,2025-12-20,11.13,5,13.58,9.09,50,40,80.0,15,1
SIM-00287,2025-07-27,2025-12-20,10.42,5,12.62,8.31,100,85,85.0,30,1
SIM-00287,2025-10-08,2025-12-20,9.52,5,11.0,8.29,150,140,93.33,45,1
SIM-00287,2025-12-10,2025-12-20,8.25,5,12.24,4.58,200,175,87.5,60,1
SIM-00288,2025-05-15,2025-12-20,11.18,5,12.27,10.68,50,45,90.0,15,0
SIM-00288,2025-07-27,2025-12-20,11.74,5,13.96,8.3,100,95,95.0,30,0
SIM-00288,2025-10-08,2025-12-20,12.05,5,16.28,9.19,150,140,93.33,45,0
SIM-00288,2025-12-10,2025-12-20,13.64,5,14.59,13.01,200,185,92.5,60,0
SIM-00289,2025-05-15,2025-12-20,10.05,5,16.82,5.31,50,45,90.0,15,1
SIM-00289,2025-07-27,2025-12-20,12.84,5,14.92,10.64,100,85,85.0,30,1
SIM-00289,2025-10-08,2025-12-20,13.25,5,16.9,8.55,150,130,86.67,45,1
SIM-00289,2025-12-10,2025-12-20,13.1,5,16.19,8.92,200,180,90.0,60,1
SIM-00290,2025-05-15,2025-12-20,11.72,5,14.92,8.55,50,50,100.0,15,1
SIM-00290,2025-07-27,2025-12-20,11.48,5,12.83,9.63,100,100,100.0,30,1
SIM-00290,2025-10-08,2025-12-20,11.16,5,15.71,6.57,150,150,100.0,45,1
SIM-00290,2025-12-10,2025-12-20,12.03,5,19.3,7.94,200,195,97.5,60,1
SIM-00291,2025-05-15,2025-12-20,12.13,5,14.04,9.53,50,35,70.0,15,0
SIM-00291,2025-07-27,2025-12-20,14.52,5,16.2,12.08,100,70,70.0,30,0
SIM-00291,2025-10-08,2025-12-20,15.43,5,17.85,13.94,150,115,76.67,45,0
SIM-00291,2025-12-10,2025-12-20,17.7,5,20.0,14.71,200,170,85.0,60,0
SIM-00292,2025-05-15,2025-12-20,10.41,5,12.36,8.3,50,35,70.0,15,1
SIM-00292,2025-07-27,2025-12-20,12.03,5,14.51,9.28,100,70,70.0,30,1
SIM-00292,2025-10-08,2025-12-20,12.23,5,15.53,9.79,150,110,73.33,45,1
SIM-00292,2025-12-10,2025-12-20,13.62,5,18.11,9.31,200,130,65.0,60,1
SIM-00293,2025-05-15,2025-12-20,13.39,5,15.21,11.06,50,45,90.0,15,0
SIM-00293,2025-07-27,2025-12-20,12.86,5,14.97,10.29,100,85,85.0,30,0
SIM-00293,2025-10-08,2025-12-20,16.48,5,19.57,13.66,150,125,83.33,45,0
SIM-00293,2025-12-10,2025-12-20,16.11,5,17.81,15.09,200,175,87.5,60,0
SIM-00294,2025-05-15,2025-12-20,11.72,5,15.08,8.55,50,45,90.0,15,1
SIM-00294,2025-07-27,2025-12-20,10.89,5,14.4,7.79,100,90,90.0,30,1
SIM-00294,2025-10-08,2025-12-20,9.85,5,10.52,8.87,150,130,86.67,45,1
SIM-00294,2025-12-10,2025-12-20,10.28,5,13.68,5.71,200,165,82.5,60,1
SIM-00295,2025-05-15,2025-12-20,11.59,5,15.55,9.28,50,35,70.0,15,1
SIM-00295,2025-07-27,2025-12-20,11.77,5,14.18,8.95,100,70,70.0,30,1
SIM-00295,2025-10-08,2025-12-20,12.58,5,15.99,7.98,150,95,63.33,45,1
SIM-00295,2025-12-10,2025-12-20,12.17,5,16.03,9.3,200,130,65.0,60,1
SIM-00296,2025-05-15,2025-12-20,12.6,5,15.08,9.81,50,45,90.0,15,0
SIM-00296,2025-07-27,2025-12-20,13.94,5,15.14,11.01,100,85,85.0,30,0
SIM-00296,2025-10-08,2025-12-20,16.39,5,20.0,13.04,150,130,86.67,45,0
SIM-00296,2025-12-10,2025-12-20,15.69,5,18.08,10.51,200,170,85.0,60,0
SIM-00297,2025-05-15,2025-12-20,12.6,5,14.69,7.91,50,30,60.0,15,0
SIM-00297,2025-07-27,2025-12-20,12.74,5,15.78,11.12,100,65,65.0,30,0
SIM-00297,2025-10-08,2025-12-20,14.61,5,17.1,11.85,150,95,63.33,45,0
SIM-00297,2025-12-10,2025-12-20,14.08,5,16.98,10.79,200,130,65.0,60,0
SIM-00298,2025-05-15,2025-12-20,11.08,5,11.73,9.88,50,45,90.0,15,0
SIM-00298,2025-07-27,2025-12-20,12.82,5,15.13,9.86,100,85,85.0,30,0
SIM-00298,2025-10-08,2025-12-20,13.14,5,15.51,10.56,150,135,90.0,45,0
SIM-00298,2025-12-10,2025-12-20,12.56,5,15.45,10.3,200,180,90.0,60,0
SIM-00299,2025-05-15,2025-12-20,12.56,5,13.22,11.64,50,25,50.0,15,0
SIM-00299,2025-07-27,2025-12-20,11.56,5,14.06,9.29,100,55,55.0,30,0
SIM-00299,2025-10-08,2025-12-20,13.25,5,16.21,8.29,150,80,53.33,45,0
SIM-00299,2025-12-10,2025-12-20,13.83,5,18.35,11.75,200,110,55.0,60,0
SIM-00300,2025-05-15,2025-12-20,11.45,5,12.5,9.03,50,35,70.0,15,1
SIM-00300,2025-07-27,2025-12-20,12.84,5,14.14,11.8,100,70,70.0,30,1
SIM-00300,2025-10-08,2025-12-20,11.59,5,17.02,7.81,150,105,70.0,45,1
SIM-00300,2025-12-10,2025-12-20,12.93,5,16.5,8.16,200,150,75.0,60,1
SIM-00301,2025-05-15,2025-12-20,11.3,5,12.56,10.51,50,50,100.0,15,1
SIM-00301,2025-07-27,2025-12-20,12.17,5,15.43,7.79,100,90,90.0,30,1
SIM-00301,2025-10-08,2025-12-20,12.76,5,14.6,10.93,150,145,96.67,45,1
SIM-00301,2025-12-10,2025-12-20,10.78,5,14.22,7.7,200,195,97.5,60,1
SIM-00302,2025-05-15,2025-12-20,10.34,5,12.04,8.61,50,40,80.0,15,1
SIM-00302,2025-07-27,2025-12-20,11.09,5,13.74,9.03,100,90,90.0,30,1
SIM-00302,2025-10-08,2025-12-20,12.32,5,14.9,9.27,150,130,86.67,45,1
SIM-00302,2025-12-10,2025-12-20,11.58,5,14.9,6.34,200,170,85.0,60,1
SIM-00303,2025-05-15,2025-12-20,12.29,5,14.67,10.21,50,50,100.0,15,1
SIM-00303,2025-07-27,2025-12-20,13.2,5,17.64,10.99,100,90,90.0,30,1
SIM-00303,2025-10-08,2025-12-20,12.22,5,16.23,8.06,150,150,100.0,45,1
SIM-00303,2025-12-10,2025-12-20,12.45,5,17.3,8.43,200,190,95.0,60,1
SIM-00304,2025-05-15,2025-12-20,10.85,5,13.58,9.41,50,45,90.0,15,1
SIM-00304,2025-07-27,2025-12-20,10.37,5,14.27,5.42,100,80,80.0,30,1
SIM-00304,2025-10-08,2025-12-20,10.4,5,14.09,7.7,150,140,93.33,45,1
SIM-00304,2025-12-10,2025-12-20,10.94,5,16.02,4.86,200,180,90.0,60,1
SIM-00305,2025-05-15,2025-12-20,10.76,5,12.46,9.51,50,40,80.0,15,1
SIM-00305,2025-07-27,2025-12-20,11.92,5,13.76,9.21,100,80,80.0,30,1
SIM-00305,2025-10-08,2025-12-20,12.63,5,16.97,9.14,150,120,80.0,45,1
SIM-00305,2025-12-10,2025-12-20,13.39,5,16.93,7.03,200,160,80.0,60,1
SIM-00306,2025-05-15,2025-12-20,9.84,5,12.26,7.82,50,35,70.0,15,1
SIM-00306,2025-07-27,2025-12-20,9.96,5,11.24,8.77,100,70,70.0,30,1
SIM-00306,2025-10-08,2025-12-20,8.68,5,11.21,6.36,150,110,73.33,45,1
SIM-00306,2025-12-10,2025-12-20,7.48,5,9.61,4.39,200,145,72.5,60,1
SIM-00307,2025-05-15,2025-12-20,12.09,5,14.7,10.12,50,35,70.0,15,1
SIM-00307,2025-07-27,2025-12-20,12.97,5,17.14,9.49,100,65,65.0,30,1
SIM-00307,2025-10-08,2025-12-20,12.62,5,15.37,11.14,150,105,70.0,45,1
SIM-00307,2025-12-10,2025-12-20,12.79,5,15.4,10.68,200,135,67.5,60,1
SIM-00308,2025-05-15,2025-12-20,10.23,5,13.0,8.94,50,40,80.0,15,0
SIM-00308,2025-07-27,2025-12-20,12.4,5,14.74,10.59,100,85,85.0,30,0
SIM-00308,2025-10-08,2025-12-20,12.96,5,14.06,11.25,150,125,83.33,45,0
SIM-00308,2025-12-10,2025-12-20,14.15,5,16.75,11.55,200,160,80.0,60,0
SIM-00309,2025-05-15,2025-12-20,10.81,5,11.52,10.09,50,45,90.0,15,1
SIM-00309,2025-07-27,2025-12-20,11.9,5,13.28,10.48,100,90,90.0,30,1
SIM-00309,2025-10-08,2025-12-20,11.21,5,12.93,9.89,150,150,100.0,45,1
SIM-00309,2025-12-10,2025-12-20,10.94,5,13.68,7.13,200,195,97.5,60,1
SIM-00310,2025-05-15,2025-12-20,11.1,5,13.79,8.79,50,40,80.0,15,1
SIM-00310,2025-07-27,2025-12-20,9.01,5,9.68,7.89,100,80,80.0,30,1
SIM-00310,2025-10-08,2025-12-20,6.73,5,10.55,3.82,150,130,86.67,45,1
SIM-00310,2025-12-10,2025-12-20,6.37,5,9.67,2.6,200,170,85.0,60,1
SIM-00311,2025-05-15,2025-12-20,12.54,5,14.82,10.22,50,45,90.0,15,0
SIM-00311,2025-07-27,2025-12-20,14.91,5,18.45,12.94,100,85,85.0,30,0
SIM-00311,2025-10-08,2025-12-20,15.21,5,18.77,11.65,150,120,80.0,45,0
SIM-00311,2025-12-10,2025-12-20,16.17,5,19.43,12.42,200,180,90.0,60,0
SIM-00312,2025-05-15,2025-12-20,10.4,5,13.32,7.03,50,45,90.0,15,1
SIM-00312,2025-07-27,2025-12-20,9.77,5,11.37,8.2,100,85,85.0,30,1
SIM-00312,2025-10-08,2025-12-20,11.55,5,13.58,9.64,150,130,86.67,45,1
SIM-00312,2025-12-10,2025-12-20,11.26,5,14.35,7.65,200,190,95.0,60,1
SIM-00313,2025-05-15,2025-12-20,10.85,5,12.29,8.0,50,40,80.0,15,1
SIM-00313,2025-07-27,2025-12-20,12.04,5,15.52,10.22,100,80,80.0,30,1
SIM-00313,2025-10-08,2025-12-20,11.13,5,13.79,6.56,150,130,86.67,45,1
SIM-00313,2025-12-10,2025-12-20,11.48,5,16.09,7.3,200,160,80.0,60,1
SIM-00314,2025-05-15,2025-12-20,13.04,5,16.03,9.85,50,40,80.0,15,1
SIM-00314,2025-07-27,2025-12-20,11.09,5,13.45,8.61,100,75,75.0,30,1
SIM-00314,2025-10-08,2025-12-20,12.46,5,16.6,7.69,150,115,76.67,45,1
SIM-00314,2025-12-10,2025-12-20,14.23,5,19.2,9.15,200,155,77.5,60,1
SIM-00315,2025-05-15,2025-12-20,11.44,5,14.18,8.09,50,30,60.0,15,1
SIM-00315,2025-07-27,2025-12-20,12.92,5,15.21,9.65,100,75,75.0,30,1
SIM-00315,2025-10-08,2025-12-20,10.95,5,13.36,7.91,150,105,70.0,45,1
SIM-00315,2025-12-10,2025-12-20,11.85,5,14.77,7.11,200,140,70.0,60,1
SIM-00316,2025-05-15,2025-12-20,12.9,5,14.49,11.77,50,40,80.0,15,0
SIM-00316,2025-07-27,2025-12-20,12.48,5,15.18,10.69,100,85,85.0,30,0
SIM-00316,2025-10-08,2025-12-20,15.96,5,18.79,11.62,150,135,90.0,45,0
SIM-00316,2025-12-10,2025-12-20,15.2,5,17.97,12.38,200,170,85.0,60,0
SIM-00317,2025-05-15,2025-12-20,12.36,5,15.72,10.73,50,40,80.0,15,1
SIM-00317,2025-07-27,2025-12-20,12.83,5,14.81,11.03,100,75,75.0,30,1
SIM-00317,2025-10-08,2025-12-20,12.46,5,15.07,8.16,150,115,76.67,45,1
SIM-00317,2025-12-10,2025-12-20,14.52,5,20.0,10.81,200,145,72.5,60,1
SIM-00318,2025-05-15,2025-12-20,13.04,5,15.51,10.25,50,40,80.0,15,0
SIM-00318,2025-07-27,2025-12-20,12.76,5,14.14,11.59,100,90,90.0,30,0
SIM-00318,2025-10-08,2025-12-20,11.68,5,16.2,7.81,150,130,86.67,45,0
SIM-00318,2025-12-10,2025-12-20,14.13,5,15.75,11.44,200,180,90.0,60,0
SIM-00319,2025-05-15,2025-12-20,11.25,5,13.83,8.51,50,35,70.0,15,1
SIM-00319,2025-07-27,2025-12-20,11.1,5,12.89,8.64,100,65,65.0,30,1
SIM-00319,2025-10-08,2025-12-20,9.58,5,12.24,7.68,150,105,70.0,45,1
SIM-00319,2025-12-10,2025-12-20,8.38,5,12.18,5.48,200,125,62.5,60,1
SIM-00320,2025-05-15,2025-12-20,12.51,5,15.12,10.45,50,35,70.0,15,1
SIM-00320,2025-07-27,2025-12-20,11.27,5,12.9,9.99,100,80,80.0,30,1
SIM-00320,2025-10-08,2025-12-20,12.63,5,18.22,8.25,150,110,73.33,45,1
SIM-00320,2025-12-10,2025-12-20,12.15,5,15.44,10.0,200,155,77.5,60,1
SIM-00321,2025-05-15,2025-12-20,10.81,5,13.39,8.8,50,45,90.0,15,1
SIM-00321,2025-07-27,2025-12-20,10.8,5,12.77,8.78,100,95,95.0,30,1
SIM-00321,2025-10-08,2025-12-20,10.53,5,13.54,6.75,150,130,86.67,45,1
SIM-00321,2025-12-10,2025-12-20,12.09,5,14.11,9.26,200,185,92.5,60,1
SIM-00322,2025-05-15,2025-12-20,12.17,5,14.15,9.49,50,45,90.0,15,0
SIM-00322,2025-07-27,2025-12-20,13.77,5,16.03,11.78,100,85,85.0,30,0
SIM-00322,2025-10-08,2025-12-20,15.14,5,18.2,13.65,150,135,90.0,45,0
SIM-00322,2025-12-10,2025-12-20,14.7,5,17.57,12.18,200,170,85.0,60,0
SIM-00323,2025-05-15,2025-12-20,11.65,5,15.44,8.5,50,40,80.0,15,1
SIM-00323,2025-07-27,2025-12-20,11.52,5,13.82,7.32,100,80,80.0,30,1
SIM-00323,2025-10-08,2025-12-20,13.21,5,15.73,10.04,150,115,76.67,45,1
SIM-00323,2025-12-10,2025-12-20,12.65,5,17.42,9.35,200,180,90.0,60,1
SIM-00324,2025-05-15,2025-12-20,10.85,5,13.97,8.76,50,50,100.0,15,1
SIM-00324,2025-07-27,2025-12-20,12.26,5,13.91,7.7,100,95,95.0,30,1
SIM-00324,2025-10-08,2025-12-20,9.56,5,11.54,7.41,150,135,90.0,45,1
SIM-00324,2025-12-10,2025-12-20,12.0,5,14.61,10.11,200,180,90.0,60,1
SIM-00325,2025-05-15,2025-12-20,10.6,5,11.28,9.91,50,45,90.0,15,1
SIM-00325,2025-07-27,2025-12-20,10.65,5,13.59,8.4,100,90,90.0,30,1
SIM-00325,2025-10-08,2025-12-20,10.13,5,13.45,7.46,150,145,96.67,45,1
SIM-00325,2025-12-10,2025-12-20,7.9,5,11.97,3.02,200,175,87.5,60,1
SIM-00326,2025-05-15,2025-12-20,12.45,5,14.89,11.02,50,45,90.0,15,1
SIM-00326,2025-07-27,2025-12-20,12.55,5,14.15,8.64,100,90,90.0,30,1
SIM-00326,2025-10-08,2025-12-20,12.94,5,13.68,12.29,150,140,93.33,45,1
SIM-00326,2025-12-10,2025-12-20,14.12,5,16.18,11.31,200,175,87.5,60,1
SIM-00327,2025-05-15,2025-12-20,13.35,5,15.26,11.66,50,45,90.0,15,1
SIM-00327,2025-07-27,2025-12-20,11.27,5,12.63,9.19,100,95,95.0,30,1
SIM-00327,2025-10-08,2025-12-20,11.34,5,16.69,6.36,150,130,86.67,45,1
SIM-00327,2025-12-10,2025-12-20,10.19,5,17.45,7.69,200,185,92.5,60,1
SIM-00328,2025-05-15,2025-12-20,11.49,5,14.59,9.71,50,40,80.0,15,0
SIM-00328,2025-07-27,2025-12-20,13.91,5,17.96,10.83,100,75,75.0,30,0
SIM-00328,2025-10-08,2025-12-20,14.58,5,15.85,11.08,150,115,76.67,45,0
SIM-00328,2025-12-10,2025-12-20,14.26,5,16.72,11.92,200,145,72.5,60,0
SIM-00329,2025-05-15,2025-12-20,11.21,5,12.92,7.92,50,50,100.0,15,1
SIM-00329,2025-07-27,2025-12-20,11.49,5,15.25,7.54,100,90,90.0,30,1
SIM-00329,2025-10-08,2025-12-20,12.61,5,16.96,10.11,150,140,93.33,45,1
SIM-00329,2025-12-10,2025-12-20,12.62,5,16.55,9.28,200,185,92.5,60,1
SIM-00330,2025-05-15,2025-12-20,13.04,5,15.47,10.47,50,30,60.0,15,1
SIM-00330,2025-07-27,2025-12-20,12.38,5,18.51,9.89,100,65,65.0,30,1
SIM-00330,2025-10-08,2025-12-20,12.78,5,16.13,10.2,150,100,66.67,45,1
SIM-00330,2025-12-10,2025-12-20,13.95,5,19.65,8.62,200,120,60.0,60,1
SIM-00331,2025-05-15,2025-12-20,11.52,5,14.97,9.6,50,40,80.0,15,0
SIM-00331,2025-07-27,2025-12-20,12.32,5,16.59,8.44,100,75,75.0,30,0
SIM-00331,2025-10-08,2025-12-20,13.03,5,16.5,9.48,150,105,70.0,45,0
SIM-00331,2025-12-10,2025-12-20,14.64,5,17.5,12.17,200,160,80.0,60,0
SIM-00332,2025-05-15,2025-12-20,10.42,5,11.32,8.4,50,50,100.0,15,1
SIM-00332,2025-07-27,2025-12-20,10.64,5,15.94,7.18,100,85,85.0,30,1
SIM-00332,2025-10-08,2025-12-20,10.09,5,13.38,2.74,150,130,86.67,45,1
SIM-00332,2025-12-10,2025-12-20,9.14,5,11.03,7.88,200,175,87.5,60,1
SIM-00333,2025-05-15,2025-12-20,12.99,5,14.79,8.91,50,50,100.0,15,0
SIM-00333,2025-07-27,2025-12-20,13.43,5,15.44,8.9,100,100,100.0,30,0
SIM-00333,2025-10-08,2025-12-20,14.75,5,18.72,10.25,150,150,100.0,45,0
SIM-00333,2025-12-10,2025-12-20,17.08,5,20.0,11.27,200,195,97.5,60,0
SIM-00334,2025-05-15,2025-12-20,10.35,5,14.96,8.03,50,45,90.0,15,1
SIM-00334,2025-07-27,2025-12-20,10.86,5,12.94,7.44,100,90,90.0,30,1
SIM-00334,2025-10-08,2025-12-20,12.87,5,14.75,11.37,150,125,83.33,45,1
SIM-00334,2025-12-10,2025-12-20,12.04,5,15.97,7.05,200,165,82.5,60,1
SIM-00335,2025-05-15,2025-12-20,11.9,5,12.95,10.72,50,40,80.0,15,1
SIM-00335,2025-07-27,2025-12-20,9.75,5,10.82,8.38,100,80,80.0,30,1
SIM-00335,2025-10-08,2025-12-20,9.59,5,13.86,6.12,150,120,80.0,45,1
SIM-00335,2025-12-10,2025-12-20,9.92,5,12.47,6.28,200,150,75.0,60,1
SIM-00336,2025-05-15,2025-12-20,13.47,5,17.12,9.57,50,45,90.0,15,1
SIM-00336,2025-07-27,2025-12-20,12.07,5,15.21,9.35,100,85,85.0,30,1
SIM-00336,2025-10-08,2025-12-20,14.65,5,20.0,8.64,150,125,83.33,45,1
SIM-00336,2025-12-10,2025-12-20,14.33,5,18.59,8.59,200,175,87.5,60,1
SIM-00337,2025-05-15,2025-12-20,13.6,5,16.11,12.26,50,40,80.0,15,0
SIM-00337,2025-07-27,2025-12-20,12.62,5,15.39,11.59,100,75,75.0,30,0
SIM-00337,2025-10-08,2025-12-20,13.19,5,15.62,12.14,150,125,83.33,45,0
SIM-00337,2025-12-10,2025-12-20,14.86,5,17.01,11.74,200,170,85.0,60,0
SIM-00338,2025-05-15,2025-12-20,12.19,5,13.88,8.7,50,50,100.0,15,0
SIM-00338,2025-07-27,2025-12-20,14.24,5,17.47,9.39,100,100,100.0,30,0
SIM-00338,2025-10-08,2025-12-20,14.87,5,19.43,8.78,150,145,96.67,45,0
SIM-00338,2025-12-10,2025-12-20,15.47,5,18.98,13.92,200,195,97.5,60,0
SIM-00339,2025-05-15,2025-12-20,10.93,5,12.75,9.04,50,35,70.0,15,1
SIM-00339,2025-07-27,2025-12-20,10.48,5,14.36,7.89,100,65,65.0,30,1
SIM-00339,2025-10-08,2025-12-20,10.59,5,13.3,8.23,150,100,66.67,45,1
SIM-00339,2025-12-10,2025-12-20,12.61,5,17.99,8.31,200,145,72.5,60,1
SIM-00340,2025-05-15,2025-12-20,10.0,5,12.95,7.48,50,35,70.0,15,1
SIM-00340,2025-07-27,2025-12-20,11.44,5,14.79,7.94,100,65,65.0,30,1
SIM-00340,2025-10-08,2025-12-20,12.17,5,14.72,10.71,150,100,66.67,45,1
SIM-00340,2025-12-10,2025-12-20,11.09,5,13.76,7.78,200,125,62.5,60,1
SIM-00341,2025-05-15,2025-12-20,10.48,5,12.22,8.02,50,45,90.0,15,1
SIM-00341,2025-07-27,2025-12-20,10.15,5,12.32,6.6,100,85,85.0,30,1
SIM-00341,2025-10-08,2025-12-20,10.58,5,12.92,8.22,150,130,86.67,45,1
SIM-00341,2025-12-10,2025-12-20,12.32,5,15.75,4.43,200,175,87.5,60,1
SIM-00342,2025-05-15,2025-12-20,11.91,5,16.52,8.39,50,40,80.0,15,0
SIM-00342,2025-07-27,2025-12-20,12.5,5,14.58,10.43,100,80,80.0,30,0
SIM-00342,2025-10-08,2025-12-20,13.73,5,17.94,11.4,150,125,83.33,45,0
SIM-00342,2025-12-10,2025-12-20,15.21,5,19.55,11.61,200,175,87.5,60,0
SIM-00343,2025-05-15,2025-12-20,13.24,5,15.92,11.38,50,50,100.0,15,0
SIM-00343,2025-07-27,2025-12-20,13.43,5,16.06,11.52,100,90,90.0,30,0
SIM-00343,2025-10-08,2025-12-20,14.32,5,20.0,11.63,150,135,90.0,45,0
SIM-00343,2025-12-10,2025-12-20,15.96,5,20.0,11.64,200,180,90.0,60,0
SIM-00344,2025-05-15,2025-12-20,8.85,5,12.34,5.18,50,35,70.0,15,1
SIM-00344,2025-07-27,2025-12-20,12.17,5,14.95,9.34,100,80,80.0,30,1
SIM-00344,2025-10-08,2025-12-20,13.12,5,16.14,11.22,150,115,76.67,45,1
SIM-00344,2025-12-10,2025-12-20,13.66,5,16.24,11.92,200,155,77.5,60,1
SIM-00345,2025-05-15,2025-12-20,13.21,5,15.6,11.09,50,45,90.0,15,1
SIM-00345,2025-07-27,2025-12-20,10.93,5,14.17,6.33,100,90,90.0,30,1
SIM-00345,2025-10-08,2025-12-20,13.04,5,16.07,10.0,150,150,100.0,45,1
SIM-00345,2025-12-10,2025-12-20,13.25,5,18.32,8.13,200,175,87.5,60,1
SIM-00346,2025-05-15,2025-12-20,11.21,5,14.8,7.67,50,50,100.0,15,1
SIM-00346,2025-07-27,2025-12-20,10.68,5,13.89,8.38,100,95,95.0,30,1
SIM-00346,2025-10-08,2025-12-20,10.79,5,13.73,9.35,150,135,90.0,45,1
SIM-00346,2025-12-10,2025-12-20,10.58,5,14.04,7.11,200,195,97.5,60,1
SIM-00347,2025-05-15,2025-12-20,11.14,5,14.61,9.39,50,40,80.0,15,1
SIM-00347,2025-07-27,2025-12-20,11.03,5,11.62,9.19,100,80,80.0,30,1
SIM-00347,2025-10-08,2025-12-20,10.74,5,14.89,7.4,150,120,80.0,45,1
SIM-00347,2025-12-10,2025-12-20,12.45,5,14.76,10.29,200,175,87.5,60,1
SIM-00348,2025-05-15,2025-12-20,11.77,5,18.39,7.65,50,35,70.0,15,1
SIM-00348,2025-07-27,2025-12-20,11.24,5,14.66,8.06,100,60,60.0,30,1
SIM-00348,2025-10-08,2025-12-20,12.74,5,15.92,8.92,150,95,63.33,45,1
SIM-00348,2025-12-10,2025-12-20,11.54,5,16.94,5.06,200,130,65.0,60,1
SIM-00349,2025-05-15,2025-12-20,10.64,5,13.78,7.48,50,40,80.0,15,1
SIM-00349,2025-07-27,2025-12-20,11.19,5,13.27,9.61,100,75,75.0,30,1
SIM-00349,2025-10-08,2025-12-20,10.88,5,12.98,8.96,150,120,80.0,45,1
SIM-00349,2025-12-10,2025-12-20,12.74,5,18.12,7.47,200,160,80.0,60,1
SIM-00350,2025-05-15,2025-12-20,11.64,5,13.13,8.96,50,45,90.0,15,1
SIM-00350,2025-07-27,2025-12-20,10.13,5,11.81,7.17,100,90,90.0,30,1
SIM-00350,2025-10-08,2025-12-20,9.5,5,12.54,4.04,150,140,93.33,45,1
SIM-00350,2025-12-10,2025-12-20,11.66,5,14.11,6.18,200,180,90.0,60,1
SIM-00351,2025-05-15,2025-12-20,10.59,5,12.01,8.43,50,45,90.0,15,0
SIM-00351,2025-07-27,2025-12-20,13.8,5,15.48,12.33,100,90,90.0,30,0
SIM-00351,2025-10-08,2025-12-20,15.1,5,17.29,12.92,150,145,96.67,45,0
SIM-00351,2025-12-10,2025-12-20,15.25,5,19.98,12.97,200,200,100.0,60,0
SIM-00352,2025-05-15,2025-12-20,11.6,5,12.28,10.77,50,40,80.0,15,1
SIM-00352,2025-07-27,2025-12-20,10.82,5,14.23,9.07,100,80,80.0,30,1
SIM-00352,2025-10-08,2025-12-20,10.49,5,13.24,8.23,150,110,73.33,45,1
SIM-00352,2025-12-10,2025-12-20,11.84,5,12.79,11.0,200,165,82.5,60,1
SIM-00353,2025-05-15,2025-12-20,11.71,5,13.41,9.98,50,40,80.0,15,0
SIM-00353,2025-07-27,2025-12-20,12.8,5,16.68,8.35,100,85,85.0,30,0
SIM-00353,2025-10-08,2025-12-20,14.34,5,18.24,9.47,150,140,93.33,45,0
SIM-00353,2025-12-10,2025-12-20,14.47,5,17.5,12.14,200,180,90.0,60,0
SIM-00354,2025-05-15,2025-12-20,9.47,5,12.91,5.22,50,40,80.0,15,1
SIM-00354,2025-07-27,2025-12-20,11.19,5,15.81,8.13,100,75,75.0,30,1
SIM-00354,2025-10-08,2025-12-20,9.31,5,11.55,6.16,150,120,80.0,45,1
SIM-00354,2025-12-10,2025-12-20,11.93,5,16.43,6.52,200,160,80.0,60,1
SIM-00355,2025-05-15,2025-12-20,12.1,5,14.36,9.94,50,40,80.0,15,0
SIM-00355,2025-07-27,2025-12-20,11.78,5,14.68,9.35,100,80,80.0,30,0
SIM-00355,2025-10-08,2025-12-20,13.42,5,15.8,11.18,150,125,83.33,45,0
SIM-00355,2025-12-10,2025-12-20,12.6,5,17.86,10.19,200,160,80.0,60,0
SIM-00356,2025-05-15,2025-12-20,12.01,5,14.8,8.3,50,30,60.0,15,0
SIM-00356,2025-07-27,2025-12-20,11.75,5,14.7,10.76,100,75,75.0,30,0
SIM-00356,2025-10-08,2025-12-20,13.45,5,17.14,11.98,150,100,66.67,45,0
SIM-00356,2025-12-10,2025-12-20,16.08,5,20.0,9.9,200,130,65.0,60,0
SIM-00357,2025-05-15,2025-12-20,12.12,5,15.14,8.34,50,40,80.0,15,0
SIM-00357,2025-07-27,2025-12-20,12.53,5,18.74,7.68,100,85,85.0,30,0
SIM-00357,2025-10-08,2025-12-20,15.26,5,16.84,14.17,150,135,90.0,45,0
SIM-00357,2025-12-10,2025-12-20,13.37,5,14.86,11.73,200,170,85.0,60,0
SIM-00358,2025-05-15,2025-12-20,11.02,5,14.98,9.03,50,40,80.0,15,1
SIM-00358,2025-07-27,2025-12-20,9.67,5,12.05,7.03,100,90,90.0,30,1
SIM-00358,2025-10-08,2025-12-20,9.4,5,10.65,7.94,150,135,90.0,45,1
SIM-00358,2025-12-10,2025-12-20,10.11,5,13.17,5.97,200,180,90.0,60,1
SIM-00359,2025-05-15,2025-12-20,11.61,5,14.89,8.38,50,35,70.0,15,0
SIM-00359,2025-07-27,2025-12-20,14.47,5,16.3,13.46,100,60,60.0,30,0
SIM-00359,2025-10-08,2025-12-20,13.68,5,14.58,12.92,150,95,63.33,45,0
SIM-00359,2025-12-10,2025-12-20,14.41,5,15.33,13.83,200,135,67.5,60,0
SIM-00360,2025-05-15,2025-12-20,9.62,5,11.19,7.81,50,15,30.0,15,1
SIM-00360,2025-07-27,2025-12-20,10.99,5,14.86,8.9,100,40,40.0,30,1
SIM-00360,2025-10-08,2025-12-20,8.51,5,11.39,6.53,150,60,40.0,45,1
SIM-00360,2025-12-10,2025-12-20,10.96,5,16.14,7.57,200,70,35.0,60,1
SIM-00361,2025-05-15,2025-12-20,10.72,5,11.21,10.11,50,50,100.0,15,1
SIM-00361,2025-07-27,2025-12-20,11.15,5,13.07,8.27,100,95,95.0,30,1
SIM-00361,2025-10-08,2025-12-20,10.41,5,13.1,8.79,150,140,93.33,45,1
SIM-00361,2025-12-10,2025-12-20,11.71,5,15.26,8.08,200,195,97.5,60,1
SIM-00362,2025-05-15,2025-12-20,12.3,5,14.87,9.59,50,45,90.0,15,0
SIM-00362,2025-07-27,2025-12-20,13.61,5,15.09,10.91,100,80,80.0,30,0
SIM-00362,2025-10-08,2025-12-20,15.6,5,19.21,13.93,150,130,86.67,45,0
SIM-00362,2025-12-10,2025-12-20,15.03,5,16.2,13.11,200,160,80.0,60,0
SIM-00363,2025-05-15,2025-12-20,10.23,5,11.68,8.33,50,40,80.0,15,1
SIM-00363,2025-07-27,2025-12-20,8.94,5,11.76,6.23,100,80,80.0,30,1
SIM-00363,2025-10-08,2025-12-20,8.3,5,9.83,5.4,150,125,83.33,45,1
SIM-00363,2025-12-10,2025-12-20,7.06,5,12.93,2.74,200,170,85.0,60,1
SIM-00364,2025-05-15,2025-12-20,11.8,5,12.75,9.08,50,30,60.0,15,1
SIM-00364,2025-07-27,2025-12-20,12.11,5,16.15,9.55,100,60,60.0,30,1
SIM-00364,2025-10-08,2025-12-20,10.14,5,11.41,8.58,150,90,60.0,45,1
SIM-00364,2025-12-10,2025-12-20,11.43,5,13.45,7.14,200,120,60.0,60,1
SIM-00365,2025-05-15,2025-12-20,10.76,5,13.24,6.73,50,45,90.0,15,1
SIM-00365,2025-07-27,2025-12-20,12.67,5,16.74,10.69,100,90,90.0,30,1
SIM-00365,2025-10-08,2025-12-20,11.48,5,15.01,8.66,150,130,86.67,45,1
SIM-00365,2025-12-10,2025-12-20,13.63,5,15.29,9.82,200,170,85.0,60,1
SIM-00366,2025-05-15,2025-12-20,11.53,5,14.24,8.21,50,45,90.0,15,0
SIM-00366,2025-07-27,2025-12-20,13.76,5,16.88,8.89,100,95,95.0,30,0
SIM-00366,2025-10-08,2025-12-20,15.73,5,18.26,14.24,150,150,100.0,45,0
SIM-00366,2025-12-10,2025-12-20,15.64,5,20.0,12.28,200,185,92.5,60,0
SIM-00367,2025-05-15,2025-12-20,10.54,5,15.43,7.26,50,50,100.0,15,1
SIM-00367,2025-07-27,2025-12-20,11.43,5,15.71,6.17,100,95,95.0,30,1
SIM-00367,2025-10-08,2025-12-20,10.11,5,14.46,5.84,150,145,96.67,45,1
SIM-00367,2025-12-10,2025-12-20,10.05,5,13.91,8.46,200,190,95.0,60,1
SIM-00368,2025-05-15,2025-12-20,10.72,5,14.85,7.92,50,50,100.0,15,1
SIM-00368,2025-07-27,2025-12-20,10.65,5,12.25,8.8,100,90,90.0,30,1
SIM-00368,2025-10-08,2025-12-20,10.53,5,10.93,10.12,150,135,90.0,45,1
SIM-00368,2025-12-10,2025-12-20,8.87,5,12.8,7.35,200,180,90.0,60,1
SIM-00369,2025-05-15,2025-12-20,11.41,5,13.79,9.72,50,45,90.0,15,0
SIM-00369,2025-07-27,2025-12-20,12.51,5,14.94,11.07,100,90,90.0,30,0
SIM-00369,2025-10-08,2025-12-20,12.89,5,14.26,8.94,150,135,90.0,45,0
SIM-00369,2025-12-10,2025-12-20,14.37,5,16.91,12.38,200,180,90.0,60,0
SIM-00370,2025-05-15,2025-12-20,12.39,5,13.82,9.53,50,45,90.0,15,0
SIM-00370,2025-07-27,2025-12-20,14.95,5,17.08,13.04,100,90,90.0,30,0
SIM-00370,2025-10-08,2025-12-20,17.17,5,18.75,12.99,150,130,86.67,45,0
SIM-00370,2025-12-10,2025-12-20,15.96,5,20.0,9.53,200,175,87.5,60,0
SIM-00371,2025-05-15,2025-12-20,10.87,5,11.97,9.15,50,35,70.0,15,1
SIM-00371,2025-07-27,2025-12-20,13.11,5,16.95,10.95,100,70,70.0,30,1
SIM-00371,2025-10-08,2025-12-20,14.88,5,17.09,11.55,150,100,66.67,45,1
SIM-00371,2025-12-10,2025-12-20,15.92,5,20.0,10.49,200,135,67.5,60,1
SIM-00372,2025-05-15,2025-12-20,10.85,5,16.16,8.34,50,45,90.0,15,1
SIM-00372,2025-07-27,2025-12-20,9.82,5,10.76,8.54,100,90,90.0,30,1
SIM-00372,2025-10-08,2025-12-20,11.08,5,13.23,9.32,150,140,93.33,45,1
SIM-00372,2025-12-10,2025-12-20,8.83,5,11.39,8.06,200,185,92.5,60,1
SIM-00373,2025-05-15,2025-12-20,11.41,5,12.35,10.63,50,40,80.0,15,1
SIM-00373,2025-07-27,2025-12-20,11.89,5,14.94,8.22,100,95,95.0,30,1
SIM-00373,2025-10-08,2025-12-20,13.01,5,14.37,10.47,150,140,93.33,45,1
SIM-00373,2025-12-10,2025-12-20,11.63,5,16.47,7.06,200,170,85.0,60,1
SIM-00374,2025-05-15,2025-12-20,11.09,5,11.87,10.39,50,40,80.0,15,1
SIM-00374,2025-07-27,2025-12-20,9.45,5,10.36,8.35,100,80,80.0,30,1
SIM-00374,2025-10-08,2025-12-20,11.61,5,13.66,9.36,150,110,73.33,45,1
SIM-00374,2025-12-10,2025-12-20,8.21,5,12.4,4.34,200,150,75.0,60,1
SIM-00375,2025-05-15,2025-12-20,11.21,5,13.37,10.03,50,30,60.0,15,1
SIM-00375,2025-07-27,2025-12-20,10.47,5,13.02,8.18,100,55,55.0,30,1
SIM-00375,2025-10-08,2025-12-20,9.06,5,13.53,6.24,150,75,50.0,45,1
SIM-00375,2025-12-10,2025-12-20,10.23,5,18.12,4.79,200,105,52.5,60,1
SIM-00376,2025-05-15,2025-12-20,10.42,5,15.05,7.62,50,35,70.0,15,1
SIM-00376,2025-07-27,2025-12-20,11.06,5,12.97,8.43,100,75,75.0,30,1
SIM-00376,2025-10-08,2025-12-20,11.31,5,14.46,7.72,150,100,66.67,45,1
SIM-00376,2025-12-10,2025-12-20,9.81,5,14.35,3.71,200,130,65.0,60,1
SIM-00377,2025-05-15,2025-12-20,12.86,5,15.88,11.15,50,35,70.0,15,0
SIM-00377,2025-07-27,2025-12-20,10.33,5,13.66,7.9,100,80,80.0,30,0
SIM-00377,2025-10-08,2025-12-20,14.88,5,17.3,11.49,150,120,80.0,45,0
SIM-00377,2025-12-10,2025-12-20,13.76,5,17.69,9.91,200,155,77.5,60,0
SIM-00378,2025-05-15,2025-12-20,11.96,5,14.23,8.35,50,50,100.0,15,1
SIM-00378,2025-07-27,2025-12-20,12.77,5,17.48,10.49,100,95,95.0,30,1
SIM-00378,2025-10-08,2025-12-20,9.96,5,12.8,7.28,150,135,90.0,45,1
SIM-00378,2025-12-10,2025-12-20,13.35,5,19.26,8.9,200,190,95.0,60,1
SIM-00379,2025-05-15,2025-12-20,11.93,5,14.05,9.95,50,15,30.0,15,0
SIM-00379,2025-07-27,2025-12-20,12.31,5,16.38,8.64,100,45,45.0,30,0
SIM-00379,2025-10-08,2025-12-20,14.16,5,17.35,12.37,150,60,40.0,45,0
SIM-00379,2025-12-10,2025-12-20,16.27,5,19.11,12.39,200,80,40.0,60,0
SIM-00380,2025-05-15,2025-12-20,11.09,5,12.85,8.89,50,45,90.0,15,1
SIM-00380,2025-07-27,2025-12-20,11.29,5,13.38,9.53,100,90,90.0,30,1
SIM-00380,2025-10-08,2025-12-20,12.85,5,15.72,11.59,150,135,90.0,45,1
SIM-00380,2025-12-10,2025-12-20,12.19,5,14.7,10.66,200,190,95.0,60,1
SIM-00381,2025-05-15,2025-12-20,11.0,5,13.72,9.48,50,35,70.0,15,1
SIM-00381,2025-07-27,2025-12-20,12.87,5,16.96,11.17,100,80,80.0,30,1
SIM-00381,2025-10-08,2025-12-20,13.43,5,15.75,11.03,150,105,70.0,45,1
SIM-00381,2025-12-10,2025-12-20,11.68,5,17.48,8.29,200,145,72.5,60,1
SIM-00382,2025-05-15,2025-12-20,8.8,5,10.49,6.77,50,45,90.0,15,1
SIM-00382,2025-07-27,2025-12-20,8.1,5,11.41,5.75,100,90,90.0,30,1
SIM-00382,2025-10-08,2025-12-20,7.43,5,10.01,2.97,150,130,86.67,45,1
SIM-00382,2025-12-10,2025-12-20,5.57,5,8.39,2.92,200,185,92.5,60,1
SIM-00383,2025-05-15,2025-12-20,11.83,5,14.11,10.79,50,45,90.0,15,1
SIM-00383,2025-07-27,2025-12-20,10.82,5,16.94,6.69,100,90,90.0,30,1
SIM-00383,2025-10-08,2025-12-20,11.84,5,16.9,8.37,150,140,93.33,45,1
SIM-00383,2025-12-10,2025-12-20,11.21,5,16.75,6.43,200,185,92.5,60,1
SIM-00384,2025-05-15,2025-12-20,13.71,5,15.24,11.91,50,30,60.0,15,0
SIM-00384,2025-07-27,2025-12-20,12.15,5,14.03,9.7,100,60,60.0,30,0
SIM-00384,2025-10-08,2025-12-20,12.66,5,14.77,11.13,150,90,60.0,45,0
SIM-00384,2025-12-10,2025-12-20,14.97,5,18.09,11.61,200,125,62.5,60,0
SIM-00385,2025-05-15,2025-12-20,11.96,5,14.81,7.41,50,35,70.0,15,1
SIM-00385,2025-07-27,2025-12-20,12.29,5,16.33,7.59,100,75,75.0,30,1
SIM-00385,2025-10-08,2025-12-20,13.21,5,17.05,9.71,150,105,70.0,45,1
SIM-00385,2025-12-10,2025-12-20,15.66,5,20.0,11.96,200,150,75.0,60,1
SIM-00386,2025-05-15,2025-12-20,11.8,5,13.92,8.63,50,40,80.0,15,0
SIM-00386,2025-07-27,2025-12-20,13.65,5,15.18,11.74,100,80,80.0,30,0
SIM-00386,2025-10-08,2025-12-20,14.93,5,16.51,13.11,150,115,76.67,45,0
SIM-00386,2025-12-10,2025-12-20,16.51,5,19.08,13.37,200,155,77.5,60,0
SIM-00387,2025-05-15,2025-12-20,11.47,5,14.19,9.18,50,45,90.0,15,0
SIM-00387,2025-07-27,2025-12-20,12.96,5,15.83,10.99,100,85,85.0,30,0
SIM-00387,2025-10-08,2025-12-20,13.41,5,17.43,11.62,150,135,90.0,45,0
SIM-00387,2025-12-10,2025-12-20,14.23,5,18.35,11.18,200,175,87.5,60,0
SIM-00388,2025-05-15,2025-12-20,11.24,5,15.29,8.71,50,35,70.0,15,0
SIM-00388,2025-07-27,2025-12-20,11.69,5,14.55,9.17,100,80,80.0,30,0
SIM-00388,2025-10-08,2025-12-20,13.18,5,18.51,10.65,150,110,73.33,45,0
SIM-00388,2025-12-10,2025-12-20,13.75,5,16.06,12.78,200,155,77.5,60,0
SIM-00389,2025-05-15,2025-12-20,11.43,5,15.4,7.79,50,45,90.0,15,1
SIM-00389,2025-07-27,2025-12-20,9.99,5,13.54,6.36,100,95,95.0,30,1
SIM-00389,2025-10-08,2025-12-20,10.39,5,15.24,7.12,150,150,100.0,45,1
SIM-00389,2025-12-10,2025-12-20,7.86,5,9.91,6.7,200,180,90.0,60,1
SIM-00390,2025-05-15,2025-12-20,11.08,5,14.13,7.52,50,45,90.0,15,0
SIM-00390,2025-07-27,2025-12-20,13.1,5,14.38,11.57,100,90,90.0,30,0
SIM-00390,2025-10-08,2025-12-20,13.39,5,17.88,10.71,150,135,90.0,45,0
SIM-00390,2025-12-10,2025-12-20,14.46,5,17.44,12.04,200,155,77.5,60,0
SIM-00391,2025-05-15,2025-12-20,13.18,5,15.71,10.45,50,45,90.0,15,0
SIM-00391,2025-07-27,2025-12-20,11.11,5,12.75,9.73,100,95,95.0,30,0
SIM-00391,2025-10-08,2025-12-20,13.3,5,16.36,8.92,150,145,96.67,45,0
SIM-00391,2025-12-10,2025-12-20,13.62,5,17.79,10.66,200,190,95.0,60,0
SIM-00392,2025-05-15,2025-12-20,11.58,5,15.23,8.21,50,45,90.0,15,0
SIM-00392,2025-07-27,2025-12-20,12.6,5,14.97,8.97,100,80,80.0,30,0
SIM-00392,2025-10-08,2025-12-20,14.72,5,18.62,11.12,150,125,83.33,45,0
SIM-00392,2025-12-10,2025-12-20,16.73,5,20.0,13.71,200,170,85.0,60,0
SIM-00393,2025-05-15,2025-12-20,11.89,5,14.73,8.53,50,40,80.0,15,1
SIM-00393,2025-07-27,2025-12-20,12.28,5,14.91,9.49,100,90,90.0,30,1
SIM-00393,2025-10-08,2025-12-20,14.43,5,18.48,9.26,150,135,90.0,45,1
SIM-00393,2025-12-10,2025-12-20,16.6,5,20.0,12.13,200,170,85.0,60,1
SIM-00394,2025-05-15,2025-12-20,11.5,5,13.17,9.76,50,35,70.0,15,1
SIM-00394,2025-07-27,2025-12-20,12.64,5,14.52,9.36,100,75,75.0,30,1
SIM-00394,2025-10-08,2025-12-20,12.41,5,18.0,9.74,150,120,80.0,45,1
SIM-00394,2025-12-10,2025-12-20,13.81,5,20.0,9.03,200,155,77.5,60,1
SIM-00395,2025-05-15,2025-12-20,12.94,5,15.02,11.14,50,50,100.0,15,1
SIM-00395,2025-07-27,2025-12-20,12.36,5,14.87,10.49,100,95,95.0,30,1
SIM-00395,2025-10-08,2025-12-20,13.77,5,15.66,9.48,150,140,93.33,45,1
SIM-00395,2025-12-10,2025-12-20,13.96,5,16.71,9.33,200,200,100.0,60,1
SIM-00396,2025-05-15,2025-12-20,10.84,5,13.26,8.26,50,30,60.0,15,1
SIM-00396,2025-07-27,2025-12-20,11.09,5,15.82,7.78,100,60,60.0,30,1
SIM-00396,2025-10-08,2025-12-20,11.98,5,14.48,10.37,150,75,50.0,45,1
SIM-00396,2025-12-10,2025-12-20,10.87,5,13.39,6.69,200,105,52.5,60,1
SIM-00397,2025-05-15,2025-12-20,10.73,5,11.47,10.05,50,35,70.0,15,1
SIM-00397,2025-07-27,2025-12-20,9.21,5,11.66,6.54,100,80,80.0,30,1
SIM-00397,2025-10-08,2025-12-20,11.9,5,14.4,8.46,150,115,76.67,45,1
SIM-00397,2025-12-10,2025-12-20,9.68,5,14.65,4.69,200,160,80.0,60,1
SIM-00398,2025-05-15,2025-12-20,12.86,5,13.88,11.87,50,40,80.0,15,0
SIM-00398,2025-07-27,2025-12-20,13.69,5,15.49,11.25,100,70,70.0,30,0
SIM-00398,2025-10-08,2025-12-20,16.02,5,17.62,13.83,150,110,73.33,45,0
SIM-00398,2025-12-10,2025-12-20,17.6,5,20.0,14.22,200,155,77.5,60,0
SIM-00399,2025-05-15,2025-12-20,11.44,5,14.97,9.55,50,40,80.0,15,1
SIM-00399,2025-07-27,2025-12-20,10.73,5,12.7,8.89,100,85,85.0,30,1
SIM-00399,2025-10-08,2025-12-20,11.83,5,16.65,9.49,150,130,86.67,45,1
SIM-00399,2025-12-10,2025-12-20,11.46,5,14.5,8.46,200,165,82.5,60,1
SIM-00400,2025-05-15,2025-12-20,10.98,5,13.05,9.4,50,45,90.0,15,1
SIM-00400,2025-07-27,2025-12-20,11.88,5,14.72,8.89,100,85,85.0,30,1
SIM-00400,2025-10-08,2025-12-20,11.54,5,15.09,6.64,150,130,86.67,45,1
SIM-00400,2025-12-10,2025-12-20,11.55,5,16.09,6.16,200,180,90.0,60,1
SIM-00401,2025-05-15,2025-12-20,12.21,5,17.3,8.06,50,40,80.0,15,1
SIM-00401,2025-07-27,2025-12-20,11.8,5,14.9,8.19,100,75,75.0,30,1
SIM-00401,2025-10-08,2025-12-20,12.96,5,17.36,8.35,150,100,66.67,45,1
SIM-00401,2025-12-10,2025-12-20,14.37,5,19.2,8.91,200,150,75.0,60,1
SIM-00402,2025-05-15,2025-12-20,9.84,5,12.73,7.09,50,35,70.0,15,1
SIM-00402,2025-07-27,2025-12-20,10.7,5,15.23,7.73,100,70,70.0,30,1
SIM-00402,2025-10-08,2025-12-20,11.89,5,13.79,8.27,150,100,66.67,45,1
SIM-00402,2025-12-10,2025-12-20,11.8,5,14.16,8.86,200,140,70.0,60,1
SIM-00403,2025-05-15,2025-12-20,11.14,5,12.75,8.08,50,50,100.0,15,1
SIM-00403,2025-07-27,2025-12-20,13.7,5,17.06,8.43,100,100,100.0,30,1
SIM-00403,2025-10-08,2025-12-20,13.03,5,14.46,10.2,150,145,96.67,45,1
SIM-00403,2025-12-10,2025-12-20,13.47,5,20.0,10.03,200,195,97.5,60,1
SIM-00404,2025-05-15,2025-12-20,12.05,5,13.13,10.53,50,40,80.0,15,1
SIM-00404,2025-07-27,2025-12-20,11.23,5,13.36,8.21,100,85,85.0,30,1
SIM-00404,2025-10-08,2025-12-20,11.88,5,15.01,8.25,150,130,86.67,45,1
SIM-00404,2025-12-10,2025-12-20,10.99,5,12.97,9.16,200,180,90.0,60,1
SIM-00405,2025-05-15,2025-12-20,11.35,5,12.49,10.73,50,45,90.0,15,1
SIM-00405,2025-07-27,2025-12-20,14.05,5,16.67,11.79,100,90,90.0,30,1
SIM-00405,2025-10-08,2025-12-20,14.76,5,16.79,11.69,150,130,86.67,45,1
SIM-00405,2025-12-10,2025-12-20,13.89,5,15.81,9.26,200,175,87.5,60,1
SIM-00406,2025-05-15,2025-12-20,11.36,5,12.27,10.44,50,50,100.0,15,1
SIM-00406,2025-07-27,2025-12-20,9.43,5,12.47,5.68,100,100,100.0,30,1
SIM-00406,2025-10-08,2025-12-20,11.33,5,16.17,7.55,150,145,96.67,45,1
SIM-00406,2025-12-10,2025-12-20,11.49,5,14.21,8.28,200,195,97.5,60,1
SIM-00407,2025-05-15,2025-12-20,12.03,5,14.34,10.37,50,40,80.0,15,1
SIM-00407,2025-07-27,2025-12-20,10.93,5,12.85,9.54,100,70,70.0,30,1
SIM-00407,2025-10-08,2025-12-20,12.46,5,14.89,7.89,150,105,70.0,45,1
SIM-00407,2025-12-10,2025-12-20,12.87,5,16.93,8.78,200,140,70.0,60,1
SIM-00408,2025-05-15,2025-12-20,12.07,5,14.28,9.31,50,35,70.0,15,0
SIM-00408,2025-07-27,2025-12-20,13.35,5,15.28,10.53,100,70,70.0,30,0
SIM-00408,2025-10-08,2025-12-20,15.31,5,18.09,11.06,150,115,76.67,45,0
SIM-00408,2025-12-10,2025-12-20,16.17,5,20.0,9.1,200,150,75.0,60,0
SIM-00409,2025-05-15,2025-12-20,13.08,5,14.82,10.11,50,40,80.0,15,0
SIM-00409,2025-07-27,2025-12-20,12.55,5,14.12,10.44,100,70,70.0,30,0
SIM-00409,2025-10-08,2025-12-20,15.08,5,16.39,13.29,150,120,80.0,45,0
SIM-00409,2025-12-10,2025-12-20,16.42,5,20.0,11.88,200,150,75.0,60,0
SIM-00410,2025-05-15,2025-12-20,11.9,5,13.73,11.0,50,40,80.0,15,1
SIM-00410,2025-07-27,2025-12-20,12.04,5,14.78,7.94,100,80,80.0,30,1
SIM-00410,2025-10-08,2025-12-20,12.62,5,16.35,8.4,150,125,83.33,45,1
SIM-00410,2025-12-10,2025-12-20,12.15,5,14.2,9.46,200,155,77.5,60,1
SIM-00411,2025-05-15,2025-12-20,10.85,5,12.79,8.39,50,45,90.0,15,1
SIM-00411,2025-07-27,2025-12-20,13.34,5,17.04,10.88,100,90,90.0,30,1
SIM-00411,2025-10-08,2025-12-20,11.05,5,15.91,6.58,150,135,90.0,45,1
SIM-00411,2025-12-10,2025-12-20,11.22,5,16.33,5.91,200,185,92.5,60,1
SIM-00412,2025-05-15,2025-12-20,10.5,5,12.74,6.97,50,20,40.0,15,1
SIM-00412,2025-07-27,2025-12-20,12.34,5,16.88,8.84,100,45,45.0,30,1
SIM-00412,2025-10-08,2025-12-20,12.23,5,16.23,7.89,150,65,43.33,45,1
SIM-00412,2025-12-10,2025-12-20,11.41,5,15.67,6.0,200,95,47.5,60,1
SIM-00413,2025-05-15,2025-12-20,12.02,5,14.23,8.75,50,40,80.0,15,0
SIM-00413,2025-07-27,2025-12-20,13.1,5,17.9,8.13,100,90,90.0,30,0
SIM-00413,2025-10-08,2025-12-20,13.63,5,17.72,9.65,150,125,83.33,45,0
SIM-00413,2025-12-10,2025-12-20,14.47,5,16.34,12.1,200,170,85.0,60,0
SIM-00414,2025-05-15,2025-12-20,12.41,5,13.21,11.63,50,25,50.0,15,0
SIM-00414,2025-07-27,2025-12-20,14.56,5,17.3,12.57,100,55,55.0,30,0
SIM-00414,2025-10-08,2025-12-20,15.74,5,17.39,13.04,150,75,50.0,45,0
SIM-00414,2025-12-10,2025-12-20,17.19,5,18.97,14.36,200,110,55.0,60,0
SIM-00415,2025-05-15,2025-12-20,10.53,5,11.88,9.98,50,45,90.0,15,1
SIM-00415,2025-07-27,2025-12-20,10.98,5,13.55,8.13,100,100,100.0,30,1
SIM-00415,2025-10-08,2025-12-20,10.55,5,12.41,6.88,150,150,100.0,45,1
SIM-00415,2025-12-10,2025-12-20,10.54,5,13.23,7.58,200,200,100.0,60,1
SIM-00416,2025-05-15,2025-12-20,12.65,5,13.77,11.23,50,45,90.0,15,0
SIM-00416,2025-07-27,2025-12-20,12.12,5,14.22,9.45,100,90,90.0,30,0
SIM-00416,2025-10-08,2025-12-20,12.77,5,17.09,10.09,150,140,93.33,45,0
SIM-00416,2025-12-10,2025-12-20,13.6,5,15.32,12.6,200,190,95.0,60,0
SIM-00417,2025-05-15,2025-12-20,12.46,5,15.07,10.29,50,40,80.0,15,1
SIM-00417,2025-07-27,2025-12-20,11.61,5,14.09,9.58,100,80,80.0,30,1
SIM-00417,2025-10-08,2025-12-20,12.32,5,14.87,10.23,150,120,80.0,45,1
SIM-00417,2025-12-10,2025-12-20,15.66,5,20.0,11.51,200,140,70.0,60,1
SIM-00418,2025-05-15,2025-12-20,11.6,5,13.64,9.87,50,45,90.0,15,1
SIM-00418,2025-07-27,2025-12-20,12.67,5,15.39,11.07,100,95,95.0,30,1
SIM-00418,2025-10-08,2025-12-20,13.34,5,17.68,9.44,150,130,86.67,45,1
SIM-00418,2025-12-10,2025-12-20,13.81,5,16.85,10.42,200,180,90.0,60,1
SIM-00419,2025-05-15,2025-12-20,11.77,5,13.81,10.6,50,40,80.0,15,0
SIM-00419,2025-07-27,2025-12-20,13.69,5,18.21,10.89,100,70,70.0,30,0
SIM-00419,2025-10-08,2025-12-20,12.51,5,13.64,10.6,150,115,76.67,45,0
SIM-00419,2025-12-10,2025-12-20,13.2,5,15.16,11.16,200,155,77.5,60,0
SIM-00420,2025-05-15,2025-12-20,13.42,5,15.3,12.68,50,45,90.0,15,0
SIM-00420,2025-07-27,2025-12-20,13.24,5,14.66,11.42,100,85,85.0,30,0
SIM-00420,2025-10-08,2025-12-20,16.67,5,18.9,13.06,150,140,93.33,45,0
SIM-00420,2025-12-10,2025-12-20,18.84,5,20.0,16.17,200,170,85.0,60,0
SIM-00421,2025-05-15,2025-12-20,10.76,5,14.84,8.01,50,45,90.0,15,1
SIM-00421,2025-07-27,2025-12-20,11.71,5,14.92,9.59,100,85,85.0,30,1
SIM-00421,2025-10-08,2025-12-20,12.52,5,15.08,9.12,150,125,83.33,45,1
SIM-00421,2025-12-10,2025-12-20,11.25,5,13.71,6.97,200,165,82.5,60,1
SIM-00422,2025-05-15,2025-12-20,11.2,5,13.34,7.65,50,40,80.0,15,1
SIM-00422,2025-07-27,2025-12-20,11.11,5,14.03,7.95,100,75,75.0,30,1
SIM-00422,2025-10-08,2025-12-20,11.36,5,13.4,9.28,150,115,76.67,45,1
SIM-00422,2025-12-10,2025-12-20,11.12,5,12.87,9.64,200,140,70.0,60,1
SIM-00423,2025-05-15,2025-12-20,10.28,5,13.75,7.51,50,35,70.0,15,1
SIM-00423,2025-07-27,2025-12-20,10.43,5,15.61,6.21,100,75,75.0,30,1
SIM-00423,2025-10-08,2025-12-20,9.38,5,13.41,5.69,150,110,73.33,45,1
SIM-00423,2025-12-10,2025-12-20,10.73,5,13.37,5.45,200,155,77.5,60,1
SIM-00424,2025-05-15,2025-12-20,11.8,5,12.93,10.62,50,40,80.0,15,1
SIM-00424,2025-07-27,2025-12-20,11.19,5,13.19,8.5,100,75,75.0,30,1
SIM-00424,2025-10-08,2025-12-20,11.26,5,14.16,9.33,150,110,73.33,45,1
SIM-00424,2025-12-10,2025-12-20,10.63,5,13.1,8.83,200,145,72.5,60,1
SIM-00425,2025-05-15,2025-12-20,10.71,5,12.31,9.23,50,30,60.0,15,1
SIM-00425,2025-07-27,2025-12-20,12.55,5,14.78,9.6,100,55,55.0,30,1
SIM-00425,2025-10-08,2025-12-20,11.74,5,14.72,5.36,150,100,66.67,45,1
SIM-00425,2025-12-10,2025-12-20,12.68,5,16.6,9.54,200,115,57.5,60,1
SIM-00426,2025-05-15,2025-12-20,10.25,5,12.01,6.94,50,35,70.0,15,1
SIM-00426,2025-07-27,2025-12-20,8.25,5,10.82,5.09,100,70,70.0,30,1
SIM-00426,2025-10-08,2025-12-20,8.72,5,10.08,8.04,150,110,73.33,45,1
SIM-00426,2025-12-10,2025-12-20,8.74,5,11.45,4.54,200,145,72.5,60,1
SIM-00427,2025-05-15,2025-12-20,12.1,5,13.01,10.61,50,45,90.0,15,1
SIM-00427,2025-07-27,2025-12-20,10.91,5,12.82,7.15,100,95,95.0,30,1
SIM-00427,2025-10-08,2025-12-20,10.99,5,11.67,8.85,150,140,93.33,45,1
SIM-00427,2025-12-10,2025-12-20,10.09,5,12.1,8.26,200,190,95.0,60,1
SIM-00428,2025-05-15,2025-12-20,12.5,5,15.1,10.26,50,35,70.0,15,1
SIM-00428,2025-07-27,2025-12-20,12.06,5,15.81,9.23,100,75,75.0,30,1
SIM-00428,2025-10-08,2025-12-20,11.25,5,16.4,6.25,150,120,80.0,45,1
SIM-00428,2025-12-10,2025-12-20,12.21,5,15.85,7.42,200,155,77.5,60,1
SIM-00429,2025-05-15,2025-12-20,11.03,5,12.92,8.99,50,30,60.0,15,1
SIM-00429,2025-07-27,2025-12-20,11.26,5,15.51,8.66,100,55,55.0,30,1
SIM-00429,2025-10-08,2025-12-20,11.11,5,16.44,5.89,150,85,56.67,45,1
SIM-00429,2025-12-10,2025-12-20,10.78,5,14.0,7.41,200,120,60.0,60,1
SIM-00430,2025-05-15,2025-12-20,9.56,5,10.98,7.23,50,40,80.0,15,1
SIM-00430,2025-07-27,2025-12-20,10.66,5,13.37,7.06,100,80,80.0,30,1
SIM-00430,2025-10-08,2025-12-20,10.42,5,10.99,9.91,150,125,83.33,45,1
SIM-00430,2025-12-10,2025-12-20,11.41,5,13.33,10.23,200,150,75.0,60,1
SIM-00431,2025-05-15,2025-12-20,12.68,5,13.79,10.99,50,50,100.0,15,0
SIM-00431,2025-07-27,2025-12-20,13.31,5,16.49,11.5,100,95,95.0,30,0
SIM-00431,2025-10-08,2025-12-20,15.07,5,17.73,11.59,150,150,100.0,45,0
SIM-00431,2025-12-10,2025-12-20,16.21,5,19.03,13.29,200,195,97.5,60,0
SIM-00432,2025-05-15,2025-12-20,10.57,5,11.83,9.02,50,35,70.0,15,1
SIM-00432,2025-07-27,2025-12-20,10.69,5,12.89,8.58,100,75,75.0,30,1
SIM-00432,2025-10-08,2025-12-20,11.75,5,13.97,8.37,150,100,66.67,45,1
SIM-00432,2025-12-10,2025-12-20,11.3,5,15.37,7.24,200,145,72.5,60,1
SIM-00433,2025-05-15,2025-12-20,9.69,5,10.07,9.02,50,40,80.0,15,1
SIM-00433,2025-07-27,2025-12-20,8.64,5,9.77,7.23,100,75,75.0,30,1
SIM-00433,2025-10-08,2025-12-20,11.55,5,17.0,8.12,150,110,73.33,45,1
SIM-00433,2025-12-10,2025-12-20,8.95,5,12.21,7.52,200,160,80.0,60,1
SIM-00434,2025-05-15,2025-12-20,11.3,5,12.66,9.22,50,45,90.0,15,1
SIM-00434,2025-07-27,2025-12-20,12.88,5,16.31,9.78,100,95,95.0,30,1
SIM-00434,2025-10-08,2025-12-20,13.17,5,17.98,8.12,150,140,93.33,45,1
SIM-00434,2025-12-10,2025-12-20,13.54,5,16.97,7.56,200,170,85.0,60,1
SIM-00435,2025-05-15,2025-12-20,9.66,5,10.53,8.37,50,45,90.0,15,1
SIM-00435,2025-07-27,2025-12-20,9.91,5,11.6,7.82,100,85,85.0,30,1
SIM-00435,2025-10-08,2025-12-20,10.77,5,13.11,9.74,150,135,90.0,45,1
SIM-00435,2025-12-10,2025-12-20,10.07,5,11.77,7.17,200,170,85.0,60,1
SIM-00436,2025-05-15,2025-12-20,11.35,5,14.43,9.03,50,45,90.0,15,0
SIM-00436,2025-07-27,2025-12-20,11.93,5,13.06,9.04,100,80,80.0,30,0
SIM-00436,2025-10-08,2025-12-20,13.23,5,14.73,11.07,150,120,80.0,45,0
SIM-00436,2025-12-10,2025-12-20,13.81,5,15.56,10.51,200,175,87.5,60,0
SIM-00437,2025-05-15,2025-12-20,12.62,5,15.74,8.87,50,25,50.0,15,0
SIM-00437,2025-07-27,2025-12-20,14.85,5,16.0,13.15,100,55,55.0,30,0
SIM-00437,2025-10-08,2025-12-20,14.97,5,17.01,9.96,150,70,46.67,45,0
SIM-00437,2025-12-10,2025-12-20,17.21,5,19.29,13.37,200,105,52.5,60,0
SIM-00438,2025-05-15,2025-12-20,12.71,5,15.86,10.5,50,45,90.0,15,0
SIM-00438,2025-07-27,2025-12-20,14.64,5,16.78,12.35,100,95,95.0,30,0
SIM-00438,2025-10-08,2025-12-20,16.14,5,18.17,13.92,150,135,90.0,45,0
SIM-00438,2025-12-10,2025-12-20,16.27,5,20.0,13.27,200,190,95.0,60,0
SIM-00439,2025-05-15,2025-12-20,10.96,5,13.56,8.94,50,40,80.0,15,1
SIM-00439,2025-07-27,2025-12-20,10.83,5,14.05,8.22,100,90,90.0,30,1
SIM-00439,2025-10-08,2025-12-20,12.8,5,14.17,9.57,150,135,90.0,45,1
SIM-00439,2025-12-10,2025-12-20,11.63,5,13.52,9.71,200,185,92.5,60,1
SIM-00440,2025-05-15,2025-12-20,12.55,5,16.05,9.91,50,40,80.0,15,0
SIM-00440,2025-07-27,2025-12-20,13.24,5,15.34,11.82,100,75,75.0,30,0
SIM-00440,2025-10-08,2025-12-20,13.69,5,15.51,12.25,150,120,80.0,45,0
SIM-00440,2025-12-10,2025-12-20,15.7,5,18.85,12.67,200,135,67.5,60,0
SIM-00441,2025-05-15,2025-12-20,10.61,5,12.9,8.1,50,45,90.0,15,1
SIM-00441,2025-07-27,2025-12-20,10.96,5,14.13,9.25,100,90,90.0,30,1
SIM-00441,2025-10-08,2025-12-20,11.31,5,13.11,8.08,150,150,100.0,45,1
SIM-00441,2025-12-10,2025-12-20,8.49,5,11.35,5.81,200,185,92.5,60,1
SIM-00442,2025-05-15,2025-12-20,10.5,5,11.98,7.77,50,45,90.0,15,1
SIM-00442,2025-07-27,2025-12-20,12.71,5,13.95,11.23,100,95,95.0,30,1
SIM-00442,2025-10-08,2025-12-20,11.11,5,15.19,8.21,150,140,93.33,45,1
SIM-00442,2025-12-10,2025-12-20,12.84,5,15.19,11.42,200,180,90.0,60,1
SIM-00443,2025-05-15,2025-12-20,9.59,5,12.54,7.65,50,35,70.0,15,1
SIM-00443,2025-07-27,2025-12-20,7.52,5,9.81,5.43,100,65,65.0,30,1
SIM-00443,2025-10-08,2025-12-20,7.3,5,9.07,3.83,150,105,70.0,45,1
SIM-00443,2025-12-10,2025-12-20,7.32,5,8.91,5.5,200,135,67.5,60,1
SIM-00444,2025-05-15,2025-12-20,11.2,5,12.54,8.67,50,45,90.0,15,1
SIM-00444,2025-07-27,2025-12-20,10.34,5,13.27,8.54,100,85,85.0,30,1
SIM-00444,2025-10-08,2025-12-20,8.59,5,12.46,5.46,150,120,80.0,45,1
SIM-00444,2025-12-10,2025-12-20,9.1,5,11.97,4.37,200,160,80.0,60,1
SIM-00445,2025-05-15,2025-12-20,9.74,5,11.39,7.62,50,45,90.0,15,1
SIM-00445,2025-07-27,2025-12-20,10.14,5,15.13,7.0,100,75,75.0,30,1
SIM-00445,2025-10-08,2025-12-20,8.44,5,10.18,5.64,150,110,73.33,45,1
SIM-00445,2025-12-10,2025-12-20,8.32,5,11.36,4.82,200,145,72.5,60,1
SIM-00446,2025-05-15,2025-12-20,9.78,5,12.21,6.54,50,40,80.0,15,1
SIM-00446,2025-07-27,2025-12-20,10.31,5,13.45,7.25,100,85,85.0,30,1
SIM-00446,2025-10-08,2025-12-20,10.5,5,12.44,9.25,150,125,83.33,45,1
SIM-00446,2025-12-10,2025-12-20,9.73,5,12.81,6.99,200,165,82.5,60,1
SIM-00447,2025-05-15,2025-12-20,13.0,5,15.35,10.65,50,35,70.0,15,0
SIM-00447,2025-07-27,2025-12-20,15.13,5,16.42,13.17,100,80,80.0,30,0
SIM-00447,2025-10-08,2025-12-20,17.2,5,17.98,16.07,150,120,80.0,45,0
SIM-00447,2025-12-10,2025-12-20,18.27,5,19.4,17.48,200,160,80.0,60,0
SIM-00448,2025-05-15,2025-12-20,10.55,5,12.5,7.42,50,30,60.0,15,1
SIM-00448,2025-07-27,2025-12-20,11.9,5,14.26,8.45,100,65,65.0,30,1
SIM-00448,2025-10-08,2025-12-20,10.07,5,12.27,5.49,150,85,56.67,45,1
SIM-00448,2025-12-10,2025-12-20,9.2,5,15.0,2.93,200,125,62.5,60,1
SIM-00449,2025-05-15,2025-12-20,11.25,5,13.63,8.97,50,40,80.0,15,1
SIM-00449,2025-07-27,2025-12-20,9.98,5,12.46,8.05,100,80,80.0,30,1
SIM-00449,2025-10-08,2025-12-20,10.14,5,14.03,5.29,150,120,80.0,45,1
SIM-00449,2025-12-10,2025-12-20,10.44,5,12.32,6.95,200,160,80.0,60,1
SIM-00450,2025-05-15,2025-12-20,10.35,5,11.42,9.02,50,40,80.0,15,1
SIM-00450,2025-07-27,2025-12-20,11.04,5,14.04,9.04,100,75,75.0,30,1
SIM-00450,2025-10-08,2025-12-20,12.44,5,15.2,9.26,150,115,76.67,45,1
SIM-00450,2025-12-10,2025-12-20,12.11,5,13.25,8.79,200,155,77.5,60,1
SIM-00451,2025-05-15,2025-12-20,11.6,5,13.36,8.97,50,50,100.0,15,0
SIM-00451,2025-07-27,2025-12-20,13.42,5,14.95,12.18,100,95,95.0,30,0
SIM-00451,2025-10-08,2025-12-20,15.76,5,19.8,12.34,150,130,86.67,45,0
SIM-00451,2025-12-10,2025-12-20,17.49,5,20.0,13.87,200,190,95.0,60,0
SIM-00452,2025-05-15,2025-12-20,11.55,5,13.73,9.76,50,40,80.0,15,0
SIM-00452,2025-07-27,2025-12-20,15.09,5,17.93,10.79,100,80,80.0,30,0
SIM-00452,2025-10-08,2025-12-20,16.13,5,19.57,14.51,150,115,76.67,45,0
SIM-00452,2025-12-10,2025-12-20,17.26,5,20.0,14.98,200,160,80.0,60,0
SIM-00453,2025-05-15,2025-12-20,10.68,5,14.18,8.25,50,40,80.0,15,0
SIM-00453,2025-07-27,2025-12-20,12.15,5,14.14,8.94,100,80,80.0,30,0
SIM-00453,2025-10-08,2025-12-20,10.85,5,13.9,9.23,150,125,83.33,45,0
SIM-00453,2025-12-10,2025-12-20,12.52,5,14.29,11.02,200,155,77.5,60,0
SIM-00454,2025-05-15,2025-12-20,10.85,5,14.26,6.32,50,45,90.0,15,1
SIM-00454,2025-07-27,2025-12-20,12.88,5,14.98,9.25,100,90,90.0,30,1
SIM-00454,2025-10-08,2025-12-20,13.21,5,15.48,10.43,150,135,90.0,45,1
SIM-00454,2025-12-10,2025-12-20,14.8,5,20.0,10.21,200,185,92.5,60,1
SIM-00455,2025-05-15,2025-12-20,9.68,5,11.48,6.93,50,40,80.0,15,1
SIM-00455,2025-07-27,2025-12-20,9.5,5,12.17,6.3,100,80,80.0,30,1
SIM-00455,2025-10-08,2025-12-20,9.27,5,12.41,3.4,150,115,76.67,45,1
SIM-00455,2025-12-10,2025-12-20,9.55,5,12.77,1.91,200,135,67.5,60,1
SIM-00456,2025-05-15,2025-12-20,9.99,5,12.42,6.83,50,45,90.0,15,1
SIM-00456,2025-07-27,2025-12-20,10.36,5,13.07,7.82,100,85,85.0,30,1
SIM-00456,2025-10-08,2025-12-20,10.86,5,13.56,8.75,150,135,90.0,45,1
SIM-00456,2025-12-10,2025-12-20,11.6,5,14.58,6.95,200,185,92.5,60,1
SIM-00457,2025-05-15,2025-12-20,11.36,5,12.24,10.13,50,40,80.0,15,1
SIM-00457,2025-07-27,2025-12-20,12.86,5,15.27,11.17,100,85,85.0,30,1
SIM-00457,2025-10-08,2025-12-20,13.15,5,17.38,7.27,150,125,83.33,45,1
SIM-00457,2025-12-10,2025-12-20,13.95,5,16.94,5.72,200,185,92.5,60,1
SIM-00458,2025-05-15,2025-12-20,11.92,5,14.63,10.0,50,45,90.0,15,0
SIM-00458,2025-07-27,2025-12-20,12.5,5,16.3,9.76,100,90,90.0,30,0
SIM-00458,2025-10-08,2025-12-20,15.4,5,19.19,12.2,150,130,86.67,45,0
SIM-00458,2025-12-10,2025-12-20,16.29,5,20.0,13.86,200,190,95.0,60,0
SIM-00459,2025-05-15,2025-12-20,13.26,5,14.63,9.71,50,45,90.0,15,1
SIM-00459,2025-07-27,2025-12-20,15.27,5,18.1,10.6,100,100,100.0,30,1
SIM-00459,2025-10-08,2025-12-20,14.53,5,18.27,9.1,150,145,96.67,45,1
SIM-00459,2025-12-10,2025-12-20,16.72,5,20.0,9.97,200,200,100.0,60,1
SIM-00460,2025-05-15,2025-12-20,12.87,5,14.61,11.38,50,50,100.0,15,0
SIM-00460,2025-07-27,2025-12-20,14.27,5,17.43,11.77,100,100,100.0,30,0
SIM-00460,2025-10-08,2025-12-20,14.69,5,17.94,10.76,150,145,96.67,45,0
SIM-00460,2025-12-10,2025-12-20,15.04,5,19.87,9.59,200,180,90.0,60,0
SIM-00461,2025-05-15,2025-12-20,8.83,5,10.24,6.78,50,40,80.0,15,1
SIM-00461,2025-07-27,2025-12-20,7.97,5,11.75,5.26,100,85,85.0,30,1
SIM-00461,2025-10-08,2025-12-20,9.26,5,12.63,7.94,150,120,80.0,45,1
SIM-00461,2025-12-10,2025-12-20,5.66,5,8.68,1.61,200,175,87.5,60,1
SIM-00462,2025-05-15,2025-12-20,11.19,5,12.4,8.92,50,30,60.0,15,1
SIM-00462,2025-07-27,2025-12-20,12.5,5,13.85,11.45,100,60,60.0,30,1
SIM-00462,2025-10-08,2025-12-20,11.6,5,14.59,9.57,150,90,60.0,45,1
SIM-00462,2025-12-10,2025-12-20,11.8,5,15.42,9.07,200,120,60.0,60,1
SIM-00463,2025-05-15,2025-12-20,9.87,5,12.32,6.55,50,45,90.0,15,1
SIM-00463,2025-07-27,2025-12-20,9.79,5,13.63,6.84,100,85,85.0,30,1
SIM-00463,2025-10-08,2025-12-20,9.21,5,11.66,4.03,150,135,90.0,45,1
SIM-00463,2025-12-10,2025-12-20,10.3,5,12.5,8.06,200,185,92.5,60,1
SIM-00464,2025-05-15,2025-12-20,13.24,5,15.52,10.05,50,45,90.0,15,0
SIM-00464,2025-07-27,2025-12-20,12.34,5,13.28,10.84,100,90,90.0,30,0
SIM-00464,2025-10-08,2025-12-20,14.19,5,16.32,10.27,150,130,86.67,45,0
SIM-00464,2025-12-10,2025-12-20,14.26,5,16.64,11.22,200,175,87.5,60,0
SIM-00465,2025-05-15,2025-12-20,11.05,5,12.28,9.53,50,45,90.0,15,0
SIM-00465,2025-07-27,2025-12-20,11.47,5,13.01,9.09,100,85,85.0,30,0
SIM-00465,2025-10-08,2025-12-20,12.06,5,15.26,8.95,150,120,80.0,45,0
SIM-00465,2025-12-10,2025-12-20,13.71,5,17.29,9.89,200,170,85.0,60,0
SIM-00466,2025-05-15,2025-12-20,11.07,5,11.75,10.52,50,20,40.0,15,1
SIM-00466,2025-07-27,2025-12-20,7.97,5,8.99,7.04,100,40,40.0,30,1
SIM-00466,2025-10-08,2025-12-20,8.28,5,10.01,3.94,150,60,40.0,45,1
SIM-00466,2025-12-10,2025-12-20,9.45,5,11.72,5.08,200,90,45.0,60,1
SIM-00467,2025-05-15,2025-12-20,11.14,5,13.06,9.8,50,25,50.0,15,1
SIM-00467,2025-07-27,2025-12-20,10.9,5,12.92,9.3,100,50,50.0,30,1
SIM-00467,2025-10-08,2025-12-20,11.6,5,15.38,6.22,150,80,53.33,45,1
SIM-00467,2025-12-10,2025-12-20,12.52,5,15.89,7.61,200,115,57.5,60,1
SIM-00468,2025-05-15,2025-12-20,10.08,5,12.18,7.78,50,40,80.0,15,1
SIM-00468,2025-07-27,2025-12-20,8.82,5,11.76,6.02,100,85,85.0,30,1
SIM-00468,2025-10-08,2025-12-20,8.53,5,13.14,5.86,150,120,80.0,45,1
SIM-00468,2025-12-10,2025-12-20,8.44,5,11.03,3.77,200,160,80.0,60,1
SIM-00469,2025-05-15,2025-12-20,13.29,5,15.23,10.81,50,40,80.0,15,0
SIM-00469,2025-07-27,2025-12-20,12.5,5,15.36,8.82,100,75,75.0,30,0
SIM-00469,2025-10-08,2025-12-20,15.23,5,18.37,11.51,150,115,76.67,45,0
SIM-00469,2025-12-10,2025-12-20,15.13,5,19.08,12.05,200,160,80.0,60,0
SIM-00470,2025-05-15,2025-12-20,10.53,5,13.8,8.35,50,35,70.0,15,0
SIM-00470,2025-07-27,2025-12-20,12.0,5,13.87,10.75,100,65,65.0,30,0
SIM-00470,2025-10-08,2025-12-20,11.65,5,15.42,8.85,150,100,66.67,45,0
SIM-00470,2025-12-10,2025-12-20,12.64,5,15.57,9.61,200,130,65.0,60,0
SIM-00471,2025-05-15,2025-12-20,11.64,5,16.03,8.9,50,20,40.0,15,0
SIM-00471,2025-07-27,2025-12-20,13.71,5,15.34,9.31,100,50,50.0,30,0
SIM-00471,2025-10-08,2025-12-20,14.41,5,15.38,13.0,150,55,36.67,45,0
SIM-00471,2025-12-10,2025-12-20,15.49,5,16.7,13.95,200,95,47.5,60,0
SIM-00472,2025-05-15,2025-12-20,11.16,5,13.39,9.74,50,40,80.0,15,0
SIM-00472,2025-07-27,2025-12-20,14.06,5,17.29,10.73,100,85,85.0,30,0
SIM-00472,2025-10-08,2025-12-20,15.12,5,17.13,13.58,150,120,80.0,45,0
SIM-00472,2025-12-10,2025-12-20,17.11,5,20.0,15.6,200,175,87.5,60,0
SIM-00473,2025-05-15,2025-12-20,9.31,5,10.72,7.14,50,45,90.0,15,1
SIM-00473,2025-07-27,2025-12-20,8.06,5,9.85,6.18,100,80,80.0,30,1
SIM-00473,2025-10-08,2025-12-20,7.4,5,11.37,4.76,150,125,83.33,45,1
SIM-00473,2025-12-10,2025-12-20,5.99,5,8.5,3.25,200,180,90.0,60,1
SIM-00474,2025-05-15,2025-12-20,10.9,5,12.17,8.3,50,50,100.0,15,1
SIM-00474,2025-07-27,2025-12-20,9.7,5,12.56,7.41,100,100,100.0,30,1
SIM-00474,2025-10-08,2025-12-20,7.61,5,11.47,2.22,150,145,96.67,45,1
SIM-00474,2025-12-10,2025-12-20,8.92,5,12.91,4.93,200,200,100.0,60,1
SIM-00475,2025-05-15,2025-12-20,12.13,5,15.23,9.93,50,45,90.0,15,0
SIM-00475,2025-07-27,2025-12-20,13.9,5,17.56,11.14,100,95,95.0,30,0
SIM-00475,2025-10-08,2025-12-20,12.84,5,15.27,9.99,150,140,93.33,45,0
SIM-00475,2025-12-10,2025-12-20,14.35,5,15.8,12.78,200,200,100.0,60,0
SIM-00476,2025-05-15,2025-12-20,11.06,5,15.17,7.44,50,40,80.0,15,1
SIM-00476,2025-07-27,2025-12-20,11.2,5,16.11,8.41,100,90,90.0,30,1
SIM-00476,2025-10-08,2025-12-20,12.73,5,15.79,8.19,150,125,83.33,45,1
SIM-00476,2025-12-10,2025-12-20,13.15,5,16.77,10.19,200,185,92.5,60,1
SIM-00477,2025-05-15,2025-12-20,12.62,5,14.3,11.06,50,45,90.0,15,1
SIM-00477,2025-07-27,2025-12-20,10.21,5,12.64,8.65,100,100,100.0,30,1
SIM-00477,2025-10-08,2025-12-20,11.73,5,15.02,7.85,150,140,93.33,45,1
SIM-00477,2025-12-10,2025-12-20,11.43,5,16.58,9.42,200,180,90.0,60,1
SIM-00478,2025-05-15,2025-12-20,10.45,5,11.69,9.32,50,45,90.0,15,1
SIM-00478,2025-07-27,2025-12-20,10.77,5,11.67,9.65,100,90,90.0,30,1
SIM-00478,2025-10-08,2025-12-20,10.19,5,14.59,7.59,150,135,90.0,45,1
SIM-00478,2025-12-10,2025-12-20,8.36,5,11.45,6.24,200,180,90.0,60,1
SIM-00479,2025-05-15,2025-12-20,10.32,5,12.87,6.59,50,40,80.0,15,1
SIM-00479,2025-07-27,2025-12-20,10.98,5,13.96,8.62,100,80,80.0,30,1
SIM-00479,2025-10-08,2025-12-20,11.81,5,13.66,9.68,150,115,76.67,45,1
SIM-00479,2025-12-10,2025-12-20,10.18,5,12.66,8.14,200,160,80.0,60,1
SIM-00480,2025-05-15,2025-12-20,10.92,5,11.7,10.13,50,40,80.0,15,1
SIM-00480,2025-07-27,2025-12-20,11.96,5,13.38,10.18,100,80,80.0,30,1
SIM-00480,2025-10-08,2025-12-20,11.3,5,13.3,9.42,150,120,80.0,45,1
SIM-00480,2025-12-10,2025-12-20,12.57,5,17.13,9.63,200,155,77.5,60,1
SIM-00481,2025-05-15,2025-12-20,13.45,5,16.41,11.44,50,40,80.0,15,0
SIM-00481,2025-07-27,2025-12-20,15.12,5,19.76,12.94,100,80,80.0,30,0
SIM-00481,2025-10-08,2025-12-20,13.15,5,15.46,9.99,150,130,86.67,45,0
SIM-00481,2025-12-10,2025-12-20,18.22,5,20.0,15.84,200,170,85.0,60,0
SIM-00482,2025-05-15,2025-12-20,11.73,5,14.56,8.88,50,40,80.0,15,1
SIM-00482,2025-07-27,2025-12-20,12.63,5,14.67,10.34,100,90,90.0,30,1
SIM-00482,2025-10-08,2025-12-20,13.48,5,18.31,8.23,150,135,90.0,45,1
SIM-00482,2025-12-10,2025-12-20,12.85,5,16.34,7.39,200,165,82.5,60,1
SIM-00483,2025-05-15,2025-12-20,10.66,5,11.85,9.75,50,45,90.0,15,1
SIM-00483,2025-07-27,2025-12-20,12.99,5,14.93,11.47,100,80,80.0,30,1
SIM-00483,2025-10-08,2025-12-20,12.35,5,16.16,8.53,150,135,90.0,45,1
SIM-00483,2025-12-10,2025-12-20,11.85,5,15.13,8.11,200,180,90.0,60,1
SIM-00484,2025-05-15,2025-12-20,11.74,5,13.45,9.9,50,45,90.0,15,1
SIM-00484,2025-07-27,2025-12-20,11.24,5,13.58,8.74,100,85,85.0,30,1
SIM-00484,2025-10-08,2025-12-20,11.59,5,13.43,10.51,150,135,90.0,45,1
SIM-00484,2025-12-10,2025-12-20,10.71,5,13.86,8.53,200,170,85.0,60,1
SIM-00485,2025-05-15,2025-12-20,11.52,5,12.92,9.5,50,30,60.0,15,0
SIM-00485,2025-07-27,2025-12-20,14.38,5,15.65,13.28,100,60,60.0,30,0
SIM-00485,2025-10-08,2025-12-20,14.53,5,17.57,11.17,150,90,60.0,45,0
SIM-00485,2025-12-10,2025-12-20,14.84,5,16.15,13.3,200,120,60.0,60,0
SIM-00486,2025-05-15,2025-12-20,12.59,5,14.98,10.96,50,40,80.0,15,1
SIM-00486,2025-07-27,2025-12-20,12.02,5,14.99,8.62,100,70,70.0,30,1
SIM-00486,2025-10-08,2025-12-20,12.42,5,15.01,10.55,150,110,73.33,45,1
SIM-00486,2025-12-10,2025-12-20,13.15,5,18.19,9.39,200,145,72.5,60,1
SIM-00487,2025-05-15,2025-12-20,12.1,5,15.51,9.3,50,45,90.0,15,0
SIM-00487,2025-07-27,2025-12-20,11.06,5,12.02,9.75,100,80,80.0,30,0
SIM-00487,2025-10-08,2025-12-20,14.22,5,15.28,12.53,150,125,83.33,45,0
SIM-00487,2025-12-10,2025-12-20,13.41,5,16.33,11.18,200,165,82.5,60,0
SIM-00488,2025-05-15,2025-12-20,13.46,5,16.21,10.27,50,30,60.0,15,0
SIM-00488,2025-07-27,2025-12-20,13.24,5,17.68,10.77,100,70,70.0,30,0
SIM-00488,2025-10-08,2025-12-20,15.88,5,16.35,14.76,150,105,70.0,45,0
SIM-00488,2025-12-10,2025-12-20,16.27,5,20.0,13.57,200,130,65.0,60,0
SIM-00489,2025-05-15,2025-12-20,11.97,5,16.65,9.14,50,30,60.0,15,0
SIM-00489,2025-07-27,2025-12-20,15.25,5,17.81,13.76,100,60,60.0,30,0
SIM-00489,2025-10-08,2025-12-20,15.14,5,18.44,12.18,150,95,63.33,45,0
SIM-00489,2025-12-10,2025-12-20,16.24,5,19.9,8.74,200,125,62.5,60,0
SIM-00490,2025-05-15,2025-12-20,9.76,5,12.73,8.05,50,40,80.0,15,1
SIM-00490,2025-07-27,2025-12-20,9.69,5,11.17,5.98,100,80,80.0,30,1
SIM-00490,2025-10-08,2025-12-20,8.88,5,14.03,3.63,150,130,86.67,45,1
SIM-00490,2025-12-10,2025-12-20,10.21,5,13.69,7.71,200,175,87.5,60,1
SIM-00491,2025-05-15,2025-12-20,12.01,5,13.75,9.76,50,35,70.0,15,1
SIM-00491,2025-07-27,2025-12-20,10.24,5,13.2,8.77,100,60,60.0,30,1
SIM-00491,2025-10-08,2025-12-20,11.0,5,14.15,8.79,150,90,60.0,45,1
SIM-00491,2025-12-10,2025-12-20,12.36,5,16.8,8.09,200,140,70.0,60,1
SIM-00492,2025-05-15,2025-12-20,10.62,5,13.21,8.91,50,35,70.0,15,1
SIM-00492,2025-07-27,2025-12-20,9.62,5,12.02,8.66,100,80,80.0,30,1
SIM-00492,2025-10-08,2025-12-20,9.63,5,12.19,7.39,150,105,70.0,45,1
SIM-00492,2025-12-10,2025-12-20,9.04,5,12.2,4.88,200,125,62.5,60,1
SIM-00493,2025-05-15,2025-12-20,10.85,5,12.77,5.95,50,30,60.0,15,1
SIM-00493,2025-07-27,2025-12-20,10.6,5,12.87,5.87,100,70,70.0,30,1
SIM-00493,2025-10-08,2025-12-20,11.95,5,15.11,4.55,150,100,66.67,45,1
SIM-00493,2025-12-10,2025-12-20,9.95,5,14.48,0.64,200,125,62.5,60,1
SIM-00494,2025-05-15,2025-12-20,10.01,5,12.17,6.95,50,50,100.0,15,1
SIM-00494,2025-07-27,2025-12-20,12.0,5,13.91,9.76,100,95,95.0,30,1
SIM-00494,2025-10-08,2025-12-20,11.69,5,13.5,9.6,150,140,93.33,45,1
SIM-00494,2025-12-10,2025-12-20,13.58,5,20.0,8.57,200,185,92.5,60,1
SIM-00495,2025-05-15,2025-12-20,11.56,5,12.52,10.37,50,40,80.0,15,1
SIM-00495,2025-07-27,2025-12-20,13.89,5,16.95,12.02,100,85,85.0,30,1
SIM-00495,2025-10-08,2025-12-20,12.65,5,16.95,8.74,150,115,76.67,45,1
SIM-00495,2025-12-10,2025-12-20,14.22,5,20.0,9.76,200,170,85.0,60,1
SIM-00496,2025-05-15,2025-12-20,8.57,5,10.2,7.36,50,45,90.0,15,1
SIM-00496,2025-07-27,2025-12-20,9.6,5,13.19,5.01,100,95,95.0,30,1
SIM-00496,2025-10-08,2025-12-20,8.51,5,10.59,3.26,150,130,86.67,45,1
SIM-00496,2025-12-10,2025-12-20,8.92,5,11.86,3.82,200,190,95.0,60,1
SIM-00497,2025-05-15,2025-12-20,11.71,5,13.12,10.49,50,40,80.0,15,1
SIM-00497,2025-07-27,2025-12-20,12.14,5,14.04,10.33,100,80,80.0,30,1
SIM-00497,2025-10-08,2025-12-20,14.31,5,17.05,10.29,150,130,86.67,45,1
SIM-00497,2025-12-10,2025-12-20,12.94,5,15.86,9.41,200,155,77.5,60,1
SIM-00498,2025-05-15,2025-12-20,10.36,5,12.45,6.43,50,40,80.0,15,1
SIM-00498,2025-07-27,2025-12-20,10.65,5,14.36,7.8,100,80,80.0,30,1
SIM-00498,2025-10-08,2025-12-20,11.11,5,12.11,9.61,150,115,76.67,45,1
SIM-00498,2025-12-10,2025-12-20,9.5,5,13.2,7.31,200,170,85.0,60,1
SIM-00499,2025-05-15,2025-12-20,12.51,5,13.45,11.45,50,45,90.0,15,1
SIM-00499,2025-07-27,2025-12-20,10.21,5,11.34,8.99,100,95,95.0,30,1
SIM-00499,2025-10-08,2025-12-20,11.38,5,14.76,7.99,150,150,100.0,45,1
SIM-00499,2025-12-10,2025-12-20,12.93,5,16.9,11.29,200,195,97.5,60,1
SIM-00500,2025-05-15,2025-12-20,10.72,5,13.44,7.5,50,30,60.0,15,0
SIM-00500,2025-07-27,2025-12-20,13.41,5,15.8,10.77,100,60,60.0,30,0
SIM-00500,2025-10-08,2025-12-20,13.02,5,15.59,10.43,150,90,60.0,45,0
SIM-00500,2025-12-10,2025-12-20,13.23,5,17.54,9.5,200,125,62.5,60,0
SIM-00501,2025-05-15,2025-12-20,11.21,5,12.44,9.01,50,30,60.0,15,0
SIM-00501,2025-07-27,2025-12-20,11.66,5,13.13,9.03,100,60,60.0,30,0
SIM-00501,2025-10-08,2025-12-20,11.82,5,15.23,8.75,150,85,56.67,45,0
SIM-00501,2025-12-10,2025-12-20,13.65,5,17.97,8.38,200,115,57.5,60,0
SIM-00502,2025-05-15,2025-12-20,12.92,5,14.48,9.78,50,45,90.0,15,0
SIM-00502,2025-07-27,2025-12-20,12.74,5,15.97,9.29,100,85,85.0,30,0
SIM-00502,2025-10-08,2025-12-20,15.5,5,17.21,13.16,150,125,83.33,45,0
SIM-00502,2025-12-10,2025-12-20,16.01,5,20.0,13.39,200,175,87.5,60,0
SIM-00503,2025-05-15,2025-12-20,13.12,5,15.76,11.09,50,40,80.0,15,0
SIM-00503,2025-07-27,2025-12-20,14.65,5,16.13,12.37,100,75,75.0,30,0
SIM-00503,2025-10-08,2025-12-20,14.49,5,16.31,11.42,150,130,86.67,45,0
SIM-00503,2025-12-10,2025-12-20,16.43,5,18.86,14.17,200,165,82.5,60,0
SIM-00504,2025-05-15,2025-12-20,11.41,5,14.66,8.31,50,40,80.0,15,1
SIM-00504,2025-07-27,2025-12-20,11.76,5,16.98,7.51,100,85,85.0,30,1
SIM-00504,2025-10-08,2025-12-20,10.46,5,14.5,6.97,150,120,80.0,45,1
SIM-00504,2025-12-10,2025-12-20,10.42,5,14.7,5.98,200,170,85.0,60,1
SIM-00505,2025-05-15,2025-12-20,12.9,5,15.39,9.51,50,45,90.0,15,0
SIM-00505,2025-07-27,2025-12-20,11.39,5,14.47,8.96,100,85,85.0,30,0
SIM-00505,2025-10-08,2025-12-20,13.64,5,16.52,9.39,150,125,83.33,45,0
SIM-00505,2025-12-10,2025-12-20,15.57,5,17.13,13.38,200,165,82.5,60,0
SIM-00506,2025-05-15,2025-12-20,11.29,5,13.24,7.6,50,30,60.0,15,0
SIM-00506,2025-07-27,2025-12-20,12.0,5,13.8,11.22,100,65,65.0,30,0
SIM-00506,2025-10-08,2025-12-20,13.69,5,16.05,11.67,150,100,66.67,45,0
SIM-00506,2025-12-10,2025-12-20,15.22,5,17.64,12.07,200,120,60.0,60,0
SIM-00507,2025-05-15,2025-12-20,10.06,5,11.81,8.55,50,40,80.0,15,1
SIM-00507,2025-07-27,2025-12-20,9.82,5,12.16,5.82,100,75,75.0,30,1
SIM-00507,2025-10-08,2025-12-20,10.2,5,13.78,8.33,150,115,76.67,45,1
SIM-00507,2025-12-10,2025-12-20,9.5,5,13.56,6.36,200,155,77.5,60,1
SIM-00508,2025-05-15,2025-12-20,13.11,5,15.64,10.4,50,40,80.0,15,0
SIM-00508,2025-07-27,2025-12-20,13.18,5,14.18,11.33,100,80,80.0,30,0
SIM-00508,2025-10-08,2025-12-20,15.32,5,16.78,12.33,150,130,86.67,45,0
SIM-00508,2025-12-10,2025-12-20,14.89,5,18.73,9.56,200,170,85.0,60,0
SIM-00509,2025-05-15,2025-12-20,12.82,5,14.41,10.41,50,45,90.0,15,1
SIM-00509,2025-07-27,2025-12-20,13.06,5,15.53,10.67,100,85,85.0,30,1
SIM-00509,2025-10-08,2025-12-20,13.32,5,16.67,10.87,150,130,86.67,45,1
SIM-00509,2025-12-10,2025-12-20,11.44,5,14.16,8.4,200,175,87.5,60,1
SIM-00510,2025-05-15,2025-12-20,9.97,5,11.3,8.44,50,40,80.0,15,1
SIM-00510,2025-07-27,2025-12-20,12.66,5,16.12,7.41,100,90,90.0,30,1
SIM-00510,2025-10-08,2025-12-20,10.44,5,14.8,7.74,150,130,86.67,45,1
SIM-00510,2025-12-10,2025-12-20,10.62,5,15.21,6.78,200,175,87.5,60,1
SIM-00511,2025-05-15,2025-12-20,13.58,5,15.54,11.75,50,45,90.0,15,0
SIM-00511,2025-07-27,2025-12-20,14.6,5,16.92,12.29,100,90,90.0,30,0
SIM-00511,2025-10-08,2025-12-20,17.45,5,19.6,14.2,150,130,86.67,45,0
SIM-00511,2025-12-10,2025-12-20,17.31,5,20.0,13.03,200,175,87.5,60,0
SIM-00512,2025-05-15,2025-12-20,9.86,5,14.26,6.94,50,40,80.0,15,1
SIM-00512,2025-07-27,2025-12-20,13.11,5,14.55,12.19,100,75,75.0,30,1
SIM-00512,2025-10-08,2025-12-20,11.82,5,14.62,9.31,150,120,80.0,45,1
SIM-00512,2025-12-10,2025-12-20,12.32,5,16.36,7.25,200,145,72.5,60,1
SIM-00513,2025-05-15,2025-12-20,10.05,5,11.22,7.72,50,45,90.0,15,1
SIM-00513,2025-07-27,2025-12-20,10.95,5,12.49,9.23,100,85,85.0,30,1
SIM-00513,2025-10-08,2025-12-20,10.56,5,16.93,6.64,150,130,86.67,45,1
SIM-00513,2025-12-10,2025-12-20,12.57,5,18.01,8.6,200,170,85.0,60,1
SIM-00514,2025-05-15,2025-12-20,12.58,5,14.29,9.33,50,50,100.0,15,0
SIM-00514,2025-07-27,2025-12-20,12.61,5,13.64,11.91,100,100,100.0,30,0
SIM-00514,2025-10-08,2025-12-20,14.08,5,17.15,11.01,150,145,96.67,45,0
SIM-00514,2025-12-10,2025-12-20,15.48,5,20.0,12.22,200,195,97.5,60,0
SIM-00515,2025-05-15,2025-12-20,13.01,5,15.04,11.05,50,40,80.0,15,0
SIM-00515,2025-07-27,2025-12-20,13.22,5,16.02,9.03,100,80,80.0,30,0
SIM-00515,2025-10-08,2025-12-20,14.67,5,17.04,11.8,150,125,83.33,45,0
SIM-00515,2025-12-10,2025-12-20,15.15,5,18.02,13.4,200,160,80.0,60,0
SIM-00516,2025-05-15,2025-12-20,11.62,5,13.48,9.67,50,40,80.0,15,1
SIM-00516,2025-07-27,2025-12-20,10.87,5,12.13,9.09,100,75,75.0,30,1
SIM-00516,2025-10-08,2025-12-20,11.38,5,12.84,9.57,150,105,70.0,45,1
SIM-00516,2025-12-10,2025-12-20,10.79,5,13.31,7.73,200,160,80.0,60,1
SIM-00517,2025-05-15,2025-12-20,9.74,5,11.22,8.29,50,40,80.0,15,0
SIM-00517,2025-07-27,2025-12-20,12.04,5,13.99,10.88,100,85,85.0,30,0
SIM-00517,2025-10-08,2025-12-20,13.68,5,16.67,11.86,150,135,90.0,45,0
SIM-00517,2025-12-10,2025-12-20,12.6,5,15.63,10.45,200,175,87.5,60,0
SIM-00518,2025-05-15,2025-12-20,11.49,5,12.9,8.73,50,50,100.0,15,0
SIM-00518,2025-07-27,2025-12-20,12.2,5,14.04,9.72,100,95,95.0,30,0
SIM-00518,2025-10-08,2025-12-20,12.99,5,15.58,9.88,150,140,93.33,45,0
SIM-00518,2025-12-10,2025-12-20,14.91,5,16.26,12.49,200,195,97.5,60,0
SIM-00519,2025-05-15,2025-12-20,12.53,5,13.74,11.26,50,40,80.0,15,0
SIM-00519,2025-07-27,2025-12-20,12.47,5,14.8,8.47,100,80,80.0,30,0
SIM-00519,2025-10-08,2025-12-20,13.38,5,16.02,9.23,150,125,83.33,45,0
SIM-00519,2025-12-10,2025-12-20,15.58,5,20.0,11.15,200,160,80.0,60,0
SIM-00520,2025-05-15,2025-12-20,10.27,5,13.03,8.08,50,30,60.0,15,1
SIM-00520,2025-07-27,2025-12-20,11.43,5,15.5,7.5,100,65,65.0,30,1
SIM-00520,2025-10-08,2025-12-20,10.34,5,13.07,9.2,150,95,63.33,45,1
SIM-00520,2025-12-10,2025-12-20,9.36,5,13.67,4.42,200,135,67.5,60,1
SIM-00521,2025-05-15,2025-12-20,11.82,5,12.74,10.56,50,35,70.0,15,1
SIM-00521,2025-07-27,2025-12-20,12.8,5,14.03,11.96,100,75,75.0,30,1
SIM-00521,2025-10-08,2025-12-20,12.08,5,14.8,9.23,150,115,76.67,45,1
SIM-00521,2025-12-10,2025-12-20,11.37,5,13.87,9.19,200,145,72.5,60,1
SIM-00522,2025-05-15,2025-12-20,11.67,5,14.75,8.88,50,45,90.0,15,1
SIM-00522,2025-07-27,2025-12-20,13.6,5,16.69,8.12,100,75,75.0,30,1
SIM-00522,2025-10-08,2025-12-20,14.24,5,19.57,4.84,150,120,80.0,45,1
SIM-00522,2025-12-10,2025-12-20,15.61,5,20.0,7.09,200,175,87.5,60,1
SIM-00523,2025-05-15,2025-12-20,12.68,5,13.87,11.16,50,35,70.0,15,0
SIM-00523,2025-07-27,2025-12-20,12.82,5,14.45,10.79,100,70,70.0,30,0
SIM-00523,2025-10-08,2025-12-20,16.44,5,18.03,14.68,150,115,76.67,45,0
SIM-00523,2025-12-10,2025-12-20,16.24,5,17.6,14.37,200,140,70.0,60,0
SIM-00524,2025-05-15,2025-12-20,12.41,5,15.75,8.92,50,45,90.0,15,0
SIM-00524,2025-07-27,2025-12-20,12.45,5,14.92,10.98,100,85,85.0,30,0
SIM-00524,2025-10-08,2025-12-20,12.17,5,13.51,9.77,150,135,90.0,45,0
SIM-00524,2025-12-10,2025-12-20,15.02,5,15.95,13.58,200,170,85.0,60,0
SIM-00525,2025-05-15,2025-12-20,12.35,5,14.01,11.23,50,40,80.0,15,0
SIM-00525,2025-07-27,2025-12-20,14.02,5,16.49,11.4,100,70,70.0,30,0
SIM-00525,2025-10-08,2025-12-20,16.81,5,20.0,14.63,150,115,76.67,45,0
SIM-00525,2025-12-10,2025-12-20,17.22,5,20.0,12.97,200,155,77.5,60,0
SIM-00526,2025-05-15,2025-12-20,11.12,5,13.36,8.91,50,40,80.0,15,1
SIM-00526,2025-07-27,2025-12-20,11.75,5,16.74,8.56,100,85,85.0,30,1
SIM-00526,2025-10-08,2025-12-20,12.12,5,13.52,9.35,150,125,83.33,45,1
SIM-00526,2025-12-10,2025-12-20,11.16,5,18.16,8.48,200,170,85.0,60,1
SIM-00527,2025-05-15,2025-12-20,10.81,5,15.15,5.26,50,50,100.0,15,1
SIM-00527,2025-07-27,2025-12-20,10.44,5,13.79,6.67,100,95,95.0,30,1
SIM-00527,2025-10-08,2025-12-20,10.82,5,13.9,7.63,150,150,100.0,45,1
SIM-00527,2025-12-10,2025-12-20,12.17,5,14.46,8.87,200,200,100.0,60,1
SIM-00528,2025-05-15,2025-12-20,12.3,5,12.75,11.58,50,25,50.0,15,0
SIM-00528,2025-07-27,2025-12-20,12.67,5,15.26,9.16,100,50,50.0,30,0
SIM-00528,2025-10-08,2025-12-20,13.17,5,13.69,11.96,150,75,50.0,45,0
SIM-00528,2025-12-10,2025-12-20,14.87,5,16.93,12.7,200,90,45.0,60,0
SIM-00529,2025-05-15,2025-12-20,11.43,5,14.41,9.55,50,35,70.0,15,1
SIM-00529,2025-07-27,2025-12-20,12.71,5,14.91,10.36,100,70,70.0,30,1
SIM-00529,2025-10-08,2025-12-20,14.05,5,15.03,12.38,150,95,63.33,45,1
SIM-00529,2025-12-10,2025-12-20,14.87,5,18.46,10.33,200,150,75.0,60,1
SIM-00530,2025-05-15,2025-12-20,11.06,5,12.84,9.51,50,45,90.0,15,1
SIM-00530,2025-07-27,2025-12-20,11.84,5,12.71,10.7,100,85,85.0,30,1
SIM-00530,2025-10-08,2025-12-20,11.56,5,16.94,7.66,150,130,86.67,45,1
SIM-00530,2025-12-10,2025-12-20,11.21,5,14.43,7.33,200,175,87.5,60,1
SIM-00531,2025-05-15,2025-12-20,13.59,5,14.26,12.82,50,50,100.0,15,0
SIM-00531,2025-07-27,2025-12-20,15.53,5,16.42,14.15,100,95,95.0,30,0
SIM-00531,2025-10-08,2025-12-20,17.33,5,18.8,15.43,150,145,96.67,45,0
SIM-00531,2025-12-10,2025-12-20,17.75,5,20.0,14.3,200,195,97.5,60,0
SIM-00532,2025-05-15,2025-12-20,11.02,5,12.06,10.15,50,30,60.0,15,1
SIM-00532,2025-07-27,2025-12-20,11.77,5,16.7,7.31,100,55,55.0,30,1
SIM-00532,2025-10-08,2025-12-20,12.76,5,15.58,10.28,150,80,53.33,45,1
SIM-00532,2025-12-10,2025-12-20,14.21,5,15.72,11.82,200,110,55.0,60,1
SIM-00533,2025-05-15,2025-12-20,12.3,5,13.46,10.69,50,40,80.0,15,0
SIM-00533,2025-07-27,2025-12-20,11.91,5,15.54,9.41,100,85,85.0,30,0
SIM-00533,2025-10-08,2025-12-20,13.72,5,17.42,9.23,150,125,83.33,45,0
SIM-00533,2025-12-10,2025-12-20,15.8,5,20.0,8.9,200,160,80.0,60,0
SIM-00534,2025-05-15,2025-12-20,10.48,5,12.44,9.11,50,45,90.0,15,1
SIM-00534,2025-07-27,2025-12-20,10.5,5,12.09,8.0,100,85,85.0,30,1
SIM-00534,2025-10-08,2025-12-20,9.92,5,12.32,7.47,150,140,93.33,45,1
SIM-00534,2025-12-10,2025-12-20,10.55,5,13.05,7.48,200,170,85.0,60,1
SIM-00535,2025-05-15,2025-12-20,11.74,5,14.02,9.57,50,45,90.0,15,1
SIM-00535,2025-07-27,2025-12-20,11.94,5,15.83,8.28,100,90,90.0,30,1
SIM-00535,2025-10-08,2025-12-20,10.03,5,12.34,6.3,150,150,100.0,45,1
SIM-00535,2025-12-10,2025-12-20,12.06,5,13.68,9.47,200,200,100.0,60,1
SIM-00536,2025-05-15,2025-12-20,12.68,5,14.52,10.42,50,40,80.0,15,0
SIM-00536,2025-07-27,2025-12-20,15.16,5,18.97,13.35,100,80,80.0,30,0
SIM-00536,2025-10-08,2025-12-20,16.39,5,18.05,14.44,150,100,66.67,45,0
SIM-00536,2025-12-10,2025-12-20,16.96,5,19.3,13.23,200,145,72.5,60,0
SIM-00537,2025-05-15,2025-12-20,11.34,5,13.34,9.06,50,30,60.0,15,1
SIM-00537,2025-07-27,2025-12-20,11.64,5,14.92,8.82,100,45,45.0,30,1
SIM-00537,2025-10-08,2025-12-20,11.01,5,17.31,5.38,150,75,50.0,45,1
SIM-00537,2025-12-10,2025-12-20,10.5,5,14.34,7.76,200,105,52.5,60,1
SIM-00538,2025-05-15,2025-12-20,11.01,5,14.64,8.73,50,45,90.0,15,1
SIM-00538,2025-07-27,2025-12-20,9.94,5,13.02,8.03,100,85,85.0,30,1
SIM-00538,2025-10-08,2025-12-20,10.59,5,12.03,9.6,150,125,83.33,45,1
SIM-00538,2025-12-10,2025-12-20,11.36,5,14.96,7.89,200,175,87.5,60,1
SIM-00539,2025-05-15,2025-12-20,9.77,5,11.27,8.93,50,45,90.0,15,1
SIM-00539,2025-07-27,2025-12-20,9.88,5,13.78,6.04,100,90,90.0,30,1
SIM-00539,2025-10-08,2025-12-20,11.85,5,15.53,8.1,150,130,86.67,45,1
SIM-00539,2025-12-10,2025-12-20,11.5,5,16.1,8.08,200,180,90.0,60,1
SIM-00540,2025-05-15,2025-12-20,10.31,5,11.66,9.61,50,40,80.0,15,1
SIM-00540,2025-07-27,2025-12-20,8.64,5,11.45,6.67,100,70,70.0,30,1
SIM-00540,2025-10-08,2025-12-20,6.58,5,10.35,3.81,150,105,70.0,45,1
SIM-00540,2025-12-10,2025-12-20,6.02,5,8.9,3.79,200,155,77.5,60,1
SIM-00541,2025-05-15,2025-12-20,12.34,5,14.79,10.46,50,45,90.0,15,0
SIM-00541,2025-07-27,2025-12-20,14.9,5,18.61,11.65,100,90,90.0,30,0
SIM-00541,2025-10-08,2025-12-20,16.38,5,17.86,14.49,150,140,93.33,45,0
SIM-00541,2025-12-10,2025-12-20,18.4,5,20.0,15.44,200,170,85.0,60,0
SIM-00542,2025-05-15,2025-12-20,11.36,5,12.68,9.59,50,40,80.0,15,0
SIM-00542,2025-07-27,2025-12-20,14.68,5,19.07,11.83,100,75,75.0,30,0
SIM-00542,2025-10-08,2025-12-20,15.86,5,20.0,12.63,150,120,80.0,45,0
SIM-00542,2025-12-10,2025-12-20,17.58,5,20.0,14.47,200,150,75.0,60,0
SIM-00543,2025-05-15,2025-12-20,10.2,5,11.76,8.8,50,45,90.0,15,1
SIM-00543,2025-07-27,2025-12-20,9.44,5,12.17,6.7,100,90,90.0,30,1
SIM-00543,2025-10-08,2025-12-20,8.18,5,10.44,7.04,150,135,90.0,45,1
SIM-00543,2025-12-10,2025-12-20,7.29,5,10.99,3.99,200,195,97.5,60,1
SIM-00544,2025-05-15,2025-12-20,11.49,5,14.2,8.67,50,35,70.0,15,1
SIM-00544,2025-07-27,2025-12-20,10.42,5,12.3,7.54,100,75,75.0,30,1
SIM-00544,2025-10-08,2025-12-20,10.75,5,12.43,9.07,150,105,70.0,45,1
SIM-00544,2025-12-10,2025-12-20,10.19,5,16.37,6.44,200,145,72.5,60,1
SIM-00545,2025-05-15,2025-12-20,10.51,5,13.05,8.22,50,45,90.0,15,1
SIM-00545,2025-07-27,2025-12-20,11.36,5,14.81,9.24,100,95,95.0,30,1
SIM-00545,2025-10-08,2025-12-20,12.32,5,16.58,8.24,150,130,86.67,45,1
SIM-00545,2025-12-10,2025-12-20,11.29,5,13.92,7.27,200,175,87.5,60,1
SIM-00546,2025-05-15,2025-12-20,11.59,5,14.82,8.41,50,45,90.0,15,1
SIM-00546,2025-07-27,2025-12-20,11.8,5,13.74,8.96,100,90,90.0,30,1
SIM-00546,2025-10-08,2025-12-20,11.5,5,13.85,7.73,150,135,90.0,45,1
SIM-00546,2025-12-10,2025-12-20,12.58,5,17.19,10.2,200,165,82.5,60,1
SIM-00547,2025-05-15,2025-12-20,13.94,5,14.93,12.58,50,30,60.0,15,0
SIM-00547,2025-07-27,2025-12-20,14.79,5,16.89,11.94,100,60,60.0,30,0
SIM-00547,2025-10-08,2025-12-20,16.08,5,19.79,14.72,150,95,63.33,45,0
SIM-00547,2025-12-10,2025-12-20,17.19,5,20.0,15.03,200,130,65.0,60,0
SIM-00548,2025-05-15,2025-12-20,10.18,5,12.16,4.9,50,40,80.0,15,1
SIM-00548,2025-07-27,2025-12-20,11.23,5,14.29,8.28,100,75,75.0,30,1
SIM-00548,2025-10-08,2025-12-20,10.5,5,12.39,7.75,150,115,76.67,45,1
SIM-00548,2025-12-10,2025-12-20,12.19,5,15.91,6.91,200,140,70.0,60,1
SIM-00549,2025-05-15,2025-12-20,11.92,5,16.22,9.91,50,45,90.0,15,0
SIM-00549,2025-07-27,2025-12-20,14.17,5,16.76,10.16,100,100,100.0,30,0
SIM-00549,2025-10-08,2025-12-20,14.95,5,16.54,13.18,150,145,96.67,45,0
SIM-00549,2025-12-10,2025-12-20,17.1,5,19.44,11.46,200,185,92.5,60,0
SIM-00550,2025-05-15,2025-12-20,10.76,5,14.29,8.35,50,40,80.0,15,1
SIM-00550,2025-07-27,2025-12-20,11.13,5,15.29,8.02,100,80,80.0,30,1
SIM-00550,2025-10-08,2025-12-20,12.44,5,14.43,10.95,150,110,73.33,45,1
SIM-00550,2025-12-10,2025-12-20,14.47,5,18.62,9.06,200,150,75.0,60,1
SIM-00551,2025-05-15,2025-12-20,12.73,5,15.09,10.43,50,40,80.0,15,1
SIM-00551,2025-07-27,2025-12-20,12.7,5,15.83,7.96,100,80,80.0,30,1
SIM-00551,2025-10-08,2025-12-20,14.67,5,18.55,11.03,150,120,80.0,45,1
SIM-00551,2025-12-10,2025-12-20,14.8,5,18.57,11.03,200,170,85.0,60,1
SIM-00552,2025-05-15,2025-12-20,10.91,5,12.64,9.54,50,35,70.0,15,1
SIM-00552,2025-07-27,2025-12-20,13.68,5,16.16,10.18,100,75,75.0,30,1
SIM-00552,2025-10-08,2025-12-20,10.68,5,12.0,9.76,150,105,70.0,45,1
SIM-00552,2025-12-10,2025-12-20,12.37,5,15.96,10.89,200,145,72.5,60,1
SIM-00553,2025-05-15,2025-12-20,9.77,5,13.55,5.52,50,45,90.0,15,1
SIM-00553,2025-07-27,2025-12-20,9.95,5,11.4,8.69,100,90,90.0,30,1
SIM-00553,2025-10-08,2025-12-20,9.89,5,13.28,7.61,150,150,100.0,45,1
SIM-00553,2025-12-10,2025-12-20,10.76,5,13.55,9.65,200,185,92.5,60,1
SIM-00554,2025-05-15,2025-12-20,12.86,5,14.82,10.02,50,35,70.0,15,1
SIM-00554,2025-07-27,2025-12-20,12.59,5,15.45,8.76,100,60,60.0,30,1
SIM-00554,2025-10-08,2025-12-20,13.08,5,18.69,9.37,150,100,66.67,45,1
SIM-00554,2025-12-10,2025-12-20,14.67,5,19.38,11.28,200,130,65.0,60,1
SIM-00555,2025-05-15,2025-12-20,11.05,5,13.47,9.64,50,45,90.0,15,1
SIM-00555,2025-07-27,2025-12-20,10.7,5,13.17,8.04,100,90,90.0,30,1
SIM-00555,2025-10-08,2025-12-20,11.13,5,14.48,6.52,150,130,86.67,45,1
SIM-00555,2025-12-10,2025-12-20,10.73,5,14.37,7.63,200,185,92.5,60,1
SIM-00556,2025-05-15,2025-12-20,11.22,5,13.17,8.31,50,40,80.0,15,1
SIM-00556,2025-07-27,2025-12-20,11.42,5,12.76,9.92,100,80,80.0,30,1
SIM-00556,2025-10-08,2025-12-20,11.98,5,14.63,7.69,150,100,66.67,45,1
SIM-00556,2025-12-10,2025-12-20,10.67,5,14.54,7.66,200,155,77.5,60,1
SIM-00557,2025-05-15,2025-12-20,13.4,5,16.13,11.23,50,40,80.0,15,1
SIM-00557,2025-07-27,2025-12-20,11.78,5,15.36,9.16,100,85,85.0,30,1
SIM-00557,2025-10-08,2025-12-20,11.03,5,13.37,8.6,150,115,76.67,45,1
SIM-00557,2025-12-10,2025-12-20,11.76,5,14.79,9.33,200,170,85.0,60,1
SIM-00558,2025-05-15,2025-12-20,12.98,5,14.18,11.73,50,40,80.0,15,0
SIM-00558,2025-07-27,2025-12-20,14.85,5,17.93,11.26,100,85,85.0,30,0
SIM-00558,2025-10-08,2025-12-20,15.52,5,18.01,12.46,150,115,76.67,45,0
SIM-00558,2025-12-10,2025-12-20,17.24,5,20.0,13.3,200,165,82.5,60,0
SIM-00559,2025-05-15,2025-12-20,10.07,5,12.66,5.84,50,40,80.0,15,0
SIM-00559,2025-07-27,2025-12-20,13.5,5,17.36,10.26,100,75,75.0,30,0
SIM-00559,2025-10-08,2025-12-20,12.39,5,14.09,9.24,150,115,76.67,45,0
SIM-00559,2025-12-10,2025-12-20,13.32,5,15.44,10.53,200,155,77.5,60,0
SIM-00560,2025-05-15,2025-12-20,10.87,5,12.57,7.95,50,35,70.0,15,1
SIM-00560,2025-07-27,2025-12-20,10.96,5,12.24,7.88,100,70,70.0,30,1
SIM-00560,2025-10-08,2025-12-20,10.45,5,15.88,6.4,150,105,70.0,45,1
SIM-00560,2025-12-10,2025-12-20,11.73,5,16.76,5.81,200,145,72.5,60,1
SIM-00561,2025-05-15,2025-12-20,12.07,5,15.73,10.19,50,45,90.0,15,1
SIM-00561,2025-07-27,2025-12-20,13.03,5,15.67,10.23,100,90,90.0,30,1
SIM-00561,2025-10-08,2025-12-20,12.06,5,16.3,9.02,150,145,96.67,45,1
SIM-00561,2025-12-10,2025-12-20,14.21,5,17.87,7.67,200,185,92.5,60,1
SIM-00562,2025-05-15,2025-12-20,10.44,5,12.25,8.33,50,40,80.0,15,1
SIM-00562,2025-07-27,2025-12-20,9.66,5,11.11,7.44,100,85,85.0,30,1
SIM-00562,2025-10-08,2025-12-20,8.09,5,11.05,5.9,150,130,86.67,45,1
SIM-00562,2025-12-10,2025-12-20,10.35,5,15.7,6.29,200,155,77.5,60,1
SIM-00563,2025-05-15,2025-12-20,11.61,5,13.92,9.57,50,40,80.0,15,1
SIM-00563,2025-07-27,2025-12-20,10.27,5,12.34,8.39,100,85,85.0,30,1
SIM-00563,2025-10-08,2025-12-20,10.28,5,16.05,7.81,150,135,90.0,45,1
SIM-00563,2025-12-10,2025-12-20,10.17,5,13.62,5.77,200,160,80.0,60,1
SIM-00564,2025-05-15,2025-12-20,11.83,5,13.62,10.35,50,45,90.0,15,1
SIM-00564,2025-07-27,2025-12-20,9.86,5,10.72,9.24,100,90,90.0,30,1
SIM-00564,2025-10-08,2025-12-20,10.69,5,13.91,8.11,150,125,83.33,45,1
SIM-00564,2025-12-10,2025-12-20,8.62,5,12.07,6.26,200,185,92.5,60,1
SIM-00565,2025-05-15,2025-12-20,12.35,5,14.21,9.82,50,40,80.0,15,0
SIM-00565,2025-07-27,2025-12-20,15.32,5,17.42,12.46,100,85,85.0,30,0
SIM-00565,2025-10-08,2025-12-20,14.72,5,16.41,12.91,150,125,83.33,45,0
SIM-00565,2025-12-10,2025-12-20,16.36,5,20.0,13.85,200,165,82.5,60,0
SIM-00566,2025-05-15,2025-12-20,12.42,5,15.38,10.31,50,45,90.0,15,1
SIM-00566,2025-07-27,2025-12-20,10.22,5,13.21,9.06,100,95,95.0,30,1
SIM-00566,2025-10-08,2025-12-20,10.83,5,15.85,8.15,150,140,93.33,45,1
SIM-00566,2025-12-10,2025-12-20,12.2,5,16.02,6.89,200,195,97.5,60,1
SIM-00567,2025-05-15,2025-12-20,9.94,5,11.46,8.61,50,35,70.0,15,1
SIM-00567,2025-07-27,2025-12-20,12.24,5,14.22,9.8,100,75,75.0,30,1
SIM-00567,2025-10-08,2025-12-20,13.11,5,17.14,7.44,150,95,63.33,45,1
SIM-00567,2025-12-10,2025-12-20,13.52,5,16.34,10.21,200,155,77.5,60,1
SIM-00568,2025-05-15,2025-12-20,11.85,5,15.81,8.5,50,40,80.0,15,1
SIM-00568,2025-07-27,2025-12-20,13.13,5,14.79,11.34,100,85,85.0,30,1
SIM-00568,2025-10-08,2025-12-20,13.22,5,16.23,10.44,150,120,80.0,45,1
SIM-00568,2025-12-10,2025-12-20,15.79,5,19.22,10.28,200,170,85.0,60,1
SIM-00569,2025-05-15,2025-12-20,11.17,5,13.4,9.76,50,45,90.0,15,0
SIM-00569,2025-07-27,2025-12-20,13.54,5,15.48,10.78,100,90,90.0,30,0
SIM-00569,2025-10-08,2025-12-20,12.62,5,14.69,10.02,150,140,93.33,45,0
SIM-00569,2025-12-10,2025-12-20,15.17,5,19.16,13.58,200,175,87.5,60,0
SIM-00570,2025-05-15,2025-12-20,11.2,5,13.25,10.1,50,40,80.0,15,1
SIM-00570,2025-07-27,2025-12-20,11.02,5,11.74,9.72,100,85,85.0,30,1
SIM-00570,2025-10-08,2025-12-20,10.11,5,13.48,6.22,150,120,80.0,45,1
SIM-00570,2025-12-10,2025-12-20,10.65,5,12.67,8.15,200,160,80.0,60,1
SIM-00571,2025-05-15,2025-12-20,11.71,5,14.09,9.79,50,45,90.0,15,1
SIM-00571,2025-07-27,2025-12-20,11.43,5,12.86,9.27,100,95,95.0,30,1
SIM-00571,2025-10-08,2025-12-20,12.85,5,13.95,10.6,150,140,93.33,45,1
SIM-00571,2025-12-10,2025-12-20,11.4,5,12.73,10.21,200,175,87.5,60,1
SIM-00572,2025-05-15,2025-12-20,10.43,5,12.12,8.86,50,40,80.0,15,1
SIM-00572,2025-07-27,2025-12-20,11.64,5,12.8,9.77,100,80,80.0,30,1
SIM-00572,2025-10-08,2025-12-20,11.73,5,13.62,10.03,150,120,80.0,45,1
SIM-00572,2025-12-10,2025-12-20,11.22,5,13.2,7.88,200,170,85.0,60,1
SIM-00573,2025-05-15,2025-12-20,10.08,5,12.39,8.46,50,40,80.0,15,1
SIM-00573,2025-07-27,2025-12-20,10.61,5,13.84,8.83,100,80,80.0,30,1
SIM-00573,2025-10-08,2025-12-20,10.03,5,12.98,8.61,150,125,83.33,45,1
SIM-00573,2025-12-10,2025-12-20,8.83,5,11.45,6.5,200,160,80.0,60,1
SIM-00574,2025-05-15,2025-12-20,8.3,5,11.97,7.16,50,35,70.0,15,1
SIM-00574,2025-07-27,2025-12-20,9.91,5,14.16,6.07,100,75,75.0,30,1
SIM-00574,2025-10-08,2025-12-20,11.04,5,15.42,7.29,150,115,76.67,45,1
SIM-00574,2025-12-10,2025-12-20,11.82,5,19.14,8.32,200,160,80.0,60,1
SIM-00575,2025-05-15,2025-12-20,11.04,5,13.29,9.66,50,35,70.0,15,1
SIM-00575,2025-07-27,2025-12-20,12.45,5,16.65,8.61,100,65,65.0,30,1
SIM-00575,2025-10-08,2025-12-20,11.51,5,12.83,8.96,150,100,66.67,45,1
SIM-00575,2025-12-10,2025-12-20,12.28,5,16.7,8.58,200,130,65.0,60,1
SIM-00576,2025-05-15,2025-12-20,12.06,5,15.16,9.95,50,45,90.0,15,1
SIM-00576,2025-07-27,2025-12-20,11.49,5,13.15,9.87,100,90,90.0,30,1
SIM-00576,2025-10-08,2025-12-20,12.3,5,13.79,10.01,150,130,86.67,45,1
SIM-00576,2025-12-10,2025-12-20,12.47,5,14.42,10.15,200,180,90.0,60,1
SIM-00577,2025-05-15,2025-12-20,10.89,5,12.49,9.38,50,35,70.0,15,1
SIM-00577,2025-07-27,2025-12-20,11.09,5,11.82,10.02,100,75,75.0,30,1
SIM-00577,2025-10-08,2025-12-20,12.17,5,14.23,8.96,150,120,80.0,45,1
SIM-00577,2025-12-10,2025-12-20,12.05,5,16.42,9.39,200,155,77.5,60,1
SIM-00578,2025-05-15,2025-12-20,11.52,5,14.33,7.66,50,35,70.0,15,1
SIM-00578,2025-07-27,2025-12-20,10.95,5,13.43,7.88,100,70,70.0,30,1
SIM-00578,2025-10-08,2025-12-20,12.21,5,13.68,9.6,150,105,70.0,45,1
SIM-00578,2025-12-10,2025-12-20,11.65,5,13.78,10.66,200,135,67.5,60,1
SIM-00579,2025-05-15,2025-12-20,11.78,5,16.29,8.49,50,40,80.0,15,1
SIM-00579,2025-07-27,2025-12-20,12.53,5,15.95,9.38,100,85,85.0,30,1
SIM-00579,2025-10-08,2025-12-20,11.14,5,15.6,8.55,150,120,80.0,45,1
SIM-00579,2025-12-10,2025-12-20,12.48,5,15.4,8.45,200,170,85.0,60,1
SIM-00580,2025-05-15,2025-12-20,11.35,5,12.86,10.45,50,45,90.0,15,0
SIM-00580,2025-07-27,2025-12-20,12.16,5,13.16,11.0,100,90,90.0,30,0
SIM-00580,2025-10-08,2025-12-20,12.56,5,14.59,11.12,150,115,76.67,45,0
SIM-00580,2025-12-10,2025-12-20,13.51,5,15.99,10.04,200,170,85.0,60,0
SIM-00581,2025-05-15,2025-12-20,10.58,5,13.95,9.45,50,40,80.0,15,1
SIM-00581,2025-07-27,2025-12-20,10.66,5,14.96,4.47,100,80,80.0,30,1
SIM-00581,2025-10-08,2025-12-20,12.23,5,16.46,8.28,150,120,80.0,45,1
SIM-00581,2025-12-10,2025-12-20,10.08,5,16.08,3.43,200,170,85.0,60,1
SIM-00582,2025-05-15,2025-12-20,13.33,5,14.98,10.31,50,35,70.0,15,0
SIM-00582,2025-07-27,2025-12-20,15.09,5,18.08,10.7,100,65,65.0,30,0
SIM-00582,2025-10-08,2025-12-20,17.03,5,19.22,14.78,150,100,66.67,45,0
SIM-00582,2025-12-10,2025-12-20,16.78,5,17.85,14.46,200,135,67.5,60,0
SIM-00583,2025-05-15,2025-12-20,10.7,5,11.52,9.37,50,50,100.0,15,0
SIM-00583,2025-07-27,2025-12-20,12.64,5,13.83,11.28,100,95,95.0,30,0
SIM-00583,2025-10-08,2025-12-20,13.53,5,17.48,10.55,150,150,100.0,45,0
SIM-00583,2025-12-10,2025-12-20,12.47,5,17.01,9.85,200,185,92.5,60,0
SIM-00584,2025-05-15,2025-12-20,12.11,5,13.44,10.38,50,25,50.0,15,1
SIM-00584,2025-07-27,2025-12-20,11.71,5,14.99,8.23,100,55,55.0,30,1
SIM-00584,2025-10-08,2025-12-20,12.04,5,14.56,8.77,150,85,56.67,45,1
SIM-00584,2025-12-10,2025-12-20,12.41,5,17.31,9.07,200,100,50.0,60,1
SIM-00585,2025-05-15,2025-12-20,11.6,5,15.13,9.27,50,40,80.0,15,0
SIM-00585,2025-07-27,2025-12-20,12.41,5,13.82,10.54,100,90,90.0,30,0
SIM-00585,2025-10-08,2025-12-20,14.19,5,16.01,10.58,150,125,83.33,45,0
SIM-00585,2025-12-10,2025-12-20,15.09,5,17.35,12.21,200,170,85.0,60,0
SIM-00586,2025-05-15,2025-12-20,11.3,5,12.68,9.98,50,40,80.0,15,1
SIM-00586,2025-07-27,2025-12-20,11.89,5,14.31,8.84,100,80,80.0,30,1
SIM-00586,2025-10-08,2025-12-20,12.51,5,14.74,11.03,150,120,80.0,45,1
SIM-00586,2025-12-10,2025-12-20,11.1,5,14.96,8.28,200,160,80.0,60,1
SIM-00587,2025-05-15,2025-12-20,11.99,5,13.76,7.39,50,50,100.0,15,0
SIM-00587,2025-07-27,2025-12-20,12.64,5,15.8,10.71,100,85,85.0,30,0
SIM-00587,2025-10-08,2025-12-20,14.32,5,15.74,12.1,150,135,90.0,45,0
SIM-00587,2025-12-10,2025-12-20,15.06,5,16.74,14.06,200,170,85.0,60,0
SIM-00588,2025-05-15,2025-12-20,12.15,5,15.36,9.13,50,30,60.0,15,0
SIM-00588,2025-07-27,2025-12-20,14.17,5,16.78,11.88,100,60,60.0,30,0
SIM-00588,2025-10-08,2025-12-20,16.07,5,18.44,14.37,150,85,56.67,45,0
SIM-00588,2025-12-10,2025-12-20,15.78,5,20.0,10.48,200,115,57.5,60,0
SIM-00589,2025-05-15,2025-12-20,11.56,5,12.9,9.72,50,40,80.0,15,0
SIM-00589,2025-07-27,2025-12-20,12.77,5,16.19,9.57,100,85,85.0,30,0
SIM-00589,2025-10-08,2025-12-20,14.26,5,16.55,9.61,150,130,86.67,45,0
SIM-00589,2025-12-10,2025-12-20,14.2,5,16.65,9.88,200,170,85.0,60,0
SIM-00590,2025-05-15,2025-12-20,10.72,5,12.96,8.02,50,50,100.0,15,1
SIM-00590,2025-07-27,2025-12-20,11.5,5,13.0,10.22,100,95,95.0,30,1
SIM-00590,2025-10-08,2025-12-20,12.04,5,14.91,8.96,150,140,93.33,45,1
SIM-00590,2025-12-10,2025-12-20,11.64,5,15.12,8.93,200,200,100.0,60,1
SIM-00591,2025-05-15,2025-12-20,13.55,5,18.91,9.88,50,40,80.0,15,0
SIM-00591,2025-07-27,2025-12-20,13.48,5,14.73,12.38,100,80,80.0,30,0
SIM-00591,2025-10-08,2025-12-20,13.65,5,15.79,10.27,150,125,83.33,45,0
SIM-00591,2025-12-10,2025-12-20,15.17,5,17.36,13.68,200,165,82.5,60,0
SIM-00592,2025-05-15,2025-12-20,12.37,5,16.5,10.04,50,45,90.0,15,1
SIM-00592,2025-07-27,2025-12-20,13.42,5,15.61,10.86,100,90,90.0,30,1
SIM-00592,2025-10-08,2025-12-20,13.58,5,14.93,10.47,150,130,86.67,45,1
SIM-00592,2025-12-10,2025-12-20,15.13,5,17.04,12.35,200,190,95.0,60,1
SIM-00593,2025-05-15,2025-12-20,11.3,5,12.5,10.23,50,45,90.0,15,1
SIM-00593,2025-07-27,2025-12-20,13.11,5,15.54,10.47,100,90,90.0,30,1
SIM-00593,2025-10-08,2025-12-20,12.44,5,16.36,7.43,150,140,93.33,45,1
SIM-00593,2025-12-10,2025-12-20,13.34,5,15.35,11.79,200,185,92.5,60,1
SIM-00594,2025-05-15,2025-12-20,11.72,5,15.3,10.41,50,45,90.0,15,0
SIM-00594,2025-07-27,2025-12-20,13.0,5,14.26,11.22,100,90,90.0,30,0
SIM-00594,2025-10-08,2025-12-20,13.25,5,15.78,11.33,150,145,96.67,45,0
SIM-00594,2025-12-10,2025-12-20,15.29,5,20.0,9.23,200,185,92.5,60,0
SIM-00595,2025-05-15,2025-12-20,11.79,5,13.04,10.28,50,25,50.0,15,0
SIM-00595,2025-07-27,2025-12-20,13.36,5,15.92,10.74,100,60,60.0,30,0
SIM-00595,2025-10-08,2025-12-20,15.44,5,17.59,13.75,150,90,60.0,45,0
SIM-00595,2025-12-10,2025-12-20,18.01,5,20.0,14.87,200,130,65.0,60,0
SIM-00596,2025-05-15,2025-12-20,10.72,5,14.09,8.8,50,30,60.0,15,1
SIM-00596,2025-07-27,2025-12-20,8.11,5,9.94,5.74,100,65,65.0,30,1
SIM-00596,2025-10-08,2025-12-20,7.67,5,9.57,3.21,150,105,70.0,45,1
SIM-00596,2025-12-10,2025-12-20,6.38,5,11.43,2.48,200,145,72.5,60,1
SIM-00597,2025-05-15,2025-12-20,12.57,5,13.6,11.32,50,45,90.0,15,0
SIM-00597,2025-07-27,2025-12-20,13.19,5,15.5,12.24,100,90,90.0,30,0
SIM-00597,2025-10-08,2025-12-20,15.29,5,18.1,12.29,150,145,96.67,45,0
SIM-00597,2025-12-10,2025-12-20,15.93,5,18.2,14.84,200,195,97.5,60,0
SIM-00598,2025-05-15,2025-12-20,12.18,5,13.36,9.85,50,40,80.0,15,0
SIM-00598,2025-07-27,2025-12-20,12.25,5,13.83,9.19,100,85,85.0,30,0
SIM-00598,2025-10-08,2025-12-20,13.04,5,14.28,11.55,150,120,80.0,45,0
SIM-00598,2025-12-10,2025-12-20,13.44,5,16.32,11.79,200,160,80.0,60,0
SIM-00599,2025-05-15,2025-12-20,11.52,5,13.38,10.18,50,35,70.0,15,1
SIM-00599,2025-07-27,2025-12-20,11.09,5,15.69,8.88,100,75,75.0,30,1
SIM-00599,2025-10-08,2025-12-20,10.87,5,13.86,7.1,150,120,80.0,45,1
SIM-00599,2025-12-10,2025-12-20,10.87,5,15.91,5.46,200,140,70.0,60,1
SIM-00600,2025-05-15,2025-12-20,11.03,5,12.36,9.81,50,45,90.0,15,1
SIM-00600,2025-07-27,2025-12-20,11.54,5,14.45,9.26,100,85,85.0,30,1
SIM-00600,2025-10-08,2025-12-20,10.77,5,13.11,6.95,150,120,80.0,45,1
SIM-00600,2025-12-10,2025-12-20,10.46,5,12.88,8.15,200,190,95.0,60,1
SIM-00601,2025-05-15,2025-12-20,11.33,5,13.97,7.61,50,45,90.0,15,1
SIM-00601,2025-07-27,2025-12-20,8.84,5,11.38,7.1,100,85,85.0,30,1
SIM-00601,2025-10-08,2025-12-20,11.31,5,12.97,9.65,150,125,83.33,45,1
SIM-00601,2025-12-10,2025-12-20,10.66,5,13.13,8.56,200,185,92.5,60,1
SIM-00602,2025-05-15,2025-12-20,11.48,5,13.06,10.13,50,45,90.0,15,0
SIM-00602,2025-07-27,2025-12-20,14.19,5,17.46,12.31,100,90,90.0,30,0
SIM-00602,2025-10-08,2025-12-20,13.65,5,17.1,9.22,150,145,96.67,45,0
SIM-00602,2025-12-10,2025-12-20,15.55,5,20.0,11.34,200,200,100.0,60,0
SIM-00603,2025-05-15,2025-12-20,12.66,5,13.47,11.31,50,25,50.0,15,1
SIM-00603,2025-07-27,2025-12-20,12.28,5,14.46,9.18,100,40,40.0,30,1
SIM-00603,2025-10-08,2025-12-20,12.14,5,15.65,9.31,150,70,46.67,45,1
SIM-00603,2025-12-10,2025-12-20,11.55,5,14.83,9.06,200,80,40.0,60,1
SIM-00604,2025-05-15,2025-12-20,12.59,5,13.85,9.19,50,35,70.0,15,0
SIM-00604,2025-07-27,2025-12-20,13.02,5,14.26,11.44,100,80,80.0,30,0
SIM-00604,2025-10-08,2025-12-20,14.21,5,16.5,9.74,150,120,80.0,45,0
SIM-00604,2025-12-10,2025-12-20,16.83,5,20.0,9.6,200,150,75.0,60,0
SIM-00605,2025-05-15,2025-12-20,9.89,5,12.58,8.23,50,45,90.0,15,1
SIM-00605,2025-07-27,2025-12-20,11.04,5,14.34,8.92,100,95,95.0,30,1
SIM-00605,2025-10-08,2025-12-20,11.09,5,16.1,3.82,150,135,90.0,45,1
SIM-00605,2025-12-10,2025-12-20,11.9,5,15.22,7.91,200,180,90.0,60,1
SIM-00606,2025-05-15,2025-12-20,11.89,5,12.99,10.85,50,20,40.0,15,0
SIM-00606,2025-07-27,2025-12-20,13.6,5,15.32,11.91,100,40,40.0,30,0
SIM-00606,2025-10-08,2025-12-20,13.37,5,16.54,11.73,150,60,40.0,45,0
SIM-00606,2025-12-10,2025-12-20,15.92,5,19.85,13.24,200,80,40.0,60,0
SIM-00607,2025-05-15,2025-12-20,12.16,5,13.69,11.06,50,40,80.0,15,0
SIM-00607,2025-07-27,2025-12-20,14.7,5,16.34,13.48,100,90,90.0,30,0
SIM-00607,2025-10-08,2025-12-20,14.71,5,17.45,12.39,150,125,83.33,45,0
SIM-00607,2025-12-10,2025-12-20,15.02,5,17.21,12.13,200,175,87.5,60,0
SIM-00608,2025-05-15,2025-12-20,10.95,5,14.06,8.06,50,50,100.0,15,1
SIM-00608,2025-07-27,2025-12-20,11.55,5,15.23,8.77,100,95,95.0,30,1
SIM-00608,2025-10-08,2025-12-20,11.45,5,17.13,8.91,150,140,93.33,45,1
SIM-00608,2025-12-10,2025-12-20,11.71,5,19.14,6.42,200,185,92.5,60,1
SIM-00609,2025-05-15,2025-12-20,12.18,5,14.47,9.81,50,45,90.0,15,1
SIM-00609,2025-07-27,2025-12-20,12.23,5,14.26,9.16,100,95,95.0,30,1
SIM-00609,2025-10-08,2025-12-20,13.6,5,16.19,10.78,150,150,100.0,45,1
SIM-00609,2025-12-10,2025-12-20,13.82,5,17.06,9.14,200,195,97.5,60,1
SIM-00610,2025-05-15,2025-12-20,10.86,5,13.77,9.73,50,35,70.0,15,1
SIM-00610,2025-07-27,2025-12-20,11.07,5,16.33,8.1,100,80,80.0,30,1
SIM-00610,2025-10-08,2025-12-20,11.22,5,14.12,7.71,150,120,80.0,45,1
SIM-00610,2025-12-10,2025-12-20,10.8,5,15.96,4.95,200,150,75.0,60,1
SIM-00611,2025-05-15,2025-12-20,12.48,5,15.19,10.5,50,35,70.0,15,0
SIM-00611,2025-07-27,2025-12-20,13.94,5,16.11,11.16,100,70,70.0,30,0
SIM-00611,2025-10-08,2025-12-20,15.41,5,17.57,12.88,150,100,66.67,45,0
SIM-00611,2025-12-10,2025-12-20,16.82,5,20.0,13.05,200,145,72.5,60,0
SIM-00612,2025-05-15,2025-12-20,10.06,5,12.39,5.79,50,30,60.0,15,1
SIM-00612,2025-07-27,2025-12-20,11.04,5,13.48,9.08,100,55,55.0,30,1
SIM-00612,2025-10-08,2025-12-20,11.58,5,15.24,8.26,150,90,60.0,45,1
SIM-00612,2025-12-10,2025-12-20,12.31,5,17.77,9.43,200,120,60.0,60,1
SIM-00613,2025-05-15,2025-12-20,10.81,5,13.68,8.36,50,35,70.0,15,1
SIM-00613,2025-07-27,2025-12-20,12.75,5,14.08,9.22,100,65,65.0,30,1
SIM-00613,2025-10-08,2025-12-20,13.53,5,19.14,10.37,150,105,70.0,45,1
SIM-00613,2025-12-10,2025-12-20,13.85,5,19.64,9.59,200,140,70.0,60,1
SIM-00614,2025-05-15,2025-12-20,11.22,5,14.37,9.23,50,30,60.0,15,1
SIM-00614,2025-07-27,2025-12-20,11.87,5,12.91,10.75,100,60,60.0,30,1
SIM-00614,2025-10-08,2025-12-20,10.05,5,15.24,3.97,150,85,56.67,45,1
SIM-00614,2025-12-10,2025-12-20,12.19,5,16.02,8.0,200,115,57.5,60,1
SIM-00615,2025-05-15,2025-12-20,11.66,5,13.29,9.67,50,35,70.0,15,1
SIM-00615,2025-07-27,2025-12-20,11.6,5,14.96,10.01,100,70,70.0,30,1
SIM-00615,2025-10-08,2025-12-20,11.46,5,14.32,7.07,150,110,73.33,45,1
SIM-00615,2025-12-10,2025-12-20,11.56,5,15.56,8.85,200,140,70.0,60,1
SIM-00616,2025-05-15,2025-12-20,10.52,5,12.26,7.94,50,40,80.0,15,1
SIM-00616,2025-07-27,2025-12-20,11.86,5,15.42,9.71,100,85,85.0,30,1
SIM-00616,2025-10-08,2025-12-20,11.89,5,15.3,8.24,150,130,86.67,45,1
SIM-00616,2025-12-10,2025-12-20,9.21,5,12.79,4.55,200,160,80.0,60,1
SIM-00617,2025-05-15,2025-12-20,9.82,5,12.53,7.11,50,45,90.0,15,1
SIM-00617,2025-07-27,2025-12-20,9.97,5,12.54,7.75,100,85,85.0,30,1
SIM-00617,2025-10-08,2025-12-20,7.97,5,11.64,4.15,150,130,86.67,45,1
SIM-00617,2025-12-10,2025-12-20,8.06,5,13.41,2.98,200,170,85.0,60,1
SIM-00618,2025-05-15,2025-12-20,10.79,5,12.93,8.34,50,45,90.0,15,1
SIM-00618,2025-07-27,2025-12-20,10.52,5,13.02,8.15,100,90,90.0,30,1
SIM-00618,2025-10-08,2025-12-20,9.65,5,12.89,4.15,150,135,90.0,45,1
SIM-00618,2025-12-10,2025-12-20,11.03,5,15.78,3.91,200,185,92.5,60,1
SIM-00619,2025-05-15,2025-12-20,13.35,5,15.7,12.01,50,45,90.0,15,0
SIM-00619,2025-07-27,2025-12-20,13.01,5,14.92,10.03,100,85,85.0,30,0
SIM-00619,2025-10-08,2025-12-20,14.27,5,18.34,11.06,150,125,83.33,45,0
SIM-00619,2025-12-10,2025-12-20,16.27,5,18.99,13.68,200,170,85.0,60,0
SIM-00620,2025-05-15,2025-12-20,13.09,5,15.2,11.17,50,40,80.0,15,1
SIM-00620,2025-07-27,2025-12-20,13.86,5,15.09,11.55,100,80,80.0,30,1
SIM-00620,2025-10-08,2025-12-20,13.96,5,17.06,9.64,150,115,76.67,45,1
SIM-00620,2025-12-10,2025-12-20,13.17,5,15.36,11.74,200,170,85.0,60,1
SIM-00621,2025-05-15,2025-12-20,12.58,5,15.76,8.18,50,25,50.0,15,0
SIM-00621,2025-07-27,2025-12-20,12.79,5,17.9,9.93,100,50,50.0,30,0
SIM-00621,2025-10-08,2025-12-20,14.9,5,17.63,9.58,150,65,43.33,45,0
SIM-00621,2025-12-10,2025-12-20,15.77,5,19.11,12.25,200,80,40.0,60,0
SIM-00622,2025-05-15,2025-12-20,11.42,5,14.83,8.92,50,40,80.0,15,0
SIM-00622,2025-07-27,2025-12-20,13.05,5,15.88,9.39,100,85,85.0,30,0
SIM-00622,2025-10-08,2025-12-20,15.85,5,19.78,11.88,150,130,86.67,45,0
SIM-00622,2025-12-10,2025-12-20,16.8,5,20.0,14.99,200,165,82.5,60,0
SIM-00623,2025-05-15,2025-12-20,10.86,5,12.2,9.81,50,45,90.0,15,1
SIM-00623,2025-07-27,2025-12-20,9.65,5,12.14,3.57,100,85,85.0,30,1
SIM-00623,2025-10-08,2025-12-20,8.88,5,12.36,7.06,150,135,90.0,45,1
SIM-00623,2025-12-10,2025-12-20,8.56,5,12.52,6.8,200,175,87.5,60,1
SIM-00624,2025-05-15,2025-12-20,12.01,5,14.35,10.49,50,40,80.0,15,1
SIM-00624,2025-07-27,2025-12-20,10.81,5,12.74,8.28,100,85,85.0,30,1
SIM-00624,2025-10-08,2025-12-20,13.61,5,15.42,11.22,150,135,90.0,45,1
SIM-00624,2025-12-10,2025-12-20,12.56,5,14.23,10.2,200,180,90.0,60,1
SIM-00625,2025-05-15,2025-12-20,10.77,5,14.1,6.87,50,45,90.0,15,1
SIM-00625,2025-07-27,2025-12-20,11.76,5,12.23,11.08,100,85,85.0,30,1
SIM-00625,2025-10-08,2025-12-20,11.28,5,12.32,10.63,150,130,86.67,45,1
SIM-00625,2025-12-10,2025-12-20,11.27,5,14.77,8.72,200,170,85.0,60,1
SIM-00626,2025-05-15,2025-12-20,14.53,5,17.42,13.32,50,40,80.0,15,0
SIM-00626,2025-07-27,2025-12-20,13.89,5,15.4,10.9,100,85,85.0,30,0
SIM-00626,2025-10-08,2025-12-20,14.98,5,16.41,11.31,150,130,86.67,45,0
SIM-00626,2025-12-10,2025-12-20,17.48,5,20.0,14.23,200,170,85.0,60,0
SIM-00627,2025-05-15,2025-12-20,10.71,5,12.69,7.14,50,40,80.0,15,1
SIM-00627,2025-07-27,2025-12-20,10.82,5,12.52,7.53,100,85,85.0,30,1
SIM-00627,2025-10-08,2025-12-20,12.59,5,18.24,7.94,150,120,80.0,45,1
SIM-00627,2025-12-10,2025-12-20,10.86,5,18.6,6.23,200,160,80.0,60,1
SIM-00628,2025-05-15,2025-12-20,11.97,5,13.36,9.86,50,45,90.0,15,1
SIM-00628,2025-07-27,2025-12-20,9.69,5,10.86,8.2,100,85,85.0,30,1
SIM-00628,2025-10-08,2025-12-20,10.07,5,14.32,7.8,150,145,96.67,45,1
SIM-00628,2025-12-10,2025-12-20,9.64,5,10.73,6.31,200,185,92.5,60,1
SIM-00629,2025-05-15,2025-12-20,11.42,5,12.48,10.01,50,35,70.0,15,0
SIM-00629,2025-07-27,2025-12-20,10.6,5,10.85,10.23,100,75,75.0,30,0
SIM-00629,2025-10-08,2025-12-20,11.17,5,13.53,9.63,150,105,70.0,45,0
SIM-00629,2025-12-10,2025-12-20,12.81,5,14.7,10.81,200,150,75.0,60,0
SIM-00630,2025-05-15,2025-12-20,12.8,5,15.67,10.54,50,45,90.0,15,0
SIM-00630,2025-07-27,2025-12-20,14.18,5,16.95,12.34,100,85,85.0,30,0
SIM-00630,2025-10-08,2025-12-20,14.28,5,19.93,11.62,150,140,93.33,45,0
SIM-00630,2025-12-10,2025-12-20,15.01,5,16.72,13.88,200,195,97.5,60,0
SIM-00631,2025-05-15,2025-12-20,11.53,5,13.09,10.06,50,45,90.0,15,0
SIM-00631,2025-07-27,2025-12-20,14.33,5,16.99,11.71,100,85,85.0,30,0
SIM-00631,2025-10-08,2025-12-20,14.49,5,20.0,8.97,150,130,86.67,45,0
SIM-00631,2025-12-10,2025-12-20,14.98,5,20.0,10.5,200,185,92.5,60,0
SIM-00632,2025-05-15,2025-12-20,12.53,5,14.32,9.19,50,40,80.0,15,1
SIM-00632,2025-07-27,2025-12-20,13.66,5,15.06,12.36,100,70,70.0,30,1
SIM-00632,2025-10-08,2025-12-20,14.81,5,17.28,10.82,150,115,76.67,45,1
SIM-00632,2025-12-10,2025-12-20,16.32,5,20.0,9.56,200,150,75.0,60,1
SIM-00633,2025-05-15,2025-12-20,11.99,5,13.61,9.55,50,45,90.0,15,0
SIM-00633,2025-07-27,2025-12-20,12.18,5,16.46,9.37,100,90,90.0,30,0
SIM-00633,2025-10-08,2025-12-20,13.6,5,17.56,11.9,150,130,86.67,45,0
SIM-00633,2025-12-10,2025-12-20,14.66,5,19.91,10.99,200,170,85.0,60,0
SIM-00634,2025-05-15,2025-12-20,12.16,5,13.0,11.33,50,40,80.0,15,1
SIM-00634,2025-07-27,2025-12-20,12.09,5,15.16,9.58,100,80,80.0,30,1
SIM-00634,2025-10-08,2025-12-20,12.92,5,17.77,9.12,150,125,83.33,45,1
SIM-00634,2025-12-10,2025-12-20,13.85,5,18.92,10.43,200,165,82.5,60,1
SIM-00635,2025-05-15,2025-12-20,10.6,5,12.51,8.85,50,35,70.0,15,1
SIM-00635,2025-07-27,2025-12-20,10.54,5,12.43,7.42,100,75,75.0,30,1
SIM-00635,2025-10-08,2025-12-20,8.12,5,13.05,4.42,150,100,66.67,45,1
SIM-00635,2025-12-10,2025-12-20,8.62,5,10.95,5.03,200,140,70.0,60,1
SIM-00636,2025-05-15,2025-12-20,9.6,5,11.73,6.1,50,40,80.0,15,1
SIM-00636,2025-07-27,2025-12-20,9.55,5,12.16,6.98,100,95,95.0,30,1
SIM-00636,2025-10-08,2025-12-20,12.4,5,14.68,10.27,150,135,90.0,45,1
SIM-00636,2025-12-10,2025-12-20,9.78,5,14.02,7.07,200,185,92.5,60,1
SIM-00637,2025-05-15,2025-12-20,12.86,5,15.95,10.79,50,40,80.0,15,1
SIM-00637,2025-07-27,2025-12-20,12.16,5,14.46,7.45,100,85,85.0,30,1
SIM-00637,2025-10-08,2025-12-20,13.13,5,15.55,11.34,150,130,86.67,45,1
SIM-00637,2025-12-10,2025-12-20,14.85,5,16.84,12.47,200,175,87.5,60,1
SIM-00638,2025-05-15,2025-12-20,10.08,5,13.28,8.76,50,40,80.0,15,0
SIM-00638,2025-07-27,2025-12-20,11.33,5,11.98,10.69,100,80,80.0,30,0
SIM-00638,2025-10-08,2025-12-20,12.9,5,14.52,10.36,150,125,83.33,45,0
SIM-00638,2025-12-10,2025-12-20,13.08,5,16.17,10.24,200,160,80.0,60,0
SIM-00639,2025-05-15,2025-12-20,10.93,5,12.89,9.75,50,30,60.0,15,0
SIM-00639,2025-07-27,2025-12-20,12.28,5,13.48,9.23,100,70,70.0,30,0
SIM-00639,2025-10-08,2025-12-20,12.98,5,16.63,10.24,150,100,66.67,45,0
SIM-00639,2025-12-10,2025-12-20,12.9,5,14.44,9.72,200,135,67.5,60,0
SIM-00640,2025-05-15,2025-12-20,9.16,5,10.77,6.79,50,25,50.0,15,1
SIM-00640,2025-07-27,2025-12-20,8.84,5,10.75,7.33,100,55,55.0,30,1
SIM-00640,2025-10-08,2025-12-20,9.03,5,13.31,4.25,150,75,50.0,45,1
SIM-00640,2025-12-10,2025-12-20,7.8,5,12.98,2.95,200,95,47.5,60,1
SIM-00641,2025-05-15,2025-12-20,12.94,5,15.41,11.26,50,45,90.0,15,0
SIM-00641,2025-07-27,2025-12-20,13.71,5,15.08,12.43,100,85,85.0,30,0
SIM-00641,2025-10-08,2025-12-20,14.71,5,18.15,12.28,150,135,90.0,45,0
SIM-00641,2025-12-10,2025-12-20,17.11,5,20.0,12.65,200,170,85.0,60,0
SIM-00642,2025-05-15,2025-12-20,9.75,5,12.01,7.79,50,40,80.0,15,1
SIM-00642,2025-07-27,2025-12-20,11.47,5,15.53,8.43,100,80,80.0,30,1
SIM-00642,2025-10-08,2025-12-20,10.94,5,14.36,7.83,150,130,86.67,45,1
SIM-00642,2025-12-10,2025-12-20,10.43,5,14.98,4.98,200,160,80.0,60,1
SIM-00643,2025-05-15,2025-12-20,11.61,5,14.38,9.91,50,50,100.0,15,1
SIM-00643,2025-07-27,2025-12-20,11.73,5,16.08,7.11,100,95,95.0,30,1
SIM-00643,2025-10-08,2025-12-20,10.93,5,13.73,5.73,150,145,96.67,45,1
SIM-00643,2025-12-10,2025-12-20,12.6,5,17.64,6.61,200,200,100.0,60,1
SIM-00644,2025-05-15,2025-12-20,11.39,5,13.17,10.04,50,25,50.0,15,1
SIM-00644,2025-07-27,2025-12-20,11.4,5,12.72,9.96,100,50,50.0,30,1
SIM-00644,2025-10-08,2025-12-20,11.07,5,14.09,8.28,150,75,50.0,45,1
SIM-00644,2025-12-10,2025-12-20,10.57,5,12.25,7.44,200,105,52.5,60,1
SIM-00645,2025-05-15,2025-12-20,11.48,5,13.77,9.82,50,40,80.0,15,1
SIM-00645,2025-07-27,2025-12-20,12.09,5,14.76,9.12,100,75,75.0,30,1
SIM-00645,2025-10-08,2025-12-20,11.9,5,14.8,7.84,150,120,80.0,45,1
SIM-00645,2025-12-10,2025-12-20,12.96,5,16.74,8.49,200,160,80.0,60,1
SIM-00646,2025-05-15,2025-12-20,12.19,5,13.66,11.31,50,40,80.0,15,0
SIM-00646,2025-07-27,2025-12-20,13.89,5,16.73,9.49,100,85,85.0,30,0
SIM-00646,2025-10-08,2025-12-20,16.06,5,18.39,13.9,150,130,86.67,45,0
SIM-00646,2025-12-10,2025-12-20,17.03,5,20.0,14.89,200,175,87.5,60,0
SIM-00647,2025-05-15,2025-12-20,14.01,5,15.37,12.84,50,40,80.0,15,0
SIM-00647,2025-07-27,2025-12-20,13.65,5,15.79,12.14,100,85,85.0,30,0
SIM-00647,2025-10-08,2025-12-20,16.09,5,16.56,15.09,150,125,83.33,45,0
SIM-00647,2025-12-10,2025-12-20,18.62,5,20.0,13.08,200,165,82.5,60,0
SIM-00648,2025-05-15,2025-12-20,11.31,5,13.35,10.17,50,45,90.0,15,1
SIM-00648,2025-07-27,2025-12-20,9.42,5,11.71,7.02,100,100,100.0,30,1
SIM-00648,2025-10-08,2025-12-20,11.04,5,16.29,6.75,150,145,96.67,45,1
SIM-00648,2025-12-10,2025-12-20,9.33,5,14.64,5.69,200,190,95.0,60,1
SIM-00649,2025-05-15,2025-12-20,12.34,5,17.8,8.78,50,45,90.0,15,1
SIM-00649,2025-07-27,2025-12-20,13.08,5,14.85,9.61,100,85,85.0,30,1
SIM-00649,2025-10-08,2025-12-20,14.31,5,16.73,11.83,150,130,86.67,45,1
SIM-00649,2025-12-10,2025-12-20,16.01,5,20.0,13.45,200,185,92.5,60,1
SIM-00650,2025-05-15,2025-12-20,12.42,5,13.24,10.44,50,45,90.0,15,1
SIM-00650,2025-07-27,2025-12-20,11.76,5,13.62,10.46,100,100,100.0,30,1
SIM-00650,2025-10-08,2025-12-20,13.22,5,15.41,10.88,150,140,93.33,45,1
SIM-00650,2025-12-10,2025-12-20,12.81,5,16.43,9.36,200,195,97.5,60,1
SIM-00651,2025-05-15,2025-12-20,10.27,5,13.6,8.81,50,45,90.0,15,1
SIM-00651,2025-07-27,2025-12-20,8.31,5,12.47,4.03,100,85,85.0,30,1
SIM-00651,2025-10-08,2025-12-20,8.2,5,11.76,6.56,150,130,86.67,45,1
SIM-00651,2025-12-10,2025-12-20,7.88,5,10.43,5.96,200,170,85.0,60,1
SIM-00652,2025-05-15,2025-12-20,10.9,5,12.86,9.23,50,45,90.0,15,0
SIM-00652,2025-07-27,2025-12-20,11.33,5,12.99,9.28,100,95,95.0,30,0
SIM-00652,2025-10-08,2025-12-20,12.88,5,14.78,10.46,150,145,96.67,45,0
SIM-00652,2025-12-10,2025-12-20,12.76,5,16.76,9.91,200,180,90.0,60,0
SIM-00653,2025-05-15,2025-12-20,11.41,5,12.79,9.58,50,40,80.0,15,1
SIM-00653,2025-07-27,2025-12-20,10.61,5,13.76,7.37,100,85,85.0,30,1
SIM-00653,2025-10-08,2025-12-20,13.22,5,15.69,11.07,150,125,83.33,45,1
SIM-00653,2025-12-10,2025-12-20,13.14,5,17.07,9.68,200,160,80.0,60,1
SIM-00654,2025-05-15,2025-12-20,10.28,5,12.68,8.15,50,45,90.0,15,1
SIM-00654,2025-07-27,2025-12-20,9.17,5,12.78,7.52,100,90,90.0,30,1
SIM-00654,2025-10-08,2025-12-20,7.86,5,10.55,4.18,150,120,80.0,45,1
SIM-00654,2025-12-10,2025-12-20,8.32,5,12.28,6.22,200,170,85.0,60,1
SIM-00655,2025-05-15,2025-12-20,10.07,5,13.3,7.83,50,35,70.0,15,1
SIM-00655,2025-07-27,2025-12-20,11.18,5,14.51,9.5,100,70,70.0,30,1
SIM-00655,2025-10-08,2025-12-20,10.56,5,12.91,8.02,150,105,70.0,45,1
SIM-00655,2025-12-10,2025-12-20,12.99,5,15.81,9.71,200,135,67.5,60,1
SIM-00656,2025-05-15,2025-12-20,10.14,5,12.16,7.17,50,35,70.0,15,1
SIM-00656,2025-07-27,2025-12-20,11.0,5,12.28,9.08,100,65,65.0,30,1
SIM-00656,2025-10-08,2025-12-20,10.87,5,14.09,7.24,150,105,70.0,45,1
SIM-00656,2025-12-10,2025-12-20,10.25,5,11.18,9.76,200,135,67.5,60,1
SIM-00657,2025-05-15,2025-12-20,10.93,5,13.6,8.39,50,40,80.0,15,1
SIM-00657,2025-07-27,2025-12-20,14.81,5,17.55,9.03,100,75,75.0,30,1
SIM-00657,2025-10-08,2025-12-20,15.49,5,17.76,10.0,150,105,70.0,45,1
SIM-00657,2025-12-10,2025-12-20,15.44,5,18.73,9.93,200,155,77.5,60,1
SIM-00658,2025-05-15,2025-12-20,12.44,5,15.67,9.42,50,35,70.0,15,0
SIM-00658,2025-07-27,2025-12-20,13.03,5,14.72,11.15,100,75,75.0,30,0
SIM-00658,2025-10-08,2025-12-20,16.21,5,19.97,11.24,150,105,70.0,45,0
SIM-00658,2025-12-10,2025-12-20,15.88,5,20.0,12.31,200,145,72.5,60,0
SIM-00659,2025-05-15,2025-12-20,11.17,5,13.31,9.86,50,45,90.0,15,1
SIM-00659,2025-07-27,2025-12-20,11.52,5,12.69,9.81,100,85,85.0,30,1
SIM-00659,2025-10-08,2025-12-20,10.9,5,14.54,8.11,150,125,83.33,45,1
SIM-00659,2025-12-10,2025-12-20,10.73,5,17.88,4.86,200,155,77.5,60,1
SIM-00660,2025-05-15,2025-12-20,12.75,5,13.88,11.58,50,35,70.0,15,1
SIM-00660,2025-07-27,2025-12-20,10.74,5,11.82,9.79,100,70,70.0,30,1
SIM-00660,2025-10-08,2025-12-20,10.91,5,11.95,8.95,150,110,73.33,45,1
SIM-00660,2025-12-10,2025-12-20,12.32,5,14.22,11.15,200,150,75.0,60,1
SIM-00661,2025-05-15,2025-12-20,11.7,5,14.08,9.17,50,45,90.0,15,0
SIM-00661,2025-07-27,2025-12-20,12.09,5,15.01,9.83,100,90,90.0,30,0
SIM-00661,2025-10-08,2025-12-20,13.57,5,18.32,8.95,150,120,80.0,45,0
SIM-00661,2025-12-10,2025-12-20,14.14,5,15.87,11.74,200,175,87.5,60,0
SIM-00662,2025-05-15,2025-12-20,10.31,5,11.65,8.69,50,25,50.0,15,1
SIM-00662,2025-07-27,2025-12-20,10.8,5,13.8,7.4,100,55,55.0,30,1
SIM-00662,2025-10-08,2025-12-20,10.96,5,13.15,7.91,150,80,53.33,45,1
SIM-00662,2025-12-10,2025-12-20,12.4,5,14.67,9.67,200,90,45.0,60,1
SIM-00663,2025-05-15,2025-12-20,12.33,5,14.16,10.28,50,30,60.0,15,0
SIM-00663,2025-07-27,2025-12-20,14.8,5,17.06,11.88,100,60,60.0,30,0
SIM-00663,2025-10-08,2025-12-20,14.65,5,18.84,7.9,150,80,53.33,45,0
SIM-00663,2025-12-10,2025-12-20,16.78,5,19.69,13.05,200,115,57.5,60,0
SIM-00664,2025-05-15,2025-12-20,12.58,5,14.24,11.27,50,40,80.0,15,0
SIM-00664,2025-07-27,2025-12-20,14.63,5,18.55,9.73,100,90,90.0,30,0
SIM-00664,2025-10-08,2025-12-20,15.82,5,18.47,13.3,150,135,90.0,45,0
SIM-00664,2025-12-10,2025-12-20,18.28,5,19.05,15.98,200,180,90.0,60,0
SIM-00665,2025-05-15,2025-12-20,10.5,5,13.5,6.43,50,45,90.0,15,1
SIM-00665,2025-07-27,2025-12-20,10.81,5,14.27,7.57,100,95,95.0,30,1
SIM-00665,2025-10-08,2025-12-20,10.14,5,12.62,6.4,150,140,93.33,45,1
SIM-00665,2025-12-10,2025-12-20,10.86,5,15.63,5.96,200,185,92.5,60,1
SIM-00666,2025-05-15,2025-12-20,11.74,5,12.98,10.55,50,35,70.0,15,1
SIM-00666,2025-07-27,2025-12-20,13.3,5,15.39,11.13,100,60,60.0,30,1
SIM-00666,2025-10-08,2025-12-20,13.79,5,19.06,8.34,150,85,56.67,45,1
SIM-00666,2025-12-10,2025-12-20,13.19,5,18.86,7.16,200,125,62.5,60,1
SIM-00667,2025-05-15,2025-12-20,10.45,5,12.09,9.05,50,45,90.0,15,1
SIM-00667,2025-07-27,2025-12-20,11.64,5,14.53,7.85,100,95,95.0,30,1
SIM-00667,2025-10-08,2025-12-20,10.65,5,14.93,7.3,150,140,93.33,45,1
SIM-00667,2025-12-10,2025-12-20,12.31,5,15.01,10.01,200,195,97.5,60,1
SIM-00668,2025-05-15,2025-12-20,11.37,5,12.96,7.92,50,30,60.0,15,1
SIM-00668,2025-07-27,2025-12-20,10.67,5,14.15,8.68,100,65,65.0,30,1
SIM-00668,2025-10-08,2025-12-20,11.49,5,13.29,7.79,150,95,63.33,45,1
SIM-00668,2025-12-10,2025-12-20,11.25,5,13.46,9.55,200,135,67.5,60,1
SIM-00669,2025-05-15,2025-12-20,12.57,5,13.4,11.49,50,40,80.0,15,0
SIM-00669,2025-07-27,2025-12-20,14.49,5,16.7,12.14,100,75,75.0,30,0
SIM-00669,2025-10-08,2025-12-20,15.17,5,15.96,14.74,150,125,83.33,45,0
SIM-00669,2025-12-10,2025-12-20,17.67,5,19.94,14.37,200,160,80.0,60,0
SIM-00670,2025-05-15,2025-12-20,10.58,5,14.48,8.3,50,45,90.0,15,1
SIM-00670,2025-07-27,2025-12-20,11.25,5,14.32,9.66,100,95,95.0,30,1
SIM-00670,2025-10-08,2025-12-20,11.99,5,16.7,6.19,150,135,90.0,45,1
SIM-00670,2025-12-10,2025-12-20,11.87,5,15.32,9.41,200,170,85.0,60,1
SIM-00671,2025-05-15,2025-12-20,12.47,5,14.57,10.59,50,30,60.0,15,0
SIM-00671,2025-07-27,2025-12-20,13.66,5,18.64,8.56,100,65,65.0,30,0
SIM-00671,2025-10-08,2025-12-20,14.4,5,17.65,9.22,150,85,56.67,45,0
SIM-00671,2025-12-10,2025-12-20,15.69,5,17.87,10.9,200,130,65.0,60,0
SIM-00672,2025-05-15,2025-12-20,11.49,5,16.34,7.64,50,45,90.0,15,1
SIM-00672,2025-07-27,2025-12-20,11.81,5,13.67,9.78,100,90,90.0,30,1
SIM-00672,2025-10-08,2025-12-20,11.09,5,13.06,5.95,150,140,93.33,45,1
SIM-00672,2025-12-10,2025-12-20,10.91,5,15.12,6.63,200,185,92.5,60,1
SIM-00673,2025-05-15,2025-12-20,11.89,5,13.32,10.8,50,45,90.0,15,1
SIM-00673,2025-07-27,2025-12-20,12.03,5,14.03,10.23,100,90,90.0,30,1
SIM-00673,2025-10-08,2025-12-20,11.6,5,14.08,9.25,150,135,90.0,45,1
SIM-00673,2025-12-10,2025-12-20,11.22,5,13.38,7.09,200,180,90.0,60,1
SIM-00674,2025-05-15,2025-12-20,12.47,5,15.33,9.82,50,50,100.0,15,0
SIM-00674,2025-07-27,2025-12-20,12.28,5,13.37,11.38,100,95,95.0,30,0
SIM-00674,2025-10-08,2025-12-20,13.71,5,16.94,10.45,150,145,96.67,45,0
SIM-00674,2025-12-10,2025-12-20,14.24,5,16.96,10.58,200,185,92.5,60,0
SIM-00675,2025-05-15,2025-12-20,10.92,5,14.61,8.11,50,20,40.0,15,1
SIM-00675,2025-07-27,2025-12-20,12.51,5,14.31,9.67,100,45,45.0,30,1
SIM-00675,2025-10-08,2025-12-20,13.9,5,17.51,10.55,150,70,46.67,45,1
SIM-00675,2025-12-10,2025-12-20,12.29,5,14.29,9.77,200,85,42.5,60,1
SIM-00676,2025-05-15,2025-12-20,11.75,5,13.22,9.95,50,35,70.0,15,1
SIM-00676,2025-07-27,2025-12-20,10.96,5,12.17,9.64,100,65,65.0,30,1
SIM-00676,2025-10-08,2025-12-20,13.31,5,16.68,10.64,150,100,66.67,45,1
SIM-00676,2025-12-10,2025-12-20,13.72,5,18.31,9.62,200,140,70.0,60,1
SIM-00677,2025-05-15,2025-12-20,11.81,5,14.94,9.62,50,45,90.0,15,0
SIM-00677,2025-07-27,2025-12-20,13.12,5,14.6,11.0,100,90,90.0,30,0
SIM-00677,2025-10-08,2025-12-20,15.3,5,17.34,13.05,150,130,86.67,45,0
SIM-00677,2025-12-10,2025-12-20,15.66,5,17.55,12.97,200,185,92.5,60,0
SIM-00678,2025-05-15,2025-12-20,10.85,5,12.63,7.77,50,40,80.0,15,1
SIM-00678,2025-07-27,2025-12-20,10.31,5,11.16,9.13,100,80,80.0,30,1
SIM-00678,2025-10-08,2025-12-20,11.47,5,13.96,8.64,150,125,83.33,45,1
SIM-00678,2025-12-10,2025-12-20,12.82,5,17.02,8.02,200,155,77.5,60,1
SIM-00679,2025-05-15,2025-12-20,12.09,5,12.94,11.24,50,30,60.0,15,1
SIM-00679,2025-07-27,2025-12-20,12.24,5,14.37,9.03,100,70,70.0,30,1
SIM-00679,2025-10-08,2025-12-20,13.36,5,15.76,6.36,150,95,63.33,45,1
SIM-00679,2025-12-10,2025-12-20,15.99,5,20.0,7.76,200,125,62.5,60,1
SIM-00680,2025-05-15,2025-12-20,11.71,5,14.47,8.62,50,40,80.0,15,0
SIM-00680,2025-07-27,2025-12-20,12.73,5,15.0,9.41,100,80,80.0,30,0
SIM-00680,2025-10-08,2025-12-20,12.33,5,15.7,10.44,150,120,80.0,45,0
SIM-00680,2025-12-10,2025-12-20,13.44,5,15.22,9.29,200,170,85.0,60,0
SIM-00681,2025-05-15,2025-12-20,10.54,5,13.46,7.12,50,40,80.0,15,1
SIM-00681,2025-07-27,2025-12-20,12.25,5,15.77,7.99,100,70,70.0,30,1
SIM-00681,2025-10-08,2025-12-20,12.77,5,16.48,9.84,150,115,76.67,45,1
SIM-00681,2025-12-10,2025-12-20,13.96,5,15.77,12.94,200,145,72.5,60,1
SIM-00682,2025-05-15,2025-12-20,11.54,5,16.27,8.79,50,40,80.0,15,0
SIM-00682,2025-07-27,2025-12-20,12.49,5,14.04,11.46,100,80,80.0,30,0
SIM-00682,2025-10-08,2025-12-20,14.14,5,15.07,13.31,150,125,83.33,45,0
SIM-00682,2025-12-10,2025-12-20,13.79,5,16.53,11.43,200,165,82.5,60,0
SIM-00683,2025-05-15,2025-12-20,10.52,5,12.17,9.42,50,45,90.0,15,1
SIM-00683,2025-07-27,2025-12-20,11.15,5,14.05,7.14,100,90,90.0,30,1
SIM-00683,2025-10-08,2025-12-20,8.67,5,10.63,6.31,150,130,86.67,45,1
SIM-00683,2025-12-10,2025-12-20,11.16,5,12.83,8.9,200,175,87.5,60,1
SIM-00684,2025-05-15,2025-12-20,11.47,5,12.89,9.14,50,35,70.0,15,0
SIM-00684,2025-07-27,2025-12-20,12.4,5,15.02,7.98,100,70,70.0,30,0
SIM-00684,2025-10-08,2025-12-20,11.65,5,15.19,9.14,150,115,76.67,45,0
SIM-00684,2025-12-10,2025-12-20,12.6,5,15.0,10.08,200,155,77.5,60,0
SIM-00685,2025-05-15,2025-12-20,11.02,5,12.67,8.86,50,50,100.0,15,1
SIM-00685,2025-07-27,2025-12-20,9.72,5,11.14,7.1,100,90,90.0,30,1
SIM-00685,2025-10-08,2025-12-20,10.85,5,12.74,8.63,150,135,90.0,45,1
SIM-00685,2025-12-10,2025-12-20,8.72,5,9.88,6.94,200,180,90.0,60,1
SIM-00686,2025-05-15,2025-12-20,11.89,5,14.58,8.73,50,35,70.0,15,0
SIM-00686,2025-07-27,2025-12-20,12.99,5,17.04,11.18,100,70,70.0,30,0
SIM-00686,2025-10-08,2025-12-20,11.88,5,13.51,9.68,150,115,76.67,45,0
SIM-00686,2025-12-10,2025-12-20,15.35,5,19.75,12.25,200,135,67.5,60,0
SIM-00687,2025-05-15,2025-12-20,13.15,5,15.27,10.91,50,40,80.0,15,0
SIM-00687,2025-07-27,2025-12-20,13.15,5,14.29,11.31,100,85,85.0,30,0
SIM-00687,2025-10-08,2025-12-20,14.97,5,17.61,12.63,150,110,73.33,45,0
SIM-00687,2025-12-10,2025-12-20,17.41,5,20.0,14.12,200,145,72.5,60,0
SIM-00688,2025-05-15,2025-12-20,8.97,5,11.15,7.4,50,40,80.0,15,1
SIM-00688,2025-07-27,2025-12-20,12.3,5,15.53,9.44,100,70,70.0,30,1
SIM-00688,2025-10-08,2025-12-20,12.03,5,16.89,7.94,150,120,80.0,45,1
SIM-00688,2025-12-10,2025-12-20,12.37,5,17.72,6.37,200,160,80.0,60,1
SIM-00689,2025-05-15,2025-12-20,9.84,5,11.04,8.58,50,35,70.0,15,1
SIM-00689,2025-07-27,2025-12-20,12.3,5,16.0,9.64,100,70,70.0,30,1
SIM-00689,2025-10-08,2025-12-20,11.91,5,15.02,9.68,150,115,76.67,45,1
SIM-00689,2025-12-10,2025-12-20,11.91,5,14.93,9.18,200,140,70.0,60,1
SIM-00690,2025-05-15,2025-12-20,12.88,5,15.67,11.1,50,45,90.0,15,0
SIM-00690,2025-07-27,2025-12-20,13.13,5,15.44,10.99,100,80,80.0,30,0
SIM-00690,2025-10-08,2025-12-20,17.2,5,20.0,15.19,150,115,76.67,45,0
SIM-00690,2025-12-10,2025-12-20,16.19,5,18.68,13.17,200,160,80.0,60,0
SIM-00691,2025-05-15,2025-12-20,11.75,5,13.82,8.06,50,40,80.0,15,1
SIM-00691,2025-07-27,2025-12-20,10.45,5,14.85,8.18,100,85,85.0,30,1
SIM-00691,2025-10-08,2025-12-20,10.56,5,14.62,8.98,150,115,76.67,45,1
SIM-00691,2025-12-10,2025-12-20,12.19,5,14.84,8.98,200,165,82.5,60,1
SIM-00692,2025-05-15,2025-12-20,10.72,5,12.76,8.45,50,35,70.0,15,1
SIM-00692,2025-07-27,2025-12-20,12.17,5,14.52,9.87,100,65,65.0,30,1
SIM-00692,2025-10-08,2025-12-20,11.25,5,15.36,8.05,150,105,70.0,45,1
SIM-00692,2025-12-10,2025-12-20,11.88,5,13.87,8.75,200,135,67.5,60,1
SIM-00693,2025-05-15,2025-12-20,12.54,5,15.67,9.44,50,30,60.0,15,0
SIM-00693,2025-07-27,2025-12-20,11.67,5,15.08,7.25,100,65,65.0,30,0
SIM-00693,2025-10-08,2025-12-20,14.3,5,16.18,11.81,150,100,66.67,45,0
SIM-00693,2025-12-10,2025-12-20,14.91,5,19.83,10.86,200,130,65.0,60,0
SIM-00694,2025-05-15,2025-12-20,11.0,5,12.89,9.69,50,50,100.0,15,1
SIM-00694,2025-07-27,2025-12-20,11.15,5,13.37,8.25,100,90,90.0,30,1
SIM-00694,2025-10-08,2025-12-20,11.84,5,15.55,4.47,150,140,93.33,45,1
SIM-00694,2025-12-10,2025-12-20,8.9,5,11.01,4.34,200,180,90.0,60,1
SIM-00695,2025-05-15,2025-12-20,11.65,5,14.24,9.84,50,45,90.0,15,0
SIM-00695,2025-07-27,2025-12-20,14.33,5,15.87,12.51,100,90,90.0,30,0
SIM-00695,2025-10-08,2025-12-20,16.4,5,18.81,11.08,150,135,90.0,45,0
SIM-00695,2025-12-10,2025-12-20,17.85,5,20.0,15.67,200,170,85.0,60,0
SIM-00696,2025-05-15,2025-12-20,11.65,5,14.34,9.09,50,40,80.0,15,0
SIM-00696,2025-07-27,2025-12-20,13.89,5,15.83,11.98,100,90,90.0,30,0
SIM-00696,2025-10-08,2025-12-20,14.13,5,16.46,11.29,150,135,90.0,45,0
SIM-00696,2025-12-10,2025-12-20,15.38,5,18.54,11.92,200,185,92.5,60,0
SIM-00697,2025-05-15,2025-12-20,10.24,5,13.02,8.79,50,40,80.0,15,1
SIM-00697,2025-07-27,2025-12-20,5.99,5,8.6,3.68,100,75,75.0,30,1
SIM-00697,2025-10-08,2025-12-20,6.33,5,8.66,2.56,150,115,76.67,45,1
SIM-00697,2025-12-10,2025-12-20,4.19,5,7.81,0.3,200,140,70.0,60,1
SIM-00698,2025-05-15,2025-12-20,11.16,5,13.58,9.53,50,30,60.0,15,0
SIM-00698,2025-07-27,2025-12-20,10.91,5,13.24,8.61,100,60,60.0,30,0
SIM-00698,2025-10-08,2025-12-20,12.13,5,13.3,10.75,150,85,56.67,45,0
SIM-00698,2025-12-10,2025-12-20,12.43,5,13.83,10.21,200,120,60.0,60,0
SIM-00699,2025-05-15,2025-12-20,12.2,5,15.22,10.33,50,45,90.0,15,0
SIM-00699,2025-07-27,2025-12-20,12.51,5,14.23,10.76,100,80,80.0,30,0
SIM-00699,2025-10-08,2025-12-20,13.97,5,16.9,10.02,150,115,76.67,45,0
SIM-00699,2025-12-10,2025-12-20,13.62,5,16.31,11.27,200,165,82.5,60,0
SIM-00700,2025-05-15,2025-12-20,12.02,5,16.34,10.16,50,45,90.0,15,0
SIM-00700,2025-07-27,2025-12-20,13.38,5,16.98,9.22,100,85,85.0,30,0
SIM-00700,2025-10-08,2025-12-20,12.98,5,16.59,9.48,150,135,90.0,45,0
SIM-00700,2025-12-10,2025-12-20,13.0,5,14.52,11.37,200,165,82.5,60,0
SIM-00701,2025-05-15,2025-12-20,11.7,5,15.63,8.01,50,45,90.0,15,1
SIM-00701,2025-07-27,2025-12-20,10.02,5,12.12,8.23,100,80,80.0,30,1
SIM-00701,2025-10-08,2025-12-20,10.19,5,12.54,8.13,150,135,90.0,45,1
SIM-00701,2025-12-10,2025-12-20,9.68,5,14.31,6.27,200,160,80.0,60,1
SIM-00702,2025-05-15,2025-12-20,11.11,5,12.21,10.32,50,35,70.0,15,1
SIM-00702,2025-07-27,2025-12-20,12.16,5,13.93,10.8,100,80,80.0,30,1
SIM-00702,2025-10-08,2025-12-20,12.65,5,15.6,10.45,150,105,70.0,45,1
SIM-00702,2025-12-10,2025-12-20,12.2,5,16.59,9.29,200,140,70.0,60,1
SIM-00703,2025-05-15,2025-12-20,13.15,5,15.3,9.58,50,35,70.0,15,0
SIM-00703,2025-07-27,2025-12-20,14.56,5,16.83,11.36,100,75,75.0,30,0
SIM-00703,2025-10-08,2025-12-20,15.17,5,19.45,12.66,150,125,83.33,45,0
SIM-00703,2025-12-10,2025-12-20,17.28,5,20.0,12.69,200,170,85.0,60,0
SIM-00704,2025-05-15,2025-12-20,12.05,5,13.21,11.28,50,30,60.0,15,0
SIM-00704,2025-07-27,2025-12-20,12.98,5,14.83,10.21,100,70,70.0,30,0
SIM-00704,2025-10-08,2025-12-20,12.51,5,13.67,10.91,150,105,70.0,45,0
SIM-00704,2025-12-10,2025-12-20,13.41,5,15.88,11.71,200,150,75.0,60,0
SIM-00705,2025-05-15,2025-12-20,11.92,5,14.74,8.47,50,40,80.0,15,0
SIM-00705,2025-07-27,2025-12-20,10.7,5,13.88,6.79,100,85,85.0,30,0
SIM-00705,2025-10-08,2025-12-20,12.62,5,14.21,10.92,150,120,80.0,45,0
SIM-00705,2025-12-10,2025-12-20,14.31,5,19.36,11.95,200,165,82.5,60,0
SIM-00706,2025-05-15,2025-12-20,13.15,5,15.26,10.16,50,45,90.0,15,0
SIM-00706,2025-07-27,2025-12-20,14.2,5,15.81,11.97,100,85,85.0,30,0
SIM-00706,2025-10-08,2025-12-20,13.95,5,18.14,8.49,150,140,93.33,45,0
SIM-00706,2025-12-10,2025-12-20,14.89,5,18.54,11.61,200,180,90.0,60,0
SIM-00707,2025-05-15,2025-12-20,11.27,5,13.45,9.06,50,40,80.0,15,1
SIM-00707,2025-07-27,2025-12-20,10.49,5,11.74,7.38,100,80,80.0,30,1
SIM-00707,2025-10-08,2025-12-20,11.72,5,14.18,6.46,150,120,80.0,45,1
SIM-00707,2025-12-10,2025-12-20,13.46,5,15.84,11.49,200,160,80.0,60,1
SIM-00708,2025-05-15,2025-12-20,11.31,5,14.24,8.87,50,40,80.0,15,1
SIM-00708,2025-07-27,2025-12-20,11.74,5,14.55,9.66,100,85,85.0,30,1
SIM-00708,2025-10-08,2025-12-20,11.4,5,12.94,8.99,150,125,83.33,45,1
SIM-00708,2025-12-10,2025-12-20,13.62,5,16.08,9.59,200,175,87.5,60,1
SIM-00709,2025-05-15,2025-12-20,12.67,5,16.61,10.23,50,40,80.0,15,1
SIM-00709,2025-07-27,2025-12-20,11.94,5,13.61,10.48,100,85,85.0,30,1
SIM-00709,2025-10-08,2025-12-20,12.33,5,14.41,10.04,150,130,86.67,45,1
SIM-00709,2025-12-10,2025-12-20,11.93,5,13.74,9.46,200,175,87.5,60,1
SIM-00710,2025-05-15,2025-12-20,9.33,5,12.04,8.28,50,25,50.0,15,1
SIM-00710,2025-07-27,2025-12-20,9.08,5,11.24,6.32,100,55,55.0,30,1
SIM-00710,2025-10-08,2025-12-20,8.83,5,13.15,3.59,150,75,50.0,45,1
SIM-00710,2025-12-10,2025-12-20,6.97,5,13.17,3.47,200,110,55.0,60,1
SIM-00711,2025-05-15,2025-12-20,11.69,5,13.32,9.7,50,40,80.0,15,0
SIM-00711,2025-07-27,2025-12-20,14.59,5,16.98,11.02,100,75,75.0,30,0
SIM-00711,2025-10-08,2025-12-20,15.61,5,19.62,11.38,150,120,80.0,45,0
SIM-00711,2025-12-10,2025-12-20,16.65,5,20.0,13.8,200,165,82.5,60,0
SIM-00712,2025-05-15,2025-12-20,12.55,5,15.51,8.15,50,30,60.0,15,1
SIM-00712,2025-07-27,2025-12-20,12.41,5,13.24,11.12,100,75,75.0,30,1
SIM-00712,2025-10-08,2025-12-20,14.49,5,16.2,11.91,150,100,66.67,45,1
SIM-00712,2025-12-10,2025-12-20,13.34,5,16.17,10.06,200,130,65.0,60,1
SIM-00713,2025-05-15,2025-12-20,12.36,5,14.53,10.37,50,50,100.0,15,1
SIM-00713,2025-07-27,2025-12-20,11.4,5,15.47,9.26,100,95,95.0,30,1
SIM-00713,2025-10-08,2025-12-20,11.09,5,12.76,9.04,150,145,96.67,45,1
SIM-00713,2025-12-10,2025-12-20,12.68,5,16.18,10.08,200,190,95.0,60,1
SIM-00714,2025-05-15,2025-12-20,11.29,5,13.61,9.13,50,35,70.0,15,1
SIM-00714,2025-07-27,2025-12-20,11.47,5,12.6,10.13,100,70,70.0,30,1
SIM-00714,2025-10-08,2025-12-20,12.73,5,14.47,11.1,150,110,73.33,45,1
SIM-00714,2025-12-10,2025-12-20,13.67,5,15.99,12.38,200,150,75.0,60,1
SIM-00715,2025-05-15,2025-12-20,11.06,5,12.09,9.05,50,30,60.0,15,0
SIM-00715,2025-07-27,2025-12-20,12.5,5,15.0,9.13,100,60,60.0,30,0
SIM-00715,2025-10-08,2025-12-20,12.42,5,15.27,9.08,150,85,56.67,45,0
SIM-00715,2025-12-10,2025-12-20,13.14,5,18.54,10.07,200,110,55.0,60,0
SIM-00716,2025-05-15,2025-12-20,11.6,5,13.83,9.25,50,40,80.0,15,0
SIM-00716,2025-07-27,2025-12-20,12.03,5,14.31,10.24,100,75,75.0,30,0
SIM-00716,2025-10-08,2025-12-20,12.7,5,16.35,10.23,150,110,73.33,45,0
SIM-00716,2025-12-10,2025-12-20,14.31,5,17.38,11.19,200,150,75.0,60,0
SIM-00717,2025-05-15,2025-12-20,11.87,5,12.73,11.01,50,25,50.0,15,0
SIM-00717,2025-07-27,2025-12-20,11.96,5,13.39,9.76,100,55,55.0,30,0
SIM-00717,2025-10-08,2025-12-20,15.32,5,18.54,9.36,150,80,53.33,45,0
SIM-00717,2025-12-10,2025-12-20,15.05,5,17.29,9.3,200,120,60.0,60,0
SIM-00718,2025-05-15,2025-12-20,11.78,5,13.87,8.31,50,45,90.0,15,0
SIM-00718,2025-07-27,2025-12-20,10.09,5,11.47,8.25,100,95,95.0,30,0
SIM-00718,2025-10-08,2025-12-20,12.74,5,14.99,10.14,150,145,96.67,45,0
SIM-00718,2025-12-10,2025-12-20,11.97,5,17.06,7.85,200,190,95.0,60,0
SIM-00719,2025-05-15,2025-12-20,11.24,5,13.56,9.97,50,45,90.0,15,1
SIM-00719,2025-07-27,2025-12-20,12.15,5,14.05,10.34,100,90,90.0,30,1
SIM-00719,2025-10-08,2025-12-20,11.59,5,13.94,7.98,150,135,90.0,45,1
SIM-00719,2025-12-10,2025-12-20,12.36,5,14.14,9.73,200,180,90.0,60,1
SIM-00720,2025-05-15,2025-12-20,10.1,5,10.73,9.48,50,40,80.0,15,1
SIM-00720,2025-07-27,2025-12-20,9.7,5,10.37,8.27,100,75,75.0,30,1
SIM-00720,2025-10-08,2025-12-20,8.15,5,12.67,4.36,150,110,73.33,45,1
SIM-00720,2025-12-10,2025-12-20,8.81,5,12.61,5.33,200,160,80.0,60,1
SIM-00721,2025-05-15,2025-12-20,11.81,5,13.67,10.09,50,45,90.0,15,1
SIM-00721,2025-07-27,2025-12-20,11.96,5,13.54,10.28,100,95,95.0,30,1
SIM-00721,2025-10-08,2025-12-20,11.21,5,13.79,9.79,150,140,93.33,45,1
SIM-00721,2025-12-10,2025-12-20,12.56,5,14.46,10.35,200,185,92.5,60,1
SIM-00722,2025-05-15,2025-12-20,12.4,5,14.45,11.05,50,40,80.0,15,1
SIM-00722,2025-07-27,2025-12-20,11.27,5,13.08,9.09,100,80,80.0,30,1
SIM-00722,2025-10-08,2025-12-20,12.48,5,16.34,4.92,150,130,86.67,45,1
SIM-00722,2025-12-10,2025-12-20,10.33,5,14.92,5.04,200,155,77.5,60,1
SIM-00723,2025-05-15,2025-12-20,12.82,5,14.84,11.41,50,45,90.0,15,1
SIM-00723,2025-07-27,2025-12-20,12.55,5,15.32,9.08,100,100,100.0,30,1
SIM-00723,2025-10-08,2025-12-20,13.82,5,18.24,8.36,150,130,86.67,45,1
SIM-00723,2025-12-10,2025-12-20,12.05,5,14.43,7.19,200,190,95.0,60,1
SIM-00724,2025-05-15,2025-12-20,12.33,5,14.73,9.97,50,35,70.0,15,1
SIM-00724,2025-07-27,2025-12-20,11.6,5,13.0,7.81,100,70,70.0,30,1
SIM-00724,2025-10-08,2025-12-20,11.41,5,12.05,9.8,150,90,60.0,45,1
SIM-00724,2025-12-10,2025-12-20,11.54,5,13.19,10.92,200,140,70.0,60,1
SIM-00725,2025-05-15,2025-12-20,12.27,5,15.5,9.59,50,50,100.0,15,1
SIM-00725,2025-07-27,2025-12-20,12.42,5,16.47,8.67,100,95,95.0,30,1
SIM-00725,2025-10-08,2025-12-20,13.39,5,16.55,9.26,150,140,93.33,45,1
SIM-00725,2025-12-10,2025-12-20,14.76,5,20.0,5.32,200,200,100.0,60,1
SIM-00726,2025-05-15,2025-12-20,11.54,5,12.36,10.02,50,50,100.0,15,1
SIM-00726,2025-07-27,2025-12-20,11.13,5,13.5,8.27,100,90,90.0,30,1
SIM-00726,2025-10-08,2025-12-20,11.58,5,16.27,8.03,150,135,90.0,45,1
SIM-00726,2025-12-10,2025-12-20,12.57,5,16.34,9.07,200,200,100.0,60,1
SIM-00727,2025-05-15,2025-12-20,12.57,5,15.54,8.91,50,35,70.0,15,0
SIM-00727,2025-07-27,2025-12-20,15.2,5,18.04,9.62,100,80,80.0,30,0
SIM-00727,2025-10-08,2025-12-20,18.3,5,20.0,15.92,150,115,76.67,45,0
SIM-00727,2025-12-10,2025-12-20,17.77,5,20.0,16.36,200,145,72.5,60,0
SIM-00728,2025-05-15,2025-12-20,13.06,5,15.16,11.37,50,25,50.0,15,1
SIM-00728,2025-07-27,2025-12-20,12.86,5,14.59,9.88,100,60,60.0,30,1
SIM-00728,2025-10-08,2025-12-20,12.97,5,15.54,10.13,150,80,53.33,45,1
SIM-00728,2025-12-10,2025-12-20,15.17,5,19.68,9.77,200,125,62.5,60,1
SIM-00729,2025-05-15,2025-12-20,11.8,5,12.56,11.24,50,40,80.0,15,0
SIM-00729,2025-07-27,2025-12-20,12.45,5,16.68,9.91,100,80,80.0,30,0
SIM-00729,2025-10-08,2025-12-20,15.1,5,18.0,12.31,150,120,80.0,45,0
SIM-00729,2025-12-10,2025-12-20,15.22,5,19.19,11.8,200,170,85.0,60,0
SIM-00730,2025-05-15,2025-12-20,12.06,5,14.04,11.06,50,40,80.0,15,1
SIM-00730,2025-07-27,2025-12-20,11.99,5,15.79,9.72,100,65,65.0,30,1
SIM-00730,2025-10-08,2025-12-20,12.88,5,14.01,11.74,150,110,73.33,45,1
SIM-00730,2025-12-10,2025-12-20,12.37,5,16.1,8.37,200,145,72.5,60,1
SIM-00731,2025-05-15,2025-12-20,13.59,5,14.82,12.32,50,50,100.0,15,0
SIM-00731,2025-07-27,2025-12-20,13.65,5,15.2,12.37,100,95,95.0,30,0
SIM-00731,2025-10-08,2025-12-20,13.77,5,15.79,10.5,150,150,100.0,45,0
SIM-00731,2025-12-10,2025-12-20,14.26,5,16.81,10.72,200,185,92.5,60,0
SIM-00732,2025-05-15,2025-12-20,10.53,5,13.19,8.26,50,45,90.0,15,0
SIM-00732,2025-07-27,2025-12-20,13.27,5,15.17,11.71,100,95,95.0,30,0
SIM-00732,2025-10-08,2025-12-20,13.91,5,16.4,10.64,150,130,86.67,45,0
SIM-00732,2025-12-10,2025-12-20,14.33,5,16.75,11.03,200,170,85.0,60,0
SIM-00733,2025-05-15,2025-12-20,12.4,5,13.64,11.46,50,40,80.0,15,1
SIM-00733,2025-07-27,2025-12-20,11.88,5,14.98,9.64,100,80,80.0,30,1
SIM-00733,2025-10-08,2025-12-20,10.89,5,16.41,4.61,150,125,83.33,45,1
SIM-00733,2025-12-10,2025-12-20,11.91,5,15.27,8.73,200,145,72.5,60,1
SIM-00734,2025-05-15,2025-12-20,11.28,5,12.25,9.61,50,25,50.0,15,1
SIM-00734,2025-07-27,2025-12-20,11.39,5,15.34,7.28,100,55,55.0,30,1
SIM-00734,2025-10-08,2025-12-20,12.9,5,15.68,11.08,150,80,53.33,45,1
SIM-00734,2025-12-10,2025-12-20,12.5,5,15.35,10.29,200,115,57.5,60,1
SIM-00735,2025-05-15,2025-12-20,12.64,5,14.72,10.97,50,45,90.0,15,1
SIM-00735,2025-07-27,2025-12-20,12.61,5,16.05,10.59,100,90,90.0,30,1
SIM-00735,2025-10-08,2025-12-20,13.81,5,19.01,8.47,150,140,93.33,45,1
SIM-00735,2025-12-10,2025-12-20,15.42,5,20.0,7.17,200,200,100.0,60,1
SIM-00736,2025-05-15,2025-12-20,11.49,5,15.04,9.27,50,35,70.0,15,1
SIM-00736,2025-07-27,2025-12-20,13.17,5,16.79,9.46,100,65,65.0,30,1
SIM-00736,2025-10-08,2025-12-20,13.83,5,17.3,10.87,150,100,66.67,45,1
SIM-00736,2025-12-10,2025-12-20,13.06,5,16.76,7.08,200,135,67.5,60,1
SIM-00737,2025-05-15,2025-12-20,12.64,5,16.36,8.04,50,45,90.0,15,0
SIM-00737,2025-07-27,2025-12-20,14.15,5,15.23,12.3,100,85,85.0,30,0
SIM-00737,2025-10-08,2025-12-20,14.19,5,19.71,8.92,150,130,86.67,45,0
SIM-00737,2025-12-10,2025-12-20,15.7,5,19.98,11.4,200,155,77.5,60,0
SIM-00738,2025-05-15,2025-12-20,10.03,5,11.09,7.55,50,35,70.0,15,1
SIM-00738,2025-07-27,2025-12-20,10.78,5,13.5,8.61,100,75,75.0,30,1
SIM-00738,2025-10-08,2025-12-20,7.98,5,12.66,3.95,150,110,73.33,45,1
SIM-00738,2025-12-10,2025-12-20,8.46,5,10.78,7.42,200,150,75.0,60,1
SIM-00739,2025-05-15,2025-12-20,11.5,5,12.87,9.36,50,30,60.0,15,0
SIM-00739,2025-07-27,2025-12-20,14.0,5,15.73,9.9,100,60,60.0,30,0
SIM-00739,2025-10-08,2025-12-20,15.4,5,16.14,14.52,150,95,63.33,45,0
SIM-00739,2025-12-10,2025-12-20,16.57,5,20.0,13.29,200,110,55.0,60,0
SIM-00740,2025-05-15,2025-12-20,9.75,5,12.28,6.29,50,25,50.0,15,1
SIM-00740,2025-07-27,2025-12-20,8.78,5,13.46,5.96,100,50,50.0,30,1
SIM-00740,2025-10-08,2025-12-20,6.95,5,9.3,5.59,150,65,43.33,45,1
SIM-00740,2025-12-10,2025-12-20,8.18,5,13.36,4.07,200,110,55.0,60,1
SIM-00741,2025-05-15,2025-12-20,12.17,5,16.2,10.54,50,35,70.0,15,0
SIM-00741,2025-07-27,2025-12-20,12.77,5,14.16,11.04,100,65,65.0,30,0
SIM-00741,2025-10-08,2025-12-20,15.12,5,18.47,12.55,150,80,53.33,45,0
SIM-00741,2025-12-10,2025-12-20,15.55,5,17.57,12.93,200,125,62.5,60,0
SIM-00742,2025-05-15,2025-12-20,10.82,5,13.57,9.62,50,35,70.0,15,1
SIM-00742,2025-07-27,2025-12-20,11.68,5,17.0,7.66,100,70,70.0,30,1
SIM-00742,2025-10-08,2025-12-20,11.78,5,13.39,8.83,150,110,73.33,45,1
SIM-00742,2025-12-10,2025-12-20,10.22,5,12.5,5.1,200,145,72.5,60,1
SIM-00743,2025-05-15,2025-12-20,10.45,5,11.92,9.32,50,25,50.0,15,1
SIM-00743,2025-07-27,2025-12-20,11.14,5,14.2,9.84,100,60,60.0,30,1
SIM-00743,2025-10-08,2025-12-20,11.92,5,13.96,8.65,150,90,60.0,45,1
SIM-00743,2025-12-10,2025-12-20,11.22,5,16.35,7.81,200,115,57.5,60,1
SIM-00744,2025-05-15,2025-12-20,11.53,5,15.18,7.09,50,35,70.0,15,1
SIM-00744,2025-07-27,2025-12-20,11.23,5,13.22,9.94,100,60,60.0,30,1
SIM-00744,2025-10-08,2025-12-20,10.66,5,12.89,9.38,150,90,60.0,45,1
SIM-00744,2025-12-10,2025-12-20,11.14,5,11.51,10.69,200,130,65.0,60,1
SIM-00745,2025-05-15,2025-12-20,9.87,5,11.2,8.27,50,40,80.0,15,1
SIM-00745,2025-07-27,2025-12-20,10.0,5,12.06,8.45,100,85,85.0,30,1
SIM-00745,2025-10-08,2025-12-20,10.85,5,13.89,6.72,150,125,83.33,45,1
SIM-00745,2025-12-10,2025-12-20,8.43,5,9.7,7.03,200,170,85.0,60,1
SIM-00746,2025-05-15,2025-12-20,13.23,5,15.24,10.43,50,25,50.0,15,0
SIM-00746,2025-07-27,2025-12-20,14.94,5,16.79,13.11,100,45,45.0,30,0
SIM-00746,2025-10-08,2025-12-20,16.27,5,18.82,10.71,150,70,46.67,45,0
SIM-00746,2025-12-10,2025-12-20,14.77,5,20.0,6.95,200,105,52.5,60,0
SIM-00747,2025-05-15,2025-12-20,10.21,5,12.43,8.41,50,35,70.0,15,1
SIM-00747,2025-07-27,2025-12-20,10.84,5,15.91,6.6,100,70,70.0,30,1
SIM-00747,2025-10-08,2025-12-20,11.85,5,14.7,10.41,150,100,66.67,45,1
SIM-00747,2025-12-10,2025-12-20,11.12,5,15.66,5.79,200,130,65.0,60,1
SIM-00748,2025-05-15,2025-12-20,11.82,5,13.91,8.61,50,40,80.0,15,1
SIM-00748,2025-07-27,2025-12-20,10.82,5,14.95,8.64,100,70,70.0,30,1
SIM-00748,2025-10-08,2025-12-20,9.07,5,10.73,6.94,150,110,73.33,45,1
SIM-00748,2025-12-10,2025-12-20,10.54,5,17.35,6.27,200,160,80.0,60,1
SIM-00749,2025-05-15,2025-12-20,12.7,5,13.49,11.88,50,45,90.0,15,0
SIM-00749,2025-07-27,2025-12-20,13.96,5,16.82,9.89,100,90,90.0,30,0
SIM-00749,2025-10-08,2025-12-20,15.97,5,18.91,12.24,150,135,90.0,45,0
SIM-00749,2025-12-10,2025-12-20,17.68,5,19.67,13.91,200,180,90.0,60,0
SIM-00750,2025-05-15,2025-12-20,9.93,5,11.31,7.49,50,50,100.0,15,1
SIM-00750,2025-07-27,2025-12-20,11.3,5,13.88,8.05,100,90,90.0,30,1
SIM-00750,2025-10-08,2025-12-20,11.02,5,13.56,8.33,150,140,93.33,45,1
SIM-00750,2025-12-10,2025-12-20,10.91,5,14.17,8.37,200,180,90.0,60,1
SIM-00751,2025-05-15,2025-12-20,10.85,5,12.39,8.35,50,35,70.0,15,0
SIM-00751,2025-07-27,2025-12-20,14.82,5,15.73,13.99,100,85,85.0,30,0
SIM-00751,2025-10-08,2025-12-20,17.76,5,20.0,16.02,150,120,80.0,45,0
SIM-00751,2025-12-10,2025-12-20,18.93,5,20.0,16.64,200,160,80.0,60,0
SIM-00752,2025-05-15,2025-12-20,11.86,5,16.2,8.97,50,30,60.0,15,1
SIM-00752,2025-07-27,2025-12-20,11.24,5,13.23,7.79,100,60,60.0,30,1
SIM-00752,2025-10-08,2025-12-20,11.42,5,15.77,6.31,150,100,66.67,45,1
SIM-00752,2025-12-10,2025-12-20,10.27,5,13.82,4.89,200,120,60.0,60,1
SIM-00753,2025-05-15,2025-12-20,11.95,5,15.06,8.21,50,40,80.0,15,1
SIM-00753,2025-07-27,2025-12-20,10.36,5,14.15,5.36,100,80,80.0,30,1
SIM-00753,2025-10-08,2025-12-20,10.98,5,15.51,6.97,150,110,73.33,45,1
SIM-00753,2025-12-10,2025-12-20,11.34,5,15.75,6.45,200,155,77.5,60,1
SIM-00754,2025-05-15,2025-12-20,11.82,5,16.29,7.94,50,40,80.0,15,0
SIM-00754,2025-07-27,2025-12-20,12.35,5,16.3,9.92,100,95,95.0,30,0
SIM-00754,2025-10-08,2025-12-20,14.44,5,18.65,11.09,150,125,83.33,45,0
SIM-00754,2025-12-10,2025-12-20,15.8,5,18.72,12.41,200,165,82.5,60,0
SIM-00755,2025-05-15,2025-12-20,12.02,5,12.95,10.25,50,40,80.0,15,1
SIM-00755,2025-07-27,2025-12-20,11.24,5,15.25,8.7,100,70,70.0,30,1
SIM-00755,2025-10-08,2025-12-20,9.71,5,12.18,7.76,150,115,76.67,45,1
SIM-00755,2025-12-10,2025-12-20,9.6,5,12.34,4.22,200,140,70.0,60,1
SIM-00756,2025-05-15,2025-12-20,9.23,5,10.93,7.39,50,45,90.0,15,1
SIM-00756,2025-07-27,2025-12-20,9.89,5,11.73,7.82,100,100,100.0,30,1
SIM-00756,2025-10-08,2025-12-20,7.43,5,12.49,2.87,150,140,93.33,45,1
SIM-00756,2025-12-10,2025-12-20,9.09,5,13.03,4.1,200,190,95.0,60,1
SIM-00757,2025-05-15,2025-12-20,12.43,5,14.76,10.54,50,40,80.0,15,1
SIM-00757,2025-07-27,2025-12-20,11.34,5,12.6,10.19,100,85,85.0,30,1
SIM-00757,2025-10-08,2025-12-20,11.41,5,15.19,8.83,150,120,80.0,45,1
SIM-00757,2025-12-10,2025-12-20,11.89,5,15.29,7.1,200,155,77.5,60,1
SIM-00758,2025-05-15,2025-12-20,13.38,5,17.53,9.66,50,45,90.0,15,0
SIM-00758,2025-07-27,2025-12-20,13.75,5,14.75,13.09,100,90,90.0,30,0
SIM-00758,2025-10-08,2025-12-20,14.14,5,18.74,11.41,150,130,86.67,45,0
SIM-00758,2025-12-10,2025-12-20,16.41,5,20.0,12.36,200,180,90.0,60,0
SIM-00759,2025-05-15,2025-12-20,10.56,5,13.26,8.72,50,35,70.0,15,1
SIM-00759,2025-07-27,2025-12-20,9.07,5,11.52,6.43,100,75,75.0,30,1
SIM-00759,2025-10-08,2025-12-20,10.49,5,13.98,7.59,150,105,70.0,45,1
SIM-00759,2025-12-10,2025-12-20,10.13,5,13.01,4.19,200,135,67.5,60,1
SIM-00760,2025-05-15,2025-12-20,11.03,5,12.75,9.74,50,50,100.0,15,1
SIM-00760,2025-07-27,2025-12-20,11.21,5,13.25,9.44,100,90,90.0,30,1
SIM-00760,2025-10-08,2025-12-20,11.07,5,15.04,8.22,150,140,93.33,45,1
SIM-00760,2025-12-10,2025-12-20,11.34,5,14.72,8.93,200,185,92.5,60,1
SIM-00761,2025-05-15,2025-12-20,12.18,5,14.06,8.64,50,45,90.0,15,0
SIM-00761,2025-07-27,2025-12-20,12.64,5,14.24,10.56,100,90,90.0,30,0
SIM-00761,2025-10-08,2025-12-20,14.98,5,16.55,12.77,150,130,86.67,45,0
SIM-00761,2025-12-10,2025-12-20,15.32,5,18.09,13.66,200,165,82.5,60,0
SIM-00762,2025-05-15,2025-12-20,10.14,5,12.46,6.62,50,45,90.0,15,1
SIM-00762,2025-07-27,2025-12-20,9.47,5,12.22,6.42,100,80,80.0,30,1
SIM-00762,2025-10-08,2025-12-20,8.9,5,11.35,5.89,150,125,83.33,45,1
SIM-00762,2025-12-10,2025-12-20,8.98,5,10.86,6.17,200,185,92.5,60,1
SIM-00763,2025-05-15,2025-12-20,10.09,5,11.1,7.91,50,35,70.0,15,0
SIM-00763,2025-07-27,2025-12-20,13.15,5,14.32,10.77,100,75,75.0,30,0
SIM-00763,2025-10-08,2025-12-20,13.07,5,17.08,9.95,150,110,73.33,45,0
SIM-00763,2025-12-10,2025-12-20,13.44,5,17.82,9.5,200,150,75.0,60,0
SIM-00764,2025-05-15,2025-12-20,12.7,5,14.76,11.19,50,45,90.0,15,1
SIM-00764,2025-07-27,2025-12-20,11.87,5,14.0,10.23,100,90,90.0,30,1
SIM-00764,2025-10-08,2025-12-20,11.16,5,14.8,8.18,150,145,96.67,45,1
SIM-00764,2025-12-10,2025-12-20,13.94,5,16.7,8.44,200,185,92.5,60,1
SIM-00765,2025-05-15,2025-12-20,12.04,5,13.92,10.52,50,45,90.0,15,0
SIM-00765,2025-07-27,2025-12-20,13.04,5,17.71,8.9,100,95,95.0,30,0
SIM-00765,2025-10-08,2025-12-20,13.39,5,20.0,10.57,150,135,90.0,45,0
SIM-00765,2025-12-10,2025-12-20,14.16,5,18.37,11.89,200,180,90.0,60,0
SIM-00766,2025-05-15,2025-12-20,11.09,5,14.71,7.91,50,30,60.0,15,0
SIM-00766,2025-07-27,2025-12-20,12.48,5,13.95,10.41,100,60,60.0,30,0
SIM-00766,2025-10-08,2025-12-20,14.09,5,17.43,9.8,150,90,60.0,45,0
SIM-00766,2025-12-10,2025-12-20,14.69,5,17.71,12.9,200,125,62.5,60,0
SIM-00767,2025-05-15,2025-12-20,11.68,5,13.17,10.73,50,40,80.0,15,0
SIM-00767,2025-07-27,2025-12-20,10.83,5,12.3,7.93,100,80,80.0,30,0
SIM-00767,2025-10-08,2025-12-20,12.42,5,15.95,8.64,150,115,76.67,45,0
SIM-00767,2025-12-10,2025-12-20,13.92,5,17.31,9.83,200,165,82.5,60,0
SIM-00768,2025-05-15,2025-12-20,11.33,5,14.21,7.74,50,35,70.0,15,1
SIM-00768,2025-07-27,2025-12-20,10.26,5,12.53,8.82,100,75,75.0,30,1
SIM-00768,2025-10-08,2025-12-20,10.89,5,13.19,8.97,150,115,76.67,45,1
SIM-00768,2025-12-10,2025-12-20,11.46,5,13.7,9.47,200,155,77.5,60,1
SIM-00769,2025-05-15,2025-12-20,11.28,5,13.38,9.88,50,35,70.0,15,1
SIM-00769,2025-07-27,2025-12-20,11.97,5,14.38,7.81,100,60,60.0,30,1
SIM-00769,2025-10-08,2025-12-20,10.53,5,12.78,8.86,150,90,60.0,45,1
SIM-00769,2025-12-10,2025-12-20,11.62,5,14.83,9.9,200,125,62.5,60,1
SIM-00770,2025-05-15,2025-12-20,10.92,5,12.7,10.28,50,40,80.0,15,1
SIM-00770,2025-07-27,2025-12-20,11.69,5,15.22,7.92,100,85,85.0,30,1
SIM-00770,2025-10-08,2025-12-20,11.87,5,14.95,9.51,150,120,80.0,45,1
SIM-00770,2025-12-10,2025-12-20,11.24,5,13.55,9.1,200,150,75.0,60,1
SIM-00771,2025-05-15,2025-12-20,12.62,5,14.72,8.45,50,40,80.0,15,1
SIM-00771,2025-07-27,2025-12-20,11.44,5,13.7,9.6,100,70,70.0,30,1
SIM-00771,2025-10-08,2025-12-20,12.07,5,12.9,10.84,150,110,73.33,45,1
SIM-00771,2025-12-10,2025-12-20,12.93,5,16.28,8.82,200,150,75.0,60,1
SIM-00772,2025-05-15,2025-12-20,11.35,5,13.97,9.45,50,45,90.0,15,0
SIM-00772,2025-07-27,2025-12-20,11.36,5,12.48,10.15,100,85,85.0,30,0
SIM-00772,2025-10-08,2025-12-20,11.83,5,14.95,9.97,150,125,83.33,45,0
SIM-00772,2025-12-10,2025-12-20,15.21,5,18.68,12.4,200,155,77.5,60,0
SIM-00773,2025-05-15,2025-12-20,10.94,5,14.38,6.94,50,25,50.0,15,1
SIM-00773,2025-07-27,2025-12-20,12.83,5,14.51,8.92,100,45,45.0,30,1
SIM-00773,2025-10-08,2025-12-20,9.84,5,11.64,7.56,150,75,50.0,45,1
SIM-00773,2025-12-10,2025-12-20,9.49,5,14.16,6.49,200,90,45.0,60,1
SIM-00774,2025-05-15,2025-12-20,11.42,5,14.48,9.51,50,35,70.0,15,1
SIM-00774,2025-07-27,2025-12-20,12.5,5,17.74,7.42,100,70,70.0,30,1
SIM-00774,2025-10-08,2025-12-20,12.25,5,15.75,8.53,150,100,66.67,45,1
SIM-00774,2025-12-10,2025-12-20,13.61,5,17.56,9.67,200,120,60.0,60,1
SIM-00775,2025-05-15,2025-12-20,13.29,5,14.13,12.19,50,40,80.0,15,0
SIM-00775,2025-07-27,2025-12-20,13.99,5,15.4,12.3,100,85,85.0,30,0
SIM-00775,2025-10-08,2025-12-20,17.09,5,20.0,13.29,150,125,83.33,45,0
SIM-00775,2025-12-10,2025-12-20,18.86,5,20.0,16.04,200,180,90.0,60,0
SIM-00776,2025-05-15,2025-12-20,10.6,5,13.54,7.75,50,45,90.0,15,0
SIM-00776,2025-07-27,2025-12-20,11.38,5,15.96,9.66,100,95,95.0,30,0
SIM-00776,2025-10-08,2025-12-20,13.63,5,16.13,10.25,150,145,96.67,45,0
SIM-00776,2025-12-10,2025-12-20,13.48,5,16.44,11.69,200,175,87.5,60,0
SIM-00777,2025-05-15,2025-12-20,12.2,5,13.6,9.98,50,35,70.0,15,1
SIM-00777,2025-07-27,2025-12-20,11.08,5,13.08,7.88,100,80,80.0,30,1
SIM-00777,2025-10-08,2025-12-20,11.68,5,16.2,9.88,150,115,76.67,45,1
SIM-00777,2025-12-10,2025-12-20,11.45,5,14.75,4.5,200,160,80.0,60,1
SIM-00778,2025-05-15,2025-12-20,12.27,5,14.79,10.9,50,45,90.0,15,1
SIM-00778,2025-07-27,2025-12-20,12.08,5,14.23,9.45,100,85,85.0,30,1
SIM-00778,2025-10-08,2025-12-20,12.34,5,17.5,9.18,150,130,86.67,45,1
SIM-00778,2025-12-10,2025-12-20,12.22,5,16.13,9.38,200,175,87.5,60,1
SIM-00779,2025-05-15,2025-12-20,11.62,5,13.5,9.47,50,45,90.0,15,0
SIM-00779,2025-07-27,2025-12-20,14.28,5,14.77,13.02,100,90,90.0,30,0
SIM-00779,2025-10-08,2025-12-20,14.41,5,16.63,10.48,150,140,93.33,45,0
SIM-00779,2025-12-10,2025-12-20,16.59,5,20.0,13.62,200,180,90.0,60,0
SIM-00780,2025-05-15,2025-12-20,11.3,5,12.19,10.48,50,35,70.0,15,1
SIM-00780,2025-07-27,2025-12-20,11.83,5,14.28,7.97,100,65,65.0,30,1
SIM-00780,2025-10-08,2025-12-20,12.01,5,15.79,8.65,150,100,66.67,45,1
SIM-00780,2025-12-10,2025-12-20,12.76,5,13.76,11.04,200,140,70.0,60,1
SIM-00781,2025-05-15,2025-12-20,12.88,5,14.54,10.86,50,45,90.0,15,0
SIM-00781,2025-07-27,2025-12-20,13.93,5,14.64,13.07,100,95,95.0,30,0
SIM-00781,2025-10-08,2025-12-20,14.03,5,15.87,12.5,150,130,86.67,45,0
SIM-00781,2025-12-10,2025-12-20,15.17,5,18.85,11.94,200,180,90.0,60,0
SIM-00782,2025-05-15,2025-12-20,12.13,5,15.31,9.63,50,40,80.0,15,1
SIM-00782,2025-07-27,2025-12-20,11.28,5,14.68,9.32,100,90,90.0,30,1
SIM-00782,2025-10-08,2025-12-20,10.61,5,11.94,8.17,150,125,83.33,45,1
SIM-00782,2025-12-10,2025-12-20,11.53,5,15.9,5.67,200,175,87.5,60,1
SIM-00783,2025-05-15,2025-12-20,10.09,5,12.86,7.49,50,25,50.0,15,1
SIM-00783,2025-07-27,2025-12-20,13.23,5,16.46,9.96,100,60,60.0,30,1
SIM-00783,2025-10-08,2025-12-20,12.95,5,16.09,10.69,150,95,63.33,45,1
SIM-00783,2025-12-10,2025-12-20,12.29,5,19.26,7.97,200,105,52.5,60,1
SIM-00784,2025-05-15,2025-12-20,11.96,5,12.79,10.82,50,45,90.0,15,0
SIM-00784,2025-07-27,2025-12-20,14.35,5,17.5,11.78,100,90,90.0,30,0
SIM-00784,2025-10-08,2025-12-20,14.59,5,20.0,11.06,150,135,90.0,45,0
SIM-00784,2025-12-10,2025-12-20,16.68,5,20.0,12.71,200,190,95.0,60,0
SIM-00785,2025-05-15,2025-12-20,11.16,5,14.28,7.9,50,40,80.0,15,1
SIM-00785,2025-07-27,2025-12-20,11.88,5,14.05,10.2,100,85,85.0,30,1
SIM-00785,2025-10-08,2025-12-20,11.82,5,12.48,10.19,150,130,86.67,45,1
SIM-00785,2025-12-10,2025-12-20,13.28,5,16.04,10.12,200,165,82.5,60,1
SIM-00786,2025-05-15,2025-12-20,13.55,5,15.35,10.4,50,50,100.0,15,0
SIM-00786,2025-07-27,2025-12-20,13.21,5,15.49,11.54,100,100,100.0,30,0
SIM-00786,2025-10-08,2025-12-20,13.9,5,17.04,12.16,150,140,93.33,45,0
SIM-00786,2025-12-10,2025-12-20,14.75,5,16.15,12.6,200,190,95.0,60,0
SIM-00787,2025-05-15,2025-12-20,11.43,5,12.85,9.74,50,50,100.0,15,1
SIM-00787,2025-07-27,2025-12-20,11.04,5,15.36,7.23,100,95,95.0,30,1
SIM-00787,2025-10-08,2025-12-20,10.78,5,14.27,6.78,150,135,90.0,45,1
SIM-00787,2025-12-10,2025-12-20,10.16,5,13.75,7.09,200,180,90.0,60,1
SIM-00788,2025-05-15,2025-12-20,11.02,5,15.46,8.81,50,45,90.0,15,1
SIM-00788,2025-07-27,2025-12-20,12.24,5,14.47,9.73,100,100,100.0,30,1
SIM-00788,2025-10-08,2025-12-20,11.77,5,12.61,10.38,150,145,96.67,45,1
SIM-00788,2025-12-10,2025-12-20,14.13,5,18.79,8.94,200,185,92.5,60,1
SIM-00789,2025-05-15,2025-12-20,11.86,5,14.73,10.47,50,40,80.0,15,1
SIM-00789,2025-07-27,2025-12-20,12.74,5,16.14,10.78,100,75,75.0,30,1
SIM-00789,2025-10-08,2025-12-20,13.63,5,15.5,11.76,150,110,73.33,45,1
SIM-00789,2025-12-10,2025-12-20,14.14,5,15.8,12.28,200,145,72.5,60,1
SIM-00790,2025-05-15,2025-12-20,11.65,5,14.16,9.12,50,45,90.0,15,1
SIM-00790,2025-07-27,2025-12-20,13.72,5,16.83,8.69,100,95,95.0,30,1
SIM-00790,2025-10-08,2025-12-20,13.66,5,15.56,10.81,150,135,90.0,45,1
SIM-00790,2025-12-10,2025-12-20,13.64,5,16.7,9.57,200,175,87.5,60,1
SIM-00791,2025-05-15,2025-12-20,11.42,5,14.04,8.83,50,45,90.0,15,1
SIM-00791,2025-07-27,2025-12-20,10.25,5,12.03,8.45,100,90,90.0,30,1
SIM-00791,2025-10-08,2025-12-20,10.33,5,17.74,6.89,150,135,90.0,45,1
SIM-00791,2025-12-10,2025-12-20,9.59,5,17.72,4.65,200,170,85.0,60,1
SIM-00792,2025-05-15,2025-12-20,11.88,5,14.48,9.45,50,50,100.0,15,0
SIM-00792,2025-07-27,2025-12-20,15.11,5,19.53,11.81,100,95,95.0,30,0
SIM-00792,2025-10-08,2025-12-20,15.22,5,17.98,12.22,150,135,90.0,45,0
SIM-00792,2025-12-10,2025-12-20,16.02,5,18.14,12.37,200,180,90.0,60,0
SIM-00793,2025-05-15,2025-12-20,9.65,5,12.08,7.4,50,45,90.0,15,1
SIM-00793,2025-07-27,2025-12-20,9.91,5,11.35,7.77,100,85,85.0,30,1
SIM-00793,2025-10-08,2025-12-20,10.84,5,14.93,7.44,150,140,93.33,45,1
SIM-00793,2025-12-10,2025-12-20,9.86,5,13.75,6.0,200,185,92.5,60,1
SIM-00794,2025-05-15,2025-12-20,12.17,5,15.94,9.78,50,50,100.0,15,1
SIM-00794,2025-07-27,2025-12-20,10.38,5,14.37,6.41,100,95,95.0,30,1
SIM-00794,2025-10-08,2025-12-20,11.14,5,16.73,7.97,150,150,100.0,45,1
SIM-00794,2025-12-10,2025-12-20,12.09,5,13.97,10.1,200,180,90.0,60,1
SIM-00795,2025-05-15,2025-12-20,9.66,5,11.42,7.41,50,15,30.0,15,1
SIM-00795,2025-07-27,2025-12-20,11.44,5,13.63,7.53,100,35,35.0,30,1
SIM-00795,2025-10-08,2025-12-20,8.4,5,13.81,1.95,150,45,30.0,45,1
SIM-00795,2025-12-10,2025-12-20,9.32,5,14.24,5.87,200,70,35.0,60,1
SIM-00796,2025-05-15,2025-12-20,11.04,5,12.96,9.0,50,45,90.0,15,1
SIM-00796,2025-07-27,2025-12-20,12.03,5,14.17,9.19,100,90,90.0,30,1
SIM-00796,2025-10-08,2025-12-20,13.92,5,15.57,12.11,150,140,93.33,45,1
SIM-00796,2025-12-10,2025-12-20,14.28,5,18.82,11.42,200,200,100.0,60,1
SIM-00797,2025-05-15,2025-12-20,11.51,5,14.39,7.97,50,40,80.0,15,1
SIM-00797,2025-07-27,2025-12-20,11.68,5,14.51,9.42,100,80,80.0,30,1
SIM-00797,2025-10-08,2025-12-20,10.87,5,12.42,7.95,150,110,73.33,45,1
SIM-00797,2025-12-10,2025-12-20,11.47,5,14.63,8.09,200,155,77.5,60,1
SIM-00798,2025-05-15,2025-12-20,13.32,5,16.19,9.08,50,35,70.0,15,0
SIM-00798,2025-07-27,2025-12-20,13.39,5,16.97,11.01,100,70,70.0,30,0
SIM-00798,2025-10-08,2025-12-20,13.83,5,15.97,11.71,150,110,73.33,45,0
SIM-00798,2025-12-10,2025-12-20,14.63,5,18.65,10.31,200,155,77.5,60,0
SIM-00799,2025-05-15,2025-12-20,13.48,5,15.42,11.28,50,45,90.0,15,1
SIM-00799,2025-07-27,2025-12-20,13.41,5,15.36,8.7,100,85,85.0,30,1
SIM-00799,2025-10-08,2025-12-20,14.04,5,16.97,9.73,150,120,80.0,45,1
SIM-00799,2025-12-10,2025-12-20,13.7,5,18.28,10.46,200,170,85.0,60,1
SIM-00800,2025-05-15,2025-12-20,11.05,5,12.04,9.64,50,45,90.0,15,1
SIM-00800,2025-07-27,2025-12-20,11.9,5,15.4,9.2,100,90,90.0,30,1
SIM-00800,2025-10-08,2025-12-20,11.55,5,12.82,9.4,150,130,86.67,45,1
SIM-00800,2025-12-10,2025-12-20,9.51,5,14.16,6.19,200,185,92.5,60,1
SIM-00801,2025-05-15,2025-12-20,10.63,5,12.63,7.93,50,40,80.0,15,1
SIM-00801,2025-07-27,2025-12-20,11.66,5,16.68,9.37,100,80,80.0,30,1
SIM-00801,2025-10-08,2025-12-20,10.23,5,16.44,6.03,150,115,76.67,45,1
SIM-00801,2025-12-10,2025-12-20,10.01,5,16.76,6.63,200,155,77.5,60,1
SIM-00802,2025-05-15,2025-12-20,12.86,5,15.54,12.01,50,30,60.0,15,0
SIM-00802,2025-07-27,2025-12-20,12.62,5,14.61,10.43,100,50,50.0,30,0
SIM-00802,2025-10-08,2025-12-20,13.14,5,18.04,9.26,150,85,56.67,45,0
SIM-00802,2025-12-10,2025-12-20,17.13,5,20.0,13.0,200,105,52.5,60,0
SIM-00803,2025-05-15,2025-12-20,11.86,5,14.43,8.95,50,35,70.0,15,0
SIM-00803,2025-07-27,2025-12-20,13.02,5,13.83,11.91,100,70,70.0,30,0
SIM-00803,2025-10-08,2025-12-20,14.7,5,16.71,13.02,150,115,76.67,45,0
SIM-00803,2025-12-10,2025-12-20,14.08,5,15.86,11.45,200,145,72.5,60,0
SIM-00804,2025-05-15,2025-12-20,11.65,5,13.82,7.65,50,45,90.0,15,0
SIM-00804,2025-07-27,2025-12-20,14.21,5,16.36,12.61,100,90,90.0,30,0
SIM-00804,2025-10-08,2025-12-20,16.75,5,18.56,14.96,150,125,83.33,45,0
SIM-00804,2025-12-10,2025-12-20,17.62,5,20.0,15.04,200,170,85.0,60,0
SIM-00805,2025-05-15,2025-12-20,10.67,5,13.5,8.44,50,45,90.0,15,0
SIM-00805,2025-07-27,2025-12-20,13.18,5,14.61,10.84,100,95,95.0,30,0
SIM-00805,2025-10-08,2025-12-20,13.27,5,15.45,10.7,150,135,90.0,45,0
SIM-00805,2025-12-10,2025-12-20,14.28,5,18.65,12.37,200,175,87.5,60,0
SIM-00806,2025-05-15,2025-12-20,11.65,5,14.0,9.1,50,45,90.0,15,1
SIM-00806,2025-07-27,2025-12-20,11.76,5,15.36,8.42,100,85,85.0,30,1
SIM-00806,2025-10-08,2025-12-20,11.14,5,20.0,6.63,150,125,83.33,45,1
SIM-00806,2025-12-10,2025-12-20,11.46,5,19.48,8.47,200,170,85.0,60,1
SIM-00807,2025-05-15,2025-12-20,10.0,5,13.61,7.16,50,45,90.0,15,1
SIM-00807,2025-07-27,2025-12-20,10.32,5,11.53,9.83,100,85,85.0,30,1
SIM-00807,2025-10-08,2025-12-20,8.04,5,10.87,4.19,150,125,83.33,45,1
SIM-00807,2025-12-10,2025-12-20,7.17,5,12.4,2.03,200,170,85.0,60,1
SIM-00808,2025-05-15,2025-12-20,9.72,5,10.59,8.09,50,45,90.0,15,1
SIM-00808,2025-07-27,2025-12-20,9.68,5,11.76,8.26,100,90,90.0,30,1
SIM-00808,2025-10-08,2025-12-20,11.31,5,12.5,10.56,150,140,93.33,45,1
SIM-00808,2025-12-10,2025-12-20,11.2,5,13.4,8.74,200,185,92.5,60,1
SIM-00809,2025-05-15,2025-12-20,11.11,5,13.22,8.72,50,40,80.0,15,1
SIM-00809,2025-07-27,2025-12-20,8.5,5,10.25,5.6,100,80,80.0,30,1
SIM-00809,2025-10-08,2025-12-20,10.65,5,13.44,7.9,150,115,76.67,45,1
SIM-00809,2025-12-10,2025-12-20,8.97,5,13.97,4.88,200,180,90.0,60,1
SIM-00810,2025-05-15,2025-12-20,11.68,5,14.05,10.55,50,45,90.0,15,1
SIM-00810,2025-07-27,2025-12-20,12.01,5,14.98,6.82,100,90,90.0,30,1
SIM-00810,2025-10-08,2025-12-20,11.45,5,16.25,7.53,150,125,83.33,45,1
SIM-00810,2025-12-10,2025-12-20,10.57,5,13.64,6.17,200,180,90.0,60,1
SIM-00811,2025-05-15,2025-12-20,9.63,5,12.17,7.47,50,45,90.0,15,1
SIM-00811,2025-07-27,2025-12-20,11.73,5,15.44,8.56,100,95,95.0,30,1
SIM-00811,2025-10-08,2025-12-20,11.71,5,14.37,8.58,150,140,93.33,45,1
SIM-00811,2025-12-10,2025-12-20,11.21,5,14.17,7.16,200,185,92.5,60,1
SIM-00812,2025-05-15,2025-12-20,10.21,5,12.48,8.93,50,45,90.0,15,1
SIM-00812,2025-07-27,2025-12-20,9.41,5,12.5,6.82,100,80,80.0,30,1
SIM-00812,2025-10-08,2025-12-20,10.13,5,11.47,8.59,150,120,80.0,45,1
SIM-00812,2025-12-10,2025-12-20,7.62,5,9.5,5.16,200,170,85.0,60,1
SIM-00813,2025-05-15,2025-12-20,11.91,5,13.92,9.83,50,35,70.0,15,1
SIM-00813,2025-07-27,2025-12-20,11.16,5,14.68,8.06,100,70,70.0,30,1
SIM-00813,2025-10-08,2025-12-20,11.46,5,16.51,9.53,150,105,70.0,45,1
SIM-00813,2025-12-10,2025-12-20,10.3,5,16.07,6.43,200,145,72.5,60,1
SIM-00814,2025-05-15,2025-12-20,10.99,5,13.64,7.8,50,40,80.0,15,1
SIM-00814,2025-07-27,2025-12-20,11.1,5,11.53,10.74,100,80,80.0,30,1
SIM-00814,2025-10-08,2025-12-20,11.44,5,16.43,7.55,150,120,80.0,45,1
SIM-00814,2025-12-10,2025-12-20,10.73,5,16.74,4.05,200,145,72.5,60,1
SIM-00815,2025-05-15,2025-12-20,10.75,5,13.34,8.6,50,40,80.0,15,1
SIM-00815,2025-07-27,2025-12-20,10.66,5,14.47,8.15,100,70,70.0,30,1
SIM-00815,2025-10-08,2025-12-20,10.69,5,16.5,5.4,150,125,83.33,45,1
SIM-00815,2025-12-10,2025-12-20,10.38,5,12.98,7.44,200,165,82.5,60,1
SIM-00816,2025-05-15,2025-12-20,11.9,5,13.84,9.12,50,35,70.0,15,0
SIM-00816,2025-07-27,2025-12-20,13.18,5,14.52,11.75,100,75,75.0,30,0
SIM-00816,2025-10-08,2025-12-20,14.07,5,15.96,12.88,150,120,80.0,45,0
SIM-00816,2025-12-10,2025-12-20,15.97,5,18.56,14.44,200,155,77.5,60,0
SIM-00817,2025-05-15,2025-12-20,10.52,5,14.58,8.43,50,30,60.0,15,0
SIM-00817,2025-07-27,2025-12-20,12.75,5,16.66,9.59,100,70,70.0,30,0
SIM-00817,2025-10-08,2025-12-20,14.37,5,17.04,12.55,150,105,70.0,45,0
SIM-00817,2025-12-10,2025-12-20,14.71,5,18.22,11.91,200,135,67.5,60,0
SIM-00818,2025-05-15,2025-12-20,12.73,5,14.61,10.28,50,35,70.0,15,0
SIM-00818,2025-07-27,2025-12-20,15.29,5,17.61,14.19,100,75,75.0,30,0
SIM-00818,2025-10-08,2025-12-20,15.17,5,19.75,12.49,150,110,73.33,45,0
SIM-00818,2025-12-10,2025-12-20,14.93,5,20.0,9.26,200,165,82.5,60,0
SIM-00819,2025-05-15,2025-12-20,11.09,5,12.78,9.77,50,35,70.0,15,1
SIM-00819,2025-07-27,2025-12-20,9.92,5,11.5,8.47,100,70,70.0,30,1
SIM-00819,2025-10-08,2025-12-20,9.74,5,12.58,6.22,150,95,63.33,45,1
SIM-00819,2025-12-10,2025-12-20,8.16,5,11.29,5.57,200,130,65.0,60,1
SIM-00820,2025-05-15,2025-12-20,10.31,5,12.27,7.37,50,35,70.0,15,1
SIM-00820,2025-07-27,2025-12-20,12.68,5,16.67,9.41,100,65,65.0,30,1
SIM-00820,2025-10-08,2025-12-20,12.22,5,17.91,7.39,150,105,70.0,45,1
SIM-00820,2025-12-10,2025-12-20,11.97,5,18.8,8.8,200,145,72.5,60,1
SIM-00821,2025-05-15,2025-12-20,12.93,5,16.33,9.64,50,45,90.0,15,0
SIM-00821,2025-07-27,2025-12-20,15.13,5,17.25,12.89,100,95,95.0,30,0
SIM-00821,2025-10-08,2025-12-20,15.58,5,17.36,13.0,150,130,86.67,45,0
SIM-00821,2025-12-10,2025-12-20,18.22,5,20.0,13.65,200,190,95.0,60,0
SIM-00822,2025-05-15,2025-12-20,10.81,5,11.53,8.91,50,40,80.0,15,1
SIM-00822,2025-07-27,2025-12-20,10.27,5,12.06,8.19,100,80,80.0,30,1
SIM-00822,2025-10-08,2025-12-20,10.48,5,11.62,9.39,150,120,80.0,45,1
SIM-00822,2025-12-10,2025-12-20,11.23,5,14.47,8.23,200,165,82.5,60,1
SIM-00823,2025-05-15,2025-12-20,9.85,5,12.7,7.23,50,45,90.0,15,1
SIM-00823,2025-07-27,2025-12-20,6.59,5,8.91,4.72,100,95,95.0,30,1
SIM-00823,2025-10-08,2025-12-20,6.94,5,8.22,5.35,150,150,100.0,45,1
SIM-00823,2025-12-10,2025-12-20,7.15,5,9.9,5.31,200,195,97.5,60,1
SIM-00824,2025-05-15,2025-12-20,13.55,5,14.83,11.51,50,40,80.0,15,0
SIM-00824,2025-07-27,2025-12-20,16.58,5,17.53,15.04,100,75,75.0,30,0
SIM-00824,2025-10-08,2025-12-20,17.8,5,20.0,16.18,150,120,80.0,45,0
SIM-00824,2025-12-10,2025-12-20,19.39,5,20.0,17.0,200,155,77.5,60,0
SIM-00825,2025-05-15,2025-12-20,11.32,5,13.27,8.37,50,35,70.0,15,1
SIM-00825,2025-07-27,2025-12-20,10.15,5,12.71,7.22,100,80,80.0,30,1
SIM-00825,2025-10-08,2025-12-20,12.13,5,15.8,8.35,150,120,80.0,45,1
SIM-00825,2025-12-10,2025-12-20,11.24,5,16.18,6.13,200,155,77.5,60,1
SIM-00826,2025-05-15,2025-12-20,11.66,5,14.16,9.45,50,25,50.0,15,1
SIM-00826,2025-07-27,2025-12-20,11.59,5,13.46,10.81,100,50,50.0,30,1
SIM-00826,2025-10-08,2025-12-20,13.43,5,18.49,9.18,150,80,53.33,45,1
SIM-00826,2025-12-10,2025-12-20,13.32,5,16.71,9.27,200,105,52.5,60,1
SIM-00827,2025-05-15,2025-12-20,12.1,5,13.21,11.13,50,45,90.0,15,0
SIM-00827,2025-07-27,2025-12-20,13.56,5,17.11,11.53,100,85,85.0,30,0
SIM-00827,2025-10-08,2025-12-20,13.67,5,14.65,12.6,150,135,90.0,45,0
SIM-00827,2025-12-10,2025-12-20,14.77,5,16.94,11.91,200,190,95.0,60,0
SIM-00828,2025-05-15,2025-12-20,12.61,5,13.99,11.6,50,45,90.0,15,0
SIM-00828,2025-07-27,2025-12-20,13.76,5,16.49,9.7,100,100,100.0,30,0
SIM-00828,2025-10-08,2025-12-20,15.05,5,18.52,13.43,150,140,93.33,45,0
SIM-00828,2025-12-10,2025-12-20,16.04,5,20.0,13.28,200,185,92.5,60,0
SIM-00829,2025-05-15,2025-12-20,10.55,5,11.71,8.16,50,30,60.0,15,1
SIM-00829,2025-07-27,2025-12-20,9.8,5,12.86,7.81,100,55,55.0,30,1
SIM-00829,2025-10-08,2025-12-20,9.38,5,13.6,6.59,150,95,63.33,45,1
SIM-00829,2025-12-10,2025-12-20,9.76,5,13.78,4.69,200,125,62.5,60,1
SIM-00830,2025-05-15,2025-12-20,11.49,5,15.96,8.77,50,45,90.0,15,0
SIM-00830,2025-07-27,2025-12-20,12.27,5,14.97,9.57,100,95,95.0,30,0
SIM-00830,2025-10-08,2025-12-20,13.04,5,16.72,9.93,150,140,93.33,45,0
SIM-00830,2025-12-10,2025-12-20,14.14,5,15.88,12.71,200,180,90.0,60,0
SIM-00831,2025-05-15,2025-12-20,9.05,5,14.03,6.36,50,35,70.0,15,1
SIM-00831,2025-07-27,2025-12-20,8.71,5,11.89,5.65,100,70,70.0,30,1
SIM-00831,2025-10-08,2025-12-20,8.78,5,10.2,7.02,150,105,70.0,45,1
SIM-00831,2025-12-10,2025-12-20,8.52,5,11.08,6.27,200,140,70.0,60,1
SIM-00832,2025-05-15,2025-12-20,13.3,5,15.21,11.49,50,50,100.0,15,1
SIM-00832,2025-07-27,2025-12-20,12.56,5,14.46,9.76,100,95,95.0,30,1
SIM-00832,2025-10-08,2025-12-20,12.7,5,15.3,11.33,150,140,93.33,45,1
SIM-00832,2025-12-10,2025-12-20,14.15,5,17.64,8.96,200,185,92.5,60,1
SIM-00833,2025-05-15,2025-12-20,12.75,5,14.62,9.78,50,45,90.0,15,1
SIM-00833,2025-07-27,2025-12-20,11.14,5,15.18,9.37,100,85,85.0,30,1
SIM-00833,2025-10-08,2025-12-20,13.86,5,16.06,10.96,150,130,86.67,45,1
SIM-00833,2025-12-10,2025-12-20,13.56,5,18.19,10.29,200,185,92.5,60,1
SIM-00834,2025-05-15,2025-12-20,9.97,5,12.38,7.41,50,35,70.0,15,1
SIM-00834,2025-07-27,2025-12-20,7.85,5,10.63,3.46,100,65,65.0,30,1
SIM-00834,2025-10-08,2025-12-20,9.09,5,13.12,6.76,150,115,76.67,45,1
SIM-00834,2025-12-10,2025-12-20,7.72,5,9.07,5.88,200,140,70.0,60,1
SIM-00835,2025-05-15,2025-12-20,11.14,5,13.71,9.57,50,40,80.0,15,1
SIM-00835,2025-07-27,2025-12-20,11.27,5,16.3,7.47,100,85,85.0,30,1
SIM-00835,2025-10-08,2025-12-20,10.13,5,16.44,6.34,150,125,83.33,45,1
SIM-00835,2025-12-10,2025-12-20,11.22,5,13.95,9.58,200,170,85.0,60,1
SIM-00836,2025-05-15,2025-12-20,11.26,5,11.98,10.46,50,45,90.0,15,1
SIM-00836,2025-07-27,2025-12-20,11.4,5,14.17,8.07,100,95,95.0,30,1
SIM-00836,2025-10-08,2025-12-20,10.07,5,13.4,7.28,150,130,86.67,45,1
SIM-00836,2025-12-10,2025-12-20,9.72,5,15.49,6.69,200,185,92.5,60,1
SIM-00837,2025-05-15,2025-12-20,10.16,5,12.12,7.55,50,50,100.0,15,1
SIM-00837,2025-07-27,2025-12-20,8.36,5,9.81,5.69,100,100,100.0,30,1
SIM-00837,2025-10-08,2025-12-20,8.81,5,12.16,5.04,150,130,86.67,45,1
SIM-00837,2025-12-10,2025-12-20,6.59,5,9.07,4.92,200,190,95.0,60,1
SIM-00838,2025-05-15,2025-12-20,12.68,5,15.72,9.55,50,30,60.0,15,0
SIM-00838,2025-07-27,2025-12-20,13.91,5,16.34,11.56,100,60,60.0,30,0
SIM-00838,2025-10-08,2025-12-20,13.82,5,14.62,12.73,150,85,56.67,45,0
SIM-00838,2025-12-10,2025-12-20,14.06,5,15.31,11.27,200,110,55.0,60,0
SIM-00839,2025-05-15,2025-12-20,13.17,5,14.54,11.95,50,35,70.0,15,0
SIM-00839,2025-07-27,2025-12-20,14.51,5,17.14,11.68,100,65,65.0,30,0
SIM-00839,2025-10-08,2025-12-20,15.5,5,18.98,12.42,150,90,60.0,45,0
SIM-00839,2025-12-10,2025-12-20,17.72,5,20.0,15.93,200,120,60.0,60,0
SIM-00840,2025-05-15,2025-12-20,11.19,5,12.6,8.72,50,35,70.0,15,0
SIM-00840,2025-07-27,2025-12-20,13.29,5,16.42,11.63,100,75,75.0,30,0
SIM-00840,2025-10-08,2025-12-20,14.32,5,17.17,10.07,150,110,73.33,45,0
SIM-00840,2025-12-10,2025-12-20,15.5,5,19.36,10.68,200,145,72.5,60,0
SIM-00841,2025-05-15,2025-12-20,12.53,5,13.14,12.0,50,45,90.0,15,0
SIM-00841,2025-07-27,2025-12-20,13.05,5,14.63,11.86,100,90,90.0,30,0
SIM-00841,2025-10-08,2025-12-20,16.28,5,20.0,13.47,150,145,96.67,45,0
SIM-00841,2025-12-10,2025-12-20,16.83,5,20.0,12.07,200,195,97.5,60,0
SIM-00842,2025-05-15,2025-12-20,12.6,5,15.45,10.45,50,45,90.0,15,0
SIM-00842,2025-07-27,2025-12-20,14.17,5,15.12,12.93,100,85,85.0,30,0
SIM-00842,2025-10-08,2025-12-20,14.78,5,17.46,12.18,150,140,93.33,45,0
SIM-00842,2025-12-10,2025-12-20,16.01,5,19.28,12.69,200,170,85.0,60,0
SIM-00843,2025-05-15,2025-12-20,12.27,5,14.62,9.3,50,40,80.0,15,0
SIM-00843,2025-07-27,2025-12-20,13.08,5,16.46,11.34,100,85,85.0,30,0
SIM-00843,2025-10-08,2025-12-20,14.17,5,15.13,13.43,150,120,80.0,45,0
SIM-00843,2025-12-10,2025-12-20,15.41,5,17.51,13.93,200,170,85.0,60,0
SIM-00844,2025-05-15,2025-12-20,13.5,5,17.32,10.09,50,40,80.0,15,0
SIM-00844,2025-07-27,2025-12-20,12.92,5,18.18,7.7,100,95,95.0,30,0
SIM-00844,2025-10-08,2025-12-20,15.57,5,16.42,13.73,150,135,90.0,45,0
SIM-00844,2025-12-10,2025-12-20,16.18,5,20.0,12.12,200,160,80.0,60,0
SIM-00845,2025-05-15,2025-12-20,10.83,5,14.91,7.18,50,35,70.0,15,1
SIM-00845,2025-07-27,2025-12-20,12.53,5,15.76,8.4,100,65,65.0,30,1
SIM-00845,2025-10-08,2025-12-20,13.87,5,18.08,6.71,150,100,66.67,45,1
SIM-00845,2025-12-10,2025-12-20,14.88,5,19.01,9.57,200,130,65.0,60,1
SIM-00846,2025-05-15,2025-12-20,11.91,5,12.96,10.7,50,40,80.0,15,1
SIM-00846,2025-07-27,2025-12-20,12.7,5,14.85,11.56,100,75,75.0,30,1
SIM-00846,2025-10-08,2025-12-20,13.38,5,16.77,9.19,150,115,76.67,45,1
SIM-00846,2025-12-10,2025-12-20,13.61,5,18.89,9.49,200,165,82.5,60,1
SIM-00847,2025-05-15,2025-12-20,10.61,5,11.65,9.5,50,35,70.0,15,1
SIM-00847,2025-07-27,2025-12-20,12.51,5,14.51,8.07,100,75,75.0,30,1
SIM-00847,2025-10-08,2025-12-20,13.25,5,19.19,9.68,150,110,73.33,45,1
SIM-00847,2025-12-10,2025-12-20,13.78,5,16.41,11.12,200,145,72.5,60,1
SIM-00848,2025-05-15,2025-12-20,12.64,5,13.6,11.87,50,20,40.0,15,0
SIM-00848,2025-07-27,2025-12-20,13.01,5,15.77,10.77,100,40,40.0,30,0
SIM-00848,2025-10-08,2025-12-20,14.07,5,17.24,12.1,150,75,50.0,45,0
SIM-00848,2025-12-10,2025-12-20,16.19,5,20.0,12.85,200,80,40.0,60,0
SIM-00849,2025-05-15,2025-12-20,12.16,5,13.19,11.08,50,40,80.0,15,0
SIM-00849,2025-07-27,2025-12-20,13.39,5,14.87,11.92,100,85,85.0,30,0
SIM-00849,2025-10-08,2025-12-20,13.62,5,17.28,8.85,150,120,80.0,45,0
SIM-00849,2025-12-10,2025-12-20,13.5,5,17.01,7.91,200,160,80.0,60,0
SIM-00850,2025-05-15,2025-12-20,9.83,5,13.01,6.52,50,40,80.0,15,1
SIM-00850,2025-07-27,2025-12-20,12.23,5,14.44,10.58,100,90,90.0,30,1
SIM-00850,2025-10-08,2025-12-20,11.27,5,14.61,8.08,150,135,90.0,45,1
SIM-00850,2025-12-10,2025-12-20,13.14,5,18.73,8.59,200,170,85.0,60,1
SIM-00851,2025-05-15,2025-12-20,12.94,5,17.12,7.62,50,40,80.0,15,0
SIM-00851,2025-07-27,2025-12-20,13.07,5,16.38,9.59,100,75,75.0,30,0
SIM-00851,2025-10-08,2025-12-20,15.58,5,17.77,11.35,150,120,80.0,45,0
SIM-00851,2025-12-10,2025-12-20,15.86,5,20.0,11.04,200,160,80.0,60,0
SIM-00852,2025-05-15,2025-12-20,12.68,5,15.34,10.58,50,45,90.0,15,1
SIM-00852,2025-07-27,2025-12-20,11.78,5,13.74,10.53,100,85,85.0,30,1
SIM-00852,2025-10-08,2025-12-20,12.68,5,18.43,9.46,150,140,93.33,45,1
SIM-00852,2025-12-10,2025-12-20,12.01,5,15.22,8.79,200,180,90.0,60,1
SIM-00853,2025-05-15,2025-12-20,12.6,5,15.08,10.21,50,45,90.0,15,0
SIM-00853,2025-07-27,2025-12-20,14.81,5,16.59,13.77,100,90,90.0,30,0
SIM-00853,2025-10-08,2025-12-20,15.88,5,18.11,13.84,150,135,90.0,45,0
SIM-00853,2025-12-10,2025-12-20,15.71,5,17.81,13.49,200,185,92.5,60,0
SIM-00854,2025-05-15,2025-12-20,11.23,5,15.07,7.82,50,45,90.0,15,1
SIM-00854,2025-07-27,2025-12-20,10.71,5,11.92,8.08,100,85,85.0,30,1
SIM-00854,2025-10-08,2025-12-20,10.03,5,11.92,6.27,150,135,90.0,45,1
SIM-00854,2025-12-10,2025-12-20,9.89,5,13.85,7.47,200,180,90.0,60,1
SIM-00855,2025-05-15,2025-12-20,13.22,5,14.26,11.02,50,35,70.0,15,0
SIM-00855,2025-07-27,2025-12-20,14.15,5,18.08,12.58,100,75,75.0,30,0
SIM-00855,2025-10-08,2025-12-20,15.55,5,18.41,13.99,150,115,76.67,45,0
SIM-00855,2025-12-10,2025-12-20,16.0,5,20.0,10.29,200,155,77.5,60,0
SIM-00856,2025-05-15,2025-12-20,13.34,5,14.77,10.81,50,40,80.0,15,0
SIM-00856,2025-07-27,2025-12-20,14.48,5,16.96,12.31,100,80,80.0,30,0
SIM-00856,2025-10-08,2025-12-20,16.22,5,18.52,13.4,150,115,76.67,45,0
SIM-00856,2025-12-10,2025-12-20,17.46,5,20.0,15.0,200,150,75.0,60,0
SIM-00857,2025-05-15,2025-12-20,10.72,5,13.9,9.66,50,45,90.0,15,1
SIM-00857,2025-07-27,2025-12-20,12.26,5,14.13,11.05,100,90,90.0,30,1
SIM-00857,2025-10-08,2025-12-20,13.46,5,16.74,11.63,150,145,96.67,45,1
SIM-00857,2025-12-10,2025-12-20,13.37,5,16.73,9.11,200,180,90.0,60,1
SIM-00858,2025-05-15,2025-12-20,11.71,5,12.93,9.99,50,40,80.0,15,0
SIM-00858,2025-07-27,2025-12-20,14.99,5,15.81,13.22,100,80,80.0,30,0
SIM-00858,2025-10-08,2025-12-20,15.27,5,18.46,13.56,150,115,76.67,45,0
SIM-00858,2025-12-10,2025-12-20,16.16,5,20.0,12.84,200,165,82.5,60,0
SIM-00859,2025-05-15,2025-12-20,12.37,5,13.23,11.13,50,35,70.0,15,0
SIM-00859,2025-07-27,2025-12-20,11.79,5,14.53,9.32,100,55,55.0,30,0
SIM-00859,2025-10-08,2025-12-20,13.86,5,18.29,10.55,150,85,56.67,45,0
SIM-00859,2025-12-10,2025-12-20,15.36,5,19.98,11.44,200,120,60.0,60,0
SIM-00860,2025-05-15,2025-12-20,11.28,5,12.54,8.36,50,45,90.0,15,1
SIM-00860,2025-07-27,2025-12-20,10.61,5,11.57,9.04,100,85,85.0,30,1
SIM-00860,2025-10-08,2025-12-20,12.66,5,13.71,11.4,150,135,90.0,45,1
SIM-00860,2025-12-10,2025-12-20,14.85,5,16.93,13.3,200,160,80.0,60,1
SIM-00861,2025-05-15,2025-12-20,11.54,5,13.04,9.24,50,35,70.0,15,0
SIM-00861,2025-07-27,2025-12-20,12.86,5,14.79,11.91,100,60,60.0,30,0
SIM-00861,2025-10-08,2025-12-20,14.1,5,16.59,11.96,150,95,63.33,45,0
SIM-00861,2025-12-10,2025-12-20,14.26,5,17.19,10.16,200,120,60.0,60,0
SIM-00862,2025-05-15,2025-12-20,13.04,5,14.41,10.09,50,45,90.0,15,1
SIM-00862,2025-07-27,2025-12-20,11.9,5,13.64,10.44,100,95,95.0,30,1
SIM-00862,2025-10-08,2025-12-20,14.06,5,18.36,10.34,150,140,93.33,45,1
SIM-00862,2025-12-10,2025-12-20,13.3,5,16.17,10.06,200,200,100.0,60,1
SIM-00863,2025-05-15,2025-12-20,10.23,5,12.71,8.89,50,40,80.0,15,1
SIM-00863,2025-07-27,2025-12-20,10.38,5,14.95,6.36,100,75,75.0,30,1
SIM-00863,2025-10-08,2025-12-20,9.26,5,11.66,6.07,150,115,76.67,45,1
SIM-00863,2025-12-10,2025-12-20,10.36,5,15.71,6.88,200,155,77.5,60,1
SIM-00864,2025-05-15,2025-12-20,9.99,5,11.84,7.89,50,45,90.0,15,1
SIM-00864,2025-07-27,2025-12-20,10.22,5,14.41,8.38,100,90,90.0,30,1
SIM-00864,2025-10-08,2025-12-20,9.52,5,11.43,7.53,150,130,86.67,45,1
SIM-00864,2025-12-10,2025-12-20,9.51,5,14.73,5.44,200,175,87.5,60,1
SIM-00865,2025-05-15,2025-12-20,12.13,5,14.0,10.48,50,40,80.0,15,1
SIM-00865,2025-07-27,2025-12-20,8.57,5,10.43,4.79,100,85,85.0,30,1
SIM-00865,2025-10-08,2025-12-20,9.2,5,14.36,2.95,150,140,93.33,45,1
SIM-00865,2025-12-10,2025-12-20,7.24,5,9.91,5.17,200,165,82.5,60,1
SIM-00866,2025-05-15,2025-12-20,13.45,5,15.0,12.06,50,40,80.0,15,1
SIM-00866,2025-07-27,2025-12-20,11.79,5,14.58,8.37,100,75,75.0,30,1
SIM-00866,2025-10-08,2025-12-20,13.26,5,19.83,9.29,150,115,76.67,45,1
SIM-00866,2025-12-10,2025-12-20,13.3,5,18.18,7.74,200,140,70.0,60,1
SIM-00867,2025-05-15,2025-12-20,12.39,5,15.43,8.87,50,30,60.0,15,0
SIM-00867,2025-07-27,2025-12-20,12.49,5,14.27,10.79,100,60,60.0,30,0
SIM-00867,2025-10-08,2025-12-20,11.88,5,14.9,9.16,150,90,60.0,45,0
SIM-00867,2025-12-10,2025-12-20,12.64,5,15.19,8.7,200,120,60.0,60,0
SIM-00868,2025-05-15,2025-12-20,10.85,5,15.41,8.62,50,40,80.0,15,1
SIM-00868,2025-07-27,2025-12-20,13.91,5,16.87,10.35,100,80,80.0,30,1
SIM-00868,2025-10-08,2025-12-20,12.13,5,17.84,7.34,150,125,83.33,45,1
SIM-00868,2025-12-10,2025-12-20,14.85,5,17.62,12.28,200,165,82.5,60,1
SIM-00869,2025-05-15,2025-12-20,10.78,5,13.76,9.71,50,45,90.0,15,1
SIM-00869,2025-07-27,2025-12-20,11.2,5,13.65,10.04,100,75,75.0,30,1
SIM-00869,2025-10-08,2025-12-20,8.45,5,10.83,5.53,150,130,86.67,45,1
SIM-00869,2025-12-10,2025-12-20,11.11,5,17.21,7.23,200,160,80.0,60,1
SIM-00870,2025-05-15,2025-12-20,12.53,5,13.22,11.39,50,45,90.0,15,1
SIM-00870,2025-07-27,2025-12-20,13.21,5,14.07,10.76,100,85,85.0,30,1
SIM-00870,2025-10-08,2025-12-20,14.28,5,17.71,11.03,150,130,86.67,45,1
SIM-00870,2025-12-10,2025-12-20,16.03,5,20.0,12.6,200,165,82.5,60,1
SIM-00871,2025-05-15,2025-12-20,12.17,5,14.73,9.3,50,50,100.0,15,1
SIM-00871,2025-07-27,2025-12-20,11.86,5,14.1,9.08,100,100,100.0,30,1
SIM-00871,2025-10-08,2025-12-20,9.79,5,13.59,7.27,150,150,100.0,45,1
SIM-00871,2025-12-10,2025-12-20,10.35,5,12.22,8.35,200,200,100.0,60,1
SIM-00872,2025-05-15,2025-12-20,11.78,5,13.58,10.46,50,35,70.0,15,1
SIM-00872,2025-07-27,2025-12-20,13.06,5,15.2,10.61,100,75,75.0,30,1
SIM-00872,2025-10-08,2025-12-20,12.14,5,16.26,9.03,150,120,80.0,45,1
SIM-00872,2025-12-10,2025-12-20,14.19,5,18.43,6.85,200,145,72.5,60,1
SIM-00873,2025-05-15,2025-12-20,10.34,5,11.57,8.65,50,30,60.0,15,1
SIM-00873,2025-07-27,2025-12-20,6.95,5,9.8,3.77,100,60,60.0,30,1
SIM-00873,2025-10-08,2025-12-20,6.81,5,10.68,3.2,150,85,56.67,45,1
SIM-00873,2025-12-10,2025-12-20,8.23,5,11.24,5.59,200,135,67.5,60,1
SIM-00874,2025-05-15,2025-12-20,13.64,5,15.02,12.09,50,45,90.0,15,0
SIM-00874,2025-07-27,2025-12-20,13.37,5,17.82,9.14,100,90,90.0,30,0
SIM-00874,2025-10-08,2025-12-20,14.18,5,16.76,11.15,150,130,86.67,45,0
SIM-00874,2025-12-10,2025-12-20,15.75,5,18.91,12.1,200,175,87.5,60,0
SIM-00875,2025-05-15,2025-12-20,14.19,5,17.67,11.85,50,40,80.0,15,0
SIM-00875,2025-07-27,2025-12-20,14.71,5,17.97,12.98,100,90,90.0,30,0
SIM-00875,2025-10-08,2025-12-20,17.39,5,19.67,15.07,150,130,86.67,45,0
SIM-00875,2025-12-10,2025-12-20,17.68,5,20.0,13.55,200,160,80.0,60,0
SIM-00876,2025-05-15,2025-12-20,11.09,5,13.78,9.17,50,40,80.0,15,1
SIM-00876,2025-07-27,2025-12-20,12.08,5,15.54,8.17,100,70,70.0,30,1
SIM-00876,2025-10-08,2025-12-20,12.04,5,15.37,7.37,150,110,73.33,45,1
SIM-00876,2025-12-10,2025-12-20,11.88,5,12.89,10.86,200,135,67.5,60,1
SIM-00877,2025-05-15,2025-12-20,11.13,5,13.56,8.75,50,45,90.0,15,1
SIM-00877,2025-07-27,2025-12-20,9.58,5,12.15,8.23,100,90,90.0,30,1
SIM-00877,2025-10-08,2025-12-20,10.35,5,12.76,8.0,150,135,90.0,45,1
SIM-00877,2025-12-10,2025-12-20,10.96,5,14.57,8.18,200,190,95.0,60,1
SIM-00878,2025-05-15,2025-12-20,12.02,5,13.72,9.27,50,40,80.0,15,0
SIM-00878,2025-07-27,2025-12-20,14.76,5,16.99,12.66,100,90,90.0,30,0
SIM-00878,2025-10-08,2025-12-20,17.18,5,20.0,13.47,150,125,83.33,45,0
SIM-00878,2025-12-10,2025-12-20,18.26,5,20.0,16.38,200,160,80.0,60,0
SIM-00879,2025-05-15,2025-12-20,12.67,5,14.34,11.2,50,50,100.0,15,1
SIM-00879,2025-07-27,2025-12-20,10.79,5,12.69,8.94,100,90,90.0,30,1
SIM-00879,2025-10-08,2025-12-20,13.52,5,15.55,10.3,150,145,96.67,45,1
SIM-00879,2025-12-10,2025-12-20,13.01,5,16.41,10.49,200,190,95.0,60,1
SIM-00880,2025-05-15,2025-12-20,12.34,5,14.83,9.76,50,40,80.0,15,1
SIM-00880,2025-07-27,2025-12-20,11.42,5,13.11,9.2,100,75,75.0,30,1
SIM-00880,2025-10-08,2025-12-20,11.75,5,14.63,5.5,150,105,70.0,45,1
SIM-00880,2025-12-10,2025-12-20,11.24,5,15.16,4.02,200,155,77.5,60,1
SIM-00881,2025-05-15,2025-12-20,11.05,5,13.96,9.44,50,45,90.0,15,1
SIM-00881,2025-07-27,2025-12-20,10.47,5,15.58,5.86,100,85,85.0,30,1
SIM-00881,2025-10-08,2025-12-20,13.49,5,17.06,6.72,150,115,76.67,45,1
SIM-00881,2025-12-10,2025-12-20,11.49,5,15.93,3.24,200,160,80.0,60,1
SIM-00882,2025-05-15,2025-12-20,12.4,5,16.97,10.18,50,40,80.0,15,0
SIM-00882,2025-07-27,2025-12-20,13.01,5,15.51,10.41,100,80,80.0,30,0
SIM-00882,2025-10-08,2025-12-20,13.93,5,15.5,11.94,150,120,80.0,45,0
SIM-00882,2025-12-10,2025-12-20,15.09,5,18.54,12.32,200,165,82.5,60,0
SIM-00883,2025-05-15,2025-12-20,12.12,5,13.45,10.59,50,45,90.0,15,0
SIM-00883,2025-07-27,2025-12-20,14.27,5,17.89,10.54,100,90,90.0,30,0
SIM-00883,2025-10-08,2025-12-20,16.36,5,19.48,13.28,150,125,83.33,45,0
SIM-00883,2025-12-10,2025-12-20,18.72,5,20.0,17.62,200,170,85.0,60,0
SIM-00884,2025-05-15,2025-12-20,11.39,5,12.8,8.65,50,40,80.0,15,1
SIM-00884,2025-07-27,2025-12-20,11.99,5,13.5,10.7,100,90,90.0,30,1
SIM-00884,2025-10-08,2025-12-20,12.97,5,17.13,9.4,150,125,83.33,45,1
SIM-00884,2025-12-10,2025-12-20,12.32,5,17.44,6.99,200,170,85.0,60,1
SIM-00885,2025-05-15,2025-12-20,10.91,5,14.62,8.06,50,50,100.0,15,0
SIM-00885,2025-07-27,2025-12-20,12.54,5,15.86,9.62,100,100,100.0,30,0
SIM-00885,2025-10-08,2025-12-20,12.16,5,16.02,8.26,150,140,93.33,45,0
SIM-00885,2025-12-10,2025-12-20,10.83,5,15.35,8.31,200,190,95.0,60,0
SIM-00886,2025-05-15,2025-12-20,13.04,5,15.22,11.67,50,45,90.0,15,0
SIM-00886,2025-07-27,2025-12-20,12.93,5,14.89,11.18,100,95,95.0,30,0
SIM-00886,2025-10-08,2025-12-20,16.55,5,20.0,14.82,150,135,90.0,45,0
SIM-00886,2025-12-10,2025-12-20,19.17,5,20.0,16.96,200,180,90.0,60,0
SIM-00887,2025-05-15,2025-12-20,10.3,5,11.63,8.64,50,45,90.0,15,1
SIM-00887,2025-07-27,2025-12-20,11.6,5,13.12,10.02,100,85,85.0,30,1
SIM-00887,2025-10-08,2025-12-20,10.64,5,13.57,6.38,150,120,80.0,45,1
SIM-00887,2025-12-10,2025-12-20,12.46,5,15.85,10.98,200,170,85.0,60,1
SIM-00888,2025-05-15,2025-12-20,12.46,5,18.16,9.0,50,40,80.0,15,0
SIM-00888,2025-07-27,2025-12-20,12.01,5,13.93,7.02,100,75,75.0,30,0
SIM-00888,2025-10-08,2025-12-20,12.6,5,14.61,10.94,150,120,80.0,45,0
SIM-00888,2025-12-10,2025-12-20,14.19,5,16.96,12.84,200,165,82.5,60,0
SIM-00889,2025-05-15,2025-12-20,11.93,5,13.01,11.48,50,25,50.0,15,0
SIM-00889,2025-07-27,2025-12-20,11.79,5,13.39,10.48,100,55,55.0,30,0
SIM-00889,2025-10-08,2025-12-20,12.76,5,13.95,11.15,150,75,50.0,45,0
SIM-00889,2025-12-10,2025-12-20,14.32,5,16.83,9.58,200,105,52.5,60,0
SIM-00890,2025-05-15,2025-12-20,11.02,5,12.74,8.88,50,45,90.0,15,1
SIM-00890,2025-07-27,2025-12-20,8.06,5,12.27,5.57,100,85,85.0,30,1
SIM-00890,2025-10-08,2025-12-20,6.98,5,12.1,4.89,150,135,90.0,45,1
SIM-00890,2025-12-10,2025-12-20,5.0,5,10.3,2.45,200,185,92.5,60,1
SIM-00891,2025-05-15,2025-12-20,11.41,5,14.24,7.73,50,45,90.0,15,0
SIM-00891,2025-07-27,2025-12-20,13.26,5,16.55,9.79,100,85,85.0,30,0
SIM-00891,2025-10-08,2025-12-20,15.57,5,16.85,13.83,150,140,93.33,45,0
SIM-00891,2025-12-10,2025-12-20,15.96,5,18.63,12.23,200,180,90.0,60,0
SIM-00892,2025-05-15,2025-12-20,11.69,5,17.65,7.93,50,35,70.0,15,0
SIM-00892,2025-07-27,2025-12-20,12.94,5,14.49,9.96,100,80,80.0,30,0
SIM-00892,2025-10-08,2025-12-20,16.18,5,20.0,14.06,150,110,73.33,45,0
SIM-00892,2025-12-10,2025-12-20,18.51,5,20.0,15.31,200,160,80.0,60,0
SIM-00893,2025-05-15,2025-12-20,12.77,5,13.59,11.66,50,40,80.0,15,1
SIM-00893,2025-07-27,2025-12-20,12.16,5,13.61,10.35,100,80,80.0,30,1
SIM-00893,2025-10-08,2025-12-20,12.7,5,15.81,10.96,150,120,80.0,45,1
SIM-00893,2025-12-10,2025-12-20,13.54,5,16.82,12.08,200,165,82.5,60,1
SIM-00894,2025-05-15,2025-12-20,12.62,5,14.15,11.06,50,50,100.0,15,1
SIM-00894,2025-07-27,2025-12-20,13.57,5,15.32,11.99,100,95,95.0,30,1
SIM-00894,2025-10-08,2025-12-20,11.63,5,13.82,9.19,150,150,100.0,45,1
SIM-00894,2025-12-10,2025-12-20,13.28,5,14.9,10.54,200,190,95.0,60,1
SIM-00895,2025-05-15,2025-12-20,12.74,5,15.04,8.66,50,45,90.0,15,0
SIM-00895,2025-07-27,2025-12-20,12.47,5,14.65,11.39,100,90,90.0,30,0
SIM-00895,2025-10-08,2025-12-20,14.84,5,18.12,11.1,150,125,83.33,45,0
SIM-00895,2025-12-10,2025-12-20,15.71,5,20.0,11.43,200,175,87.5,60,0
SIM-00896,2025-05-15,2025-12-20,11.33,5,13.66,8.61,50,40,80.0,15,1
SIM-00896,2025-07-27,2025-12-20,10.9,5,14.47,9.23,100,75,75.0,30,1
SIM-00896,2025-10-08,2025-12-20,12.9,5,17.39,8.52,150,115,76.67,45,1
SIM-00896,2025-12-10,2025-12-20,11.66,5,16.93,4.32,200,150,75.0,60,1
SIM-00897,2025-05-15,2025-12-20,11.42,5,12.87,9.95,50,45,90.0,15,1
SIM-00897,2025-07-27,2025-12-20,9.44,5,14.31,4.48,100,95,95.0,30,1
SIM-00897,2025-10-08,2025-12-20,10.05,5,14.02,5.72,150,140,93.33,45,1
SIM-00897,2025-12-10,2025-12-20,10.65,5,15.16,5.66,200,175,87.5,60,1
SIM-00898,2025-05-15,2025-12-20,12.81,5,13.73,12.07,50,35,70.0,15,0
SIM-00898,2025-07-27,2025-12-20,13.41,5,15.4,11.32,100,70,70.0,30,0
SIM-00898,2025-10-08,2025-12-20,12.72,5,15.93,9.52,150,125,83.33,45,0
SIM-00898,2025-12-10,2025-12-20,16.7,5,19.64,13.83,200,160,80.0,60,0
SIM-00899,2025-05-15,2025-12-20,10.1,5,11.53,8.74,50,35,70.0,15,1
SIM-00899,2025-07-27,2025-12-20,10.59,5,16.44,6.84,100,65,65.0,30,1
SIM-00899,2025-10-08,2025-12-20,10.58,5,14.5,7.4,150,115,76.67,45,1
SIM-00899,2025-12-10,2025-12-20,9.87,5,14.93,5.33,200,165,82.5,60,1
SIM-00900,2025-05-15,2025-12-20,9.52,5,11.93,7.33,50,40,80.0,15,1
SIM-00900,2025-07-27,2025-12-20,10.18,5,11.32,8.56,100,80,80.0,30,1
SIM-00900,2025-10-08,2025-12-20,9.64,5,11.88,5.96,150,120,80.0,45,1
SIM-00900,2025-12-10,2025-12-20,10.27,5,12.65,8.72,200,140,70.0,60,1
SIM-00901,2025-05-15,2025-12-20,11.8,5,16.71,8.52,50,30,60.0,15,1
SIM-00901,2025-07-27,2025-12-20,10.84,5,12.16,9.88,100,60,60.0,30,1
SIM-00901,2025-10-08,2025-12-20,11.02,5,14.24,7.87,150,105,70.0,45,1
SIM-00901,2025-12-10,2025-12-20,12.37,5,16.88,9.26,200,125,62.5,60,1
SIM-00902,2025-05-15,2025-12-20,12.31,5,13.78,10.25,50,45,90.0,15,0
SIM-00902,2025-07-27,2025-12-20,12.27,5,14.28,10.81,100,85,85.0,30,0
SIM-00902,2025-10-08,2025-12-20,13.3,5,15.82,9.37,150,130,86.67,45,0
SIM-00902,2025-12-10,2025-12-20,11.98,5,14.87,10.69,200,185,92.5,60,0
SIM-00903,2025-05-15,2025-12-20,10.45,5,13.15,6.76,50,40,80.0,15,1
SIM-00903,2025-07-27,2025-12-20,10.65,5,12.86,8.6,100,80,80.0,30,1
SIM-00903,2025-10-08,2025-12-20,8.45,5,10.75,6.51,150,130,86.67,45,1
SIM-00903,2025-12-10,2025-12-20,11.43,5,13.68,10.38,200,170,85.0,60,1
SIM-00904,2025-05-15,2025-12-20,12.0,5,13.94,10.56,50,40,80.0,15,0
SIM-00904,2025-07-27,2025-12-20,13.1,5,14.71,10.67,100,80,80.0,30,0
SIM-00904,2025-10-08,2025-12-20,13.95,5,15.73,11.89,150,110,73.33,45,0
SIM-00904,2025-12-10,2025-12-20,14.81,5,16.69,12.75,200,160,80.0,60,0
SIM-00905,2025-05-15,2025-12-20,13.96,5,16.46,12.33,50,40,80.0,15,0
SIM-00905,2025-07-27,2025-12-20,15.74,5,16.97,13.79,100,75,75.0,30,0
SIM-00905,2025-10-08,2025-12-20,17.09,5,20.0,14.73,150,115,76.67,45,0
SIM-00905,2025-12-10,2025-12-20,17.56,5,20.0,14.01,200,145,72.5,60,0
SIM-00906,2025-05-15,2025-12-20,10.37,5,12.61,9.2,50,30,60.0,15,1
SIM-00906,2025-07-27,2025-12-20,12.02,5,12.8,10.65,100,65,65.0,30,1
SIM-00906,2025-10-08,2025-12-20,11.45,5,13.54,9.87,150,90,60.0,45,1
SIM-00906,2025-12-10,2025-12-20,14.39,5,17.12,11.69,200,125,62.5,60,1
SIM-00907,2025-05-15,2025-12-20,10.87,5,11.67,9.75,50,30,60.0,15,1
SIM-00907,2025-07-27,2025-12-20,10.79,5,12.48,8.3,100,65,65.0,30,1
SIM-00907,2025-10-08,2025-12-20,8.25,5,11.46,5.25,150,100,66.67,45,1
SIM-00907,2025-12-10,2025-12-20,9.72,5,10.97,8.19,200,125,62.5,60,1
SIM-00908,2025-05-15,2025-12-20,10.8,5,12.24,8.17,50,40,80.0,15,1
SIM-00908,2025-07-27,2025-12-20,10.56,5,13.13,9.21,100,85,85.0,30,1
SIM-00908,2025-10-08,2025-12-20,12.27,5,13.96,9.03,150,130,86.67,45,1
SIM-00908,2025-12-10,2025-12-20,8.77,5,11.52,6.71,200,185,92.5,60,1
SIM-00909,2025-05-15,2025-12-20,10.89,5,12.09,9.53,50,50,100.0,15,1
SIM-00909,2025-07-27,2025-12-20,11.5,5,12.19,10.87,100,95,95.0,30,1
SIM-00909,2025-10-08,2025-12-20,9.22,5,12.74,7.0,150,145,96.67,45,1
SIM-00909,2025-12-10,2025-12-20,10.29,5,11.84,9.22,200,200,100.0,60,1
SIM-00910,2025-05-15,2025-12-20,10.35,5,11.52,9.49,50,35,70.0,15,1
SIM-00910,2025-07-27,2025-12-20,9.14,5,13.06,6.14,100,65,65.0,30,1
SIM-00910,2025-10-08,2025-12-20,8.67,5,11.92,2.53,150,100,66.67,45,1
SIM-00910,2025-12-10,2025-12-20,9.7,5,12.89,6.78,200,125,62.5,60,1
SIM-00911,2025-05-15,2025-12-20,11.55,5,15.02,9.93,50,35,70.0,15,1
SIM-00911,2025-07-27,2025-12-20,10.55,5,13.54,7.75,100,75,75.0,30,1
SIM-00911,2025-10-08,2025-12-20,11.4,5,14.3,10.01,150,105,70.0,45,1
SIM-00911,2025-12-10,2025-12-20,10.7,5,11.57,9.41,200,145,72.5,60,1
SIM-00912,2025-05-15,2025-12-20,11.42,5,14.43,8.36,50,40,80.0,15,1
SIM-00912,2025-07-27,2025-12-20,9.93,5,11.18,8.39,100,80,80.0,30,1
SIM-00912,2025-10-08,2025-12-20,10.75,5,13.47,6.83,150,130,86.67,45,1
SIM-00912,2025-12-10,2025-12-20,11.59,5,15.92,9.0,200,165,82.5,60,1
SIM-00913,2025-05-15,2025-12-20,10.03,5,11.18,9.4,50,35,70.0,15,1
SIM-00913,2025-07-27,2025-12-20,12.51,5,15.22,9.13,100,70,70.0,30,1
SIM-00913,2025-10-08,2025-12-20,10.53,5,11.82,6.97,150,105,70.0,45,1
SIM-00913,2025-12-10,2025-12-20,9.84,5,12.17,5.51,200,160,80.0,60,1
SIM-00914,2025-05-15,2025-12-20,9.75,5,12.87,5.04,50,40,80.0,15,1
SIM-00914,2025-07-27,2025-12-20,10.19,5,17.13,5.2,100,80,80.0,30,1
SIM-00914,2025-10-08,2025-12-20,10.01,5,12.75,7.9,150,120,80.0,45,1
SIM-00914,2025-12-10,2025-12-20,7.78,5,12.68,5.04,200,155,77.5,60,1
SIM-00915,2025-05-15,2025-12-20,12.93,5,14.65,11.35,50,50,100.0,15,0
SIM-00915,2025-07-27,2025-12-20,10.65,5,13.42,8.13,100,95,95.0,30,0
SIM-00915,2025-10-08,2025-12-20,11.29,5,12.91,8.63,150,150,100.0,45,0
SIM-00915,2025-12-10,2025-12-20,13.18,5,16.14,11.29,200,195,97.5,60,0
SIM-00916,2025-05-15,2025-12-20,11.33,5,13.39,10.03,50,25,50.0,15,1
SIM-00916,2025-07-27,2025-12-20,10.25,5,12.62,7.1,100,50,50.0,30,1
SIM-00916,2025-10-08,2025-12-20,12.49,5,20.0,8.64,150,80,53.33,45,1
SIM-00916,2025-12-10,2025-12-20,11.57,5,14.76,8.68,200,125,62.5,60,1
SIM-00917,2025-05-15,2025-12-20,11.12,5,13.94,9.49,50,50,100.0,15,1
SIM-00917,2025-07-27,2025-12-20,11.58,5,14.43,7.75,100,95,95.0,30,1
SIM-00917,2025-10-08,2025-12-20,10.94,5,12.94,8.16,150,135,90.0,45,1
SIM-00917,2025-12-10,2025-12-20,10.89,5,13.94,6.62,200,190,95.0,60,1
SIM-00918,2025-05-15,2025-12-20,9.26,5,11.14,5.23,50,35,70.0,15,1
SIM-00918,2025-07-27,2025-12-20,7.59,5,8.72,5.93,100,75,75.0,30,1
SIM-00918,2025-10-08,2025-12-20,6.71,5,7.87,5.61,150,95,63.33,45,1
SIM-00918,2025-12-10,2025-12-20,7.32,5,8.53,5.95,200,135,67.5,60,1
SIM-00919,2025-05-15,2025-12-20,9.03,5,11.9,7.17,50,40,80.0,15,1
SIM-00919,2025-07-27,2025-12-20,9.76,5,11.88,7.52,100,75,75.0,30,1
SIM-00919,2025-10-08,2025-12-20,10.17,5,11.52,8.59,150,125,83.33,45,1
SIM-00919,2025-12-10,2025-12-20,10.02,5,14.62,4.73,200,170,85.0,60,1
SIM-00920,2025-05-15,2025-12-20,12.96,5,15.17,11.24,50,40,80.0,15,1
SIM-00920,2025-07-27,2025-12-20,12.14,5,15.37,8.1,100,90,90.0,30,1
SIM-00920,2025-10-08,2025-12-20,12.58,5,14.61,10.13,150,130,86.67,45,1
SIM-00920,2025-12-10,2025-12-20,14.53,5,18.86,11.58,200,180,90.0,60,1
SIM-00921,2025-05-15,2025-12-20,11.65,5,13.34,10.21,50,50,100.0,15,1
SIM-00921,2025-07-27,2025-12-20,11.27,5,12.86,8.64,100,95,95.0,30,1
SIM-00921,2025-10-08,2025-12-20,12.59,5,15.8,8.54,150,150,100.0,45,1
SIM-00921,2025-12-10,2025-12-20,12.7,5,15.26,7.1,200,200,100.0,60,1
SIM-00922,2025-05-15,2025-12-20,9.48,5,12.83,6.26,50,30,60.0,15,1
SIM-00922,2025-07-27,2025-12-20,8.47,5,12.36,5.39,100,50,50.0,30,1
SIM-00922,2025-10-08,2025-12-20,7.62,5,9.39,5.65,150,85,56.67,45,1
SIM-00922,2025-12-10,2025-12-20,6.88,5,11.48,3.13,200,110,55.0,60,1
SIM-00923,2025-05-15,2025-12-20,9.13,5,11.44,6.48,50,45,90.0,15,1
SIM-00923,2025-07-27,2025-12-20,7.9,5,10.57,5.73,100,85,85.0,30,1
SIM-00923,2025-10-08,2025-12-20,7.74,5,11.46,4.96,150,130,86.67,45,1
SIM-00923,2025-12-10,2025-12-20,6.48,5,9.15,4.52,200,165,82.5,60,1
SIM-00924,2025-05-15,2025-12-20,11.54,5,12.94,9.71,50,35,70.0,15,1
SIM-00924,2025-07-27,2025-12-20,10.9,5,13.41,8.5,100,80,80.0,30,1
SIM-00924,2025-10-08,2025-12-20,10.48,5,16.23,4.78,150,115,76.67,45,1
SIM-00924,2025-12-10,2025-12-20,11.51,5,12.73,8.21,200,160,80.0,60,1
SIM-00925,2025-05-15,2025-12-20,11.29,5,13.19,8.6,50,40,80.0,15,0
SIM-00925,2025-07-27,2025-12-20,12.32,5,14.28,8.25,100,80,80.0,30,0
SIM-00925,2025-10-08,2025-12-20,15.19,5,16.73,13.71,150,120,80.0,45,0
SIM-00925,2025-12-10,2025-12-20,15.33,5,20.0,11.33,200,155,77.5,60,0
SIM-00926,2025-05-15,2025-12-20,10.47,5,13.4,7.03,50,40,80.0,15,0
SIM-00926,2025-07-27,2025-12-20,13.62,5,16.22,10.6,100,80,80.0,30,0
SIM-00926,2025-10-08,2025-12-20,14.47,5,16.81,11.01,150,115,76.67,45,0
SIM-00926,2025-12-10,2025-12-20,15.26,5,20.0,11.63,200,145,72.5,60,0
SIM-00927,2025-05-15,2025-12-20,10.04,5,11.45,7.89,50,50,100.0,15,1
SIM-00927,2025-07-27,2025-12-20,8.32,5,10.45,5.74,100,95,95.0,30,1
SIM-00927,2025-10-08,2025-12-20,9.28,5,11.76,4.23,150,145,96.67,45,1
SIM-00927,2025-12-10,2025-12-20,7.85,5,12.22,2.28,200,200,100.0,60,1
SIM-00928,2025-05-15,2025-12-20,11.92,5,15.04,9.35,50,45,90.0,15,1
SIM-00928,2025-07-27,2025-12-20,10.93,5,15.71,9.4,100,85,85.0,30,1
SIM-00928,2025-10-08,2025-12-20,11.77,5,16.01,7.55,150,130,86.67,45,1
SIM-00928,2025-12-10,2025-12-20,12.56,5,15.49,9.02,200,170,85.0,60,1
SIM-00929,2025-05-15,2025-12-20,11.06,5,12.02,9.78,50,45,90.0,15,1
SIM-00929,2025-07-27,2025-12-20,13.23,5,16.67,10.8,100,90,90.0,30,1
SIM-00929,2025-10-08,2025-12-20,12.95,5,15.76,8.84,150,140,93.33,45,1
SIM-00929,2025-12-10,2025-12-20,14.34,5,17.32,8.99,200,180,90.0,60,1
SIM-00930,2025-05-15,2025-12-20,10.38,5,13.2,8.21,50,45,90.0,15,1
SIM-00930,2025-07-27,2025-12-20,9.82,5,12.0,5.38,100,95,95.0,30,1
SIM-00930,2025-10-08,2025-12-20,11.15,5,12.84,8.51,150,135,90.0,45,1
SIM-00930,2025-12-10,2025-12-20,11.22,5,12.94,8.95,200,175,87.5,60,1
SIM-00931,2025-05-15,2025-12-20,12.42,5,16.2,10.11,50,40,80.0,15,0
SIM-00931,2025-07-27,2025-12-20,13.64,5,15.19,12.58,100,85,85.0,30,0
SIM-00931,2025-10-08,2025-12-20,14.7,5,19.37,8.81,150,120,80.0,45,0
SIM-00931,2025-12-10,2025-12-20,15.87,5,20.0,12.88,200,150,75.0,60,0
SIM-00932,2025-05-15,2025-12-20,11.09,5,13.03,7.76,50,45,90.0,15,1
SIM-00932,2025-07-27,2025-12-20,13.01,5,15.58,8.58,100,85,85.0,30,1
SIM-00932,2025-10-08,2025-12-20,11.73,5,15.36,6.82,150,130,86.67,45,1
SIM-00932,2025-12-10,2025-12-20,12.78,5,15.22,8.2,200,170,85.0,60,1
SIM-00933,2025-05-15,2025-12-20,8.17,5,9.64,6.08,50,35,70.0,15,1
SIM-00933,2025-07-27,2025-12-20,10.03,5,12.4,6.39,100,70,70.0,30,1
SIM-00933,2025-10-08,2025-12-20,9.72,5,12.74,6.87,150,110,73.33,45,1
SIM-00933,2025-12-10,2025-12-20,7.96,5,9.89,5.43,200,150,75.0,60,1
SIM-00934,2025-05-15,2025-12-20,11.5,5,13.95,9.57,50,30,60.0,15,1
SIM-00934,2025-07-27,2025-12-20,10.38,5,12.19,8.78,100,60,60.0,30,1
SIM-00934,2025-10-08,2025-12-20,12.02,5,14.23,11.0,150,95,63.33,45,1
SIM-00934,2025-12-10,2025-12-20,12.06,5,14.34,7.8,200,110,55.0,60,1
SIM-00935,2025-05-15,2025-12-20,10.2,5,12.7,8.13,50,35,70.0,15,1
SIM-00935,2025-07-27,2025-12-20,11.05,5,16.79,8.76,100,70,70.0,30,1
SIM-00935,2025-10-08,2025-12-20,12.18,5,16.4,5.37,150,95,63.33,45,1
SIM-00935,2025-12-10,2025-12-20,12.2,5,16.34,3.69,200,120,60.0,60,1
SIM-00936,2025-05-15,2025-12-20,11.48,5,13.16,9.2,50,35,70.0,15,1
SIM-00936,2025-07-27,2025-12-20,11.89,5,14.62,8.69,100,90,90.0,30,1
SIM-00936,2025-10-08,2025-12-20,12.0,5,18.88,7.44,150,115,76.67,45,1
SIM-00936,2025-12-10,2025-12-20,13.02,5,18.41,9.1,200,155,77.5,60,1
SIM-00937,2025-05-15,2025-12-20,10.46,5,12.86,7.82,50,35,70.0,15,1
SIM-00937,2025-07-27,2025-12-20,10.07,5,13.38,7.57,100,75,75.0,30,1
SIM-00937,2025-10-08,2025-12-20,9.01,5,12.72,4.91,150,110,73.33,45,1
SIM-00937,2025-12-10,2025-12-20,10.19,5,13.8,4.83,200,120,60.0,60,1
SIM-00938,2025-05-15,2025-12-20,10.08,5,12.76,8.49,50,25,50.0,15,1
SIM-00938,2025-07-27,2025-12-20,12.32,5,15.38,9.79,100,55,55.0,30,1
SIM-00938,2025-10-08,2025-12-20,11.98,5,14.79,9.29,150,80,53.33,45,1
SIM-00938,2025-12-10,2025-12-20,14.94,5,19.94,10.05,200,90,45.0,60,1
SIM-00939,2025-05-15,2025-12-20,13.2,5,15.01,11.47,50,45,90.0,15,1
SIM-00939,2025-07-27,2025-12-20,12.69,5,14.49,11.12,100,80,80.0,30,1
SIM-00939,2025-10-08,2025-12-20,13.18,5,17.71,7.26,150,135,90.0,45,1
SIM-00939,2025-12-10,2025-12-20,13.74,5,17.86,8.89,200,165,82.5,60,1
SIM-00940,2025-05-15,2025-12-20,10.7,5,12.43,8.89,50,45,90.0,15,1
SIM-00940,2025-07-27,2025-12-20,11.74,5,15.82,8.85,100,85,85.0,30,1
SIM-00940,2025-10-08,2025-12-20,12.63,5,19.36,8.86,150,125,83.33,45,1
SIM-00940,2025-12-10,2025-12-20,13.23,5,18.4,8.24,200,180,90.0,60,1
SIM-00941,2025-05-15,2025-12-20,11.48,5,13.45,8.5,50,35,70.0,15,1
SIM-00941,2025-07-27,2025-12-20,12.53,5,14.94,10.22,100,75,75.0,30,1
SIM-00941,2025-10-08,2025-12-20,11.42,5,14.92,9.78,150,115,76.67,45,1
SIM-00941,2025-12-10,2025-12-20,11.57,5,15.03,9.29,200,145,72.5,60,1
SIM-00942,2025-05-15,2025-12-20,12.51,5,13.49,10.97,50,40,80.0,15,0
SIM-00942,2025-07-27,2025-12-20,12.27,5,15.17,9.45,100,75,75.0,30,0
SIM-00942,2025-10-08,2025-12-20,13.55,5,18.34,10.51,150,125,83.33,45,0
SIM-00942,2025-12-10,2025-12-20,15.4,5,17.46,13.24,200,170,85.0,60,0
SIM-00943,2025-05-15,2025-12-20,12.81,5,14.67,10.02,50,50,100.0,15,0
SIM-00943,2025-07-27,2025-12-20,13.79,5,17.2,11.38,100,100,100.0,30,0
SIM-00943,2025-10-08,2025-12-20,15.65,5,18.05,13.01,150,145,96.67,45,0
SIM-00943,2025-12-10,2025-12-20,17.95,5,20.0,14.0,200,200,100.0,60,0
SIM-00944,2025-05-15,2025-12-20,10.67,5,11.6,9.06,50,40,80.0,15,0
SIM-00944,2025-07-27,2025-12-20,12.53,5,15.37,9.56,100,85,85.0,30,0
SIM-00944,2025-10-08,2025-12-20,14.79,5,18.66,10.95,150,120,80.0,45,0
SIM-00944,2025-12-10,2025-12-20,14.55,5,19.87,10.14,200,160,80.0,60,0
SIM-00945,2025-05-15,2025-12-20,10.17,5,12.01,7.31,50,45,90.0,15,1
SIM-00945,2025-07-27,2025-12-20,9.11,5,12.15,4.85,100,90,90.0,30,1
SIM-00945,2025-10-08,2025-12-20,8.84,5,11.76,2.68,150,140,93.33,45,1
SIM-00945,2025-12-10,2025-12-20,8.47,5,11.89,3.06,200,190,95.0,60,1
SIM-00946,2025-05-15,2025-12-20,12.29,5,15.19,7.98,50,35,70.0,15,1
SIM-00946,2025-07-27,2025-12-20,12.87,5,16.21,10.97,100,70,70.0,30,1
SIM-00946,2025-10-08,2025-12-20,13.81,5,16.62,10.87,150,110,73.33,45,1
SIM-00946,2025-12-10,2025-12-20,15.6,5,20.0,12.81,200,140,70.0,60,1
SIM-00947,2025-05-15,2025-12-20,12.23,5,15.04,9.59,50,45,90.0,15,0
SIM-00947,2025-07-27,2025-12-20,14.82,5,17.41,13.83,100,95,95.0,30,0
SIM-00947,2025-10-08,2025-12-20,13.72,5,17.25,11.52,150,150,100.0,45,0
SIM-00947,2025-12-10,2025-12-20,14.56,5,16.9,13.05,200,190,95.0,60,0
SIM-00948,2025-05-15,2025-12-20,11.76,5,12.73,10.35,50,35,70.0,15,1
SIM-00948,2025-07-27,2025-12-20,12.81,5,16.35,9.1,100,80,80.0,30,1
SIM-00948,2025-10-08,2025-12-20,10.66,5,13.0,5.87,150,115,76.67,45,1
SIM-00948,2025-12-10,2025-12-20,10.27,5,14.31,6.72,200,180,90.0,60,1
SIM-00949,2025-05-15,2025-12-20,11.49,5,13.34,10.62,50,45,90.0,15,0
SIM-00949,2025-07-27,2025-12-20,13.91,5,16.59,10.93,100,90,90.0,30,0
SIM-00949,2025-10-08,2025-12-20,14.81,5,16.71,11.72,150,145,96.67,45,0
SIM-00949,2025-12-10,2025-12-20,16.68,5,18.93,14.66,200,180,90.0,60,0
SIM-00950,2025-05-15,2025-12-20,10.75,5,13.07,9.37,50,45,90.0,15,1
SIM-00950,2025-07-27,2025-12-20,12.44,5,14.96,10.6,100,90,90.0,30,1
SIM-00950,2025-10-08,2025-12-20,11.44,5,13.55,8.22,150,135,90.0,45,1
SIM-00950,2025-12-10,2025-12-20,10.89,5,13.3,9.13,200,180,90.0,60,1
SIM-00951,2025-05-15,2025-12-20,9.48,5,11.12,7.42,50,35,70.0,15,1
SIM-00951,2025-07-27,2025-12-20,10.17,5,12.61,5.86,100,70,70.0,30,1
SIM-00951,2025-10-08,2025-12-20,10.23,5,11.95,7.9,150,105,70.0,45,1
SIM-00951,2025-12-10,2025-12-20,9.63,5,10.89,8.35,200,145,72.5,60,1
SIM-00952,2025-05-15,2025-12-20,9.67,5,11.38,7.64,50,45,90.0,15,1
SIM-00952,2025-07-27,2025-12-20,11.31,5,14.95,6.25,100,95,95.0,30,1
SIM-00952,2025-10-08,2025-12-20,11.29,5,14.13,9.48,150,150,100.0,45,1
SIM-00952,2025-12-10,2025-12-20,12.11,5,14.5,9.97,200,185,92.5,60,1
SIM-00953,2025-05-15,2025-12-20,12.17,5,15.24,9.26,50,40,80.0,15,0
SIM-00953,2025-07-27,2025-12-20,12.93,5,18.25,9.69,100,80,80.0,30,0
SIM-00953,2025-10-08,2025-12-20,14.02,5,18.14,11.11,150,125,83.33,45,0
SIM-00953,2025-12-10,2025-12-20,16.86,5,18.77,14.72,200,170,85.0,60,0
SIM-00954,2025-05-15,2025-12-20,12.57,5,15.71,8.95,50,40,80.0,15,0
SIM-00954,2025-07-27,2025-12-20,12.05,5,16.8,7.86,100,85,85.0,30,0
SIM-00954,2025-10-08,2025-12-20,12.78,5,15.29,10.83,150,130,86.67,45,0
SIM-00954,2025-12-10,2025-12-20,13.63,5,19.33,11.21,200,165,82.5,60,0
SIM-00955,2025-05-15,2025-12-20,12.69,5,15.47,10.99,50,30,60.0,15,0
SIM-00955,2025-07-27,2025-12-20,14.73,5,16.06,13.86,100,70,70.0,30,0
SIM-00955,2025-10-08,2025-12-20,14.53,5,15.63,13.52,150,90,60.0,45,0
SIM-00955,2025-12-10,2025-12-20,15.06,5,18.12,10.97,200,135,67.5,60,0
SIM-00956,2025-05-15,2025-12-20,13.88,5,15.86,11.78,50,40,80.0,15,1
SIM-00956,2025-07-27,2025-12-20,11.86,5,16.07,8.94,100,85,85.0,30,1
SIM-00956,2025-10-08,2025-12-20,13.17,5,16.03,8.38,150,120,80.0,45,1
SIM-00956,2025-12-10,2025-12-20,14.37,5,17.38,6.97,200,155,77.5,60,1
SIM-00957,2025-05-15,2025-12-20,11.87,5,14.75,9.58,50,40,80.0,15,0
SIM-00957,2025-07-27,2025-12-20,12.1,5,16.35,9.44,100,75,75.0,30,0
SIM-00957,2025-10-08,2025-12-20,15.43,5,17.19,13.26,150,130,86.67,45,0
SIM-00957,2025-12-10,2025-12-20,15.27,5,20.0,12.07,200,150,75.0,60,0
SIM-00958,2025-05-15,2025-12-20,9.11,5,11.24,7.37,50,40,80.0,15,1
SIM-00958,2025-07-27,2025-12-20,10.77,5,13.26,8.1,100,85,85.0,30,1
SIM-00958,2025-10-08,2025-12-20,10.76,5,13.09,7.84,150,125,83.33,45,1
SIM-00958,2025-12-10,2025-12-20,11.01,5,13.06,5.5,200,175,87.5,60,1
SIM-00959,2025-05-15,2025-12-20,11.63,5,12.26,11.21,50,50,100.0,15,0
SIM-00959,2025-07-27,2025-12-20,12.95,5,14.58,10.39,100,90,90.0,30,0
SIM-00959,2025-10-08,2025-12-20,12.98,5,15.68,8.68,150,135,90.0,45,0
SIM-00959,2025-12-10,2025-12-20,14.91,5,17.28,10.72,200,185,92.5,60,0
SIM-00960,2025-05-15,2025-12-20,11.77,5,14.24,9.89,50,35,70.0,15,1
SIM-00960,2025-07-27,2025-12-20,11.93,5,16.61,7.7,100,70,70.0,30,1
SIM-00960,2025-10-08,2025-12-20,11.76,5,18.02,8.25,150,105,70.0,45,1
SIM-00960,2025-12-10,2025-12-20,11.59,5,15.5,6.07,200,140,70.0,60,1
SIM-00961,2025-05-15,2025-12-20,12.17,5,13.43,9.18,50,40,80.0,15,0
SIM-00961,2025-07-27,2025-12-20,12.07,5,14.59,7.83,100,85,85.0,30,0
SIM-00961,2025-10-08,2025-12-20,13.85,5,16.41,11.43,150,125,83.33,45,0
SIM-00961,2025-12-10,2025-12-20,14.2,5,18.74,9.92,200,175,87.5,60,0
SIM-00962,2025-05-15,2025-12-20,12.44,5,14.44,11.27,50,45,90.0,15,0
SIM-00962,2025-07-27,2025-12-20,12.98,5,14.2,10.8,100,90,90.0,30,0
SIM-00962,2025-10-08,2025-12-20,15.6,5,18.58,11.55,150,140,93.33,45,0
SIM-00962,2025-12-10,2025-12-20,16.33,5,20.0,10.96,200,180,90.0,60,0
SIM-00963,2025-05-15,2025-12-20,11.8,5,14.36,8.44,50,45,90.0,15,1
SIM-00963,2025-07-27,2025-12-20,13.97,5,17.6,10.37,100,100,100.0,30,1
SIM-00963,2025-10-08,2025-12-20,12.58,5,13.75,10.08,150,145,96.67,45,1
SIM-00963,2025-12-10,2025-12-20,14.13,5,17.37,11.89,200,185,92.5,60,1
SIM-00964,2025-05-15,2025-12-20,10.15,5,12.37,7.94,50,45,90.0,15,1
SIM-00964,2025-07-27,2025-12-20,11.77,5,13.32,9.54,100,90,90.0,30,1
SIM-00964,2025-10-08,2025-12-20,12.3,5,15.96,8.18,150,135,90.0,45,1
SIM-00964,2025-12-10,2025-12-20,10.68,5,13.64,8.28,200,185,92.5,60,1
SIM-00965,2025-05-15,2025-12-20,10.33,5,13.04,8.4,50,35,70.0,15,1
SIM-00965,2025-07-27,2025-12-20,12.38,5,13.41,10.99,100,65,65.0,30,1
SIM-00965,2025-10-08,2025-12-20,13.77,5,16.67,11.4,150,105,70.0,45,1
SIM-00965,2025-12-10,2025-12-20,10.83,5,13.59,8.94,200,150,75.0,60,1
SIM-00966,2025-05-15,2025-12-20,11.52,5,13.0,9.81,50,50,100.0,15,1
SIM-00966,2025-07-27,2025-12-20,11.55,5,12.76,10.39,100,100,100.0,30,1
SIM-00966,2025-10-08,2025-12-20,12.12,5,13.65,9.0,150,135,90.0,45,1
SIM-00966,2025-12-10,2025-12-20,10.9,5,14.29,8.65,200,195,97.5,60,1
SIM-00967,2025-05-15,2025-12-20,12.12,5,13.64,10.8,50,40,80.0,15,1
SIM-00967,2025-07-27,2025-12-20,11.13,5,13.25,8.77,100,75,75.0,30,1
SIM-00967,2025-10-08,2025-12-20,12.49,5,14.63,10.82,150,115,76.67,45,1
SIM-00967,2025-12-10,2025-12-20,13.88,5,15.92,10.48,200,160,80.0,60,1
SIM-00968,2025-05-15,2025-12-20,10.38,5,11.36,9.16,50,45,90.0,15,1
SIM-00968,2025-07-27,2025-12-20,12.27,5,14.31,7.27,100,85,85.0,30,1
SIM-00968,2025-10-08,2025-12-20,11.51,5,14.62,7.12,150,125,83.33,45,1
SIM-00968,2025-12-10,2025-12-20,11.88,5,17.24,6.13,200,175,87.5,60,1
SIM-00969,2025-05-15,2025-12-20,12.11,5,13.54,10.05,50,50,100.0,15,0
SIM-00969,2025-07-27,2025-12-20,12.89,5,15.04,9.86,100,90,90.0,30,0
SIM-00969,2025-10-08,2025-12-20,12.33,5,14.17,10.01,150,135,90.0,45,0
SIM-00969,2025-12-10,2025-12-20,13.84,5,15.69,12.13,200,195,97.5,60,0
SIM-00970,2025-05-15,2025-12-20,11.89,5,14.24,9.23,50,30,60.0,15,1
SIM-00970,2025-07-27,2025-12-20,13.07,5,15.31,11.05,100,60,60.0,30,1
SIM-00970,2025-10-08,2025-12-20,13.77,5,18.04,6.57,150,100,66.67,45,1
SIM-00970,2025-12-10,2025-12-20,15.14,5,19.08,11.9,200,130,65.0,60,1
SIM-00971,2025-05-15,2025-12-20,13.05,5,14.85,11.3,50,45,90.0,15,0
SIM-00971,2025-07-27,2025-12-20,13.83,5,17.07,9.74,100,85,85.0,30,0
SIM-00971,2025-10-08,2025-12-20,16.35,5,17.94,14.28,150,140,93.33,45,0
SIM-00971,2025-12-10,2025-12-20,15.89,5,20.0,11.17,200,180,90.0,60,0
SIM-00972,2025-05-15,2025-12-20,11.5,5,14.17,9.45,50,40,80.0,15,1
SIM-00972,2025-07-27,2025-12-20,10.18,5,11.44,8.06,100,80,80.0,30,1
SIM-00972,2025-10-08,2025-12-20,11.42,5,15.06,7.36,150,120,80.0,45,1
SIM-00972,2025-12-10,2025-12-20,12.37,5,16.75,8.45,200,155,77.5,60,1
SIM-00973,2025-05-15,2025-12-20,10.29,5,12.65,8.97,50,45,90.0,15,1
SIM-00973,2025-07-27,2025-12-20,13.29,5,14.35,11.64,100,95,95.0,30,1
SIM-00973,2025-10-08,2025-12-20,12.24,5,14.67,8.7,150,145,96.67,45,1
SIM-00973,2025-12-10,2025-12-20,13.62,5,16.27,8.63,200,180,90.0,60,1
SIM-00974,2025-05-15,2025-12-20,10.91,5,12.15,9.55,50,40,80.0,15,1
SIM-00974,2025-07-27,2025-12-20,9.99,5,11.03,9.2,100,75,75.0,30,1
SIM-00974,2025-10-08,2025-12-20,9.23,5,13.88,3.66,150,125,83.33,45,1
SIM-00974,2025-12-10,2025-12-20,8.61,5,9.87,6.46,200,165,82.5,60,1
SIM-00975,2025-05-15,2025-12-20,11.07,5,12.74,9.48,50,50,100.0,15,1
SIM-00975,2025-07-27,2025-12-20,11.66,5,16.41,6.1,100,95,95.0,30,1
SIM-00975,2025-10-08,2025-12-20,11.63,5,16.11,9.4,150,150,100.0,45,1
SIM-00975,2025-12-10,2025-12-20,10.27,5,13.88,7.71,200,200,100.0,60,1
SIM-00976,2025-05-15,2025-12-20,10.19,5,11.12,8.34,50,40,80.0,15,1
SIM-00976,2025-07-27,2025-12-20,13.86,5,19.15,9.41,100,75,75.0,30,1
SIM-00976,2025-10-08,2025-12-20,14.95,5,18.07,11.11,150,110,73.33,45,1
SIM-00976,2025-12-10,2025-12-20,15.35,5,19.16,11.32,200,160,80.0,60,1
SIM-00977,2025-05-15,2025-12-20,12.74,5,14.5,11.02,50,45,90.0,15,0
SIM-00977,2025-07-27,2025-12-20,14.96,5,17.2,11.43,100,95,95.0,30,0
SIM-00977,2025-10-08,2025-12-20,17.0,5,20.0,12.08,150,125,83.33,45,0
SIM-00977,2025-12-10,2025-12-20,17.44,5,20.0,11.43,200,175,87.5,60,0
SIM-00978,2025-05-15,2025-12-20,11.66,5,14.43,9.58,50,45,90.0,15,1
SIM-00978,2025-07-27,2025-12-20,10.43,5,12.7,6.88,100,80,80.0,30,1
SIM-00978,2025-10-08,2025-12-20,12.19,5,16.92,7.46,150,120,80.0,45,1
SIM-00978,2025-12-10,2025-12-20,11.84,5,14.34,10.17,200,160,80.0,60,1
SIM-00979,2025-05-15,2025-12-20,12.04,5,13.58,8.8,50,40,80.0,15,0
SIM-00979,2025-07-27,2025-12-20,12.79,5,15.01,8.58,100,80,80.0,30,0
SIM-00979,2025-10-08,2025-12-20,15.8,5,18.65,13.75,150,120,80.0,45,0
SIM-00979,2025-12-10,2025-12-20,17.07,5,20.0,14.22,200,160,80.0,60,0
SIM-00980,2025-05-15,2025-12-20,10.88,5,12.85,9.1,50,50,100.0,15,1
SIM-00980,2025-07-27,2025-12-20,12.71,5,14.72,9.94,100,90,90.0,30,1
SIM-00980,2025-10-08,2025-12-20,12.44,5,16.39,10.27,150,140,93.33,45,1
SIM-00980,2025-12-10,2025-12-20,13.23,5,16.4,10.23,200,180,90.0,60,1
SIM-00981,2025-05-15,2025-12-20,10.71,5,11.83,9.23,50,40,80.0,15,1
SIM-00981,2025-07-27,2025-12-20,10.91,5,12.87,8.51,100,80,80.0,30,1
SIM-00981,2025-10-08,2025-12-20,11.78,5,13.13,10.48,150,125,83.33,45,1
SIM-00981,2025-12-10,2025-12-20,10.96,5,14.79,7.61,200,140,70.0,60,1
SIM-00982,2025-05-15,2025-12-20,11.52,5,13.49,9.81,50,50,100.0,15,1
SIM-00982,2025-07-27,2025-12-20,11.49,5,13.57,9.23,100,95,95.0,30,1
SIM-00982,2025-10-08,2025-12-20,12.22,5,14.11,9.86,150,150,100.0,45,1
SIM-00982,2025-12-10,2025-12-20,12.23,5,14.43,8.78,200,195,97.5,60,1
SIM-00983,2025-05-15,2025-12-20,12.63,5,14.83,11.0,50,30,60.0,15,0
SIM-00983,2025-07-27,2025-12-20,14.12,5,17.35,11.21,100,60,60.0,30,0
SIM-00983,2025-10-08,2025-12-20,16.7,5,19.17,14.54,150,100,66.67,45,0
SIM-00983,2025-12-10,2025-12-20,18.28,5,20.0,17.03,200,125,62.5,60,0
SIM-00984,2025-05-15,2025-12-20,10.25,5,12.91,6.39,50,45,90.0,15,1
SIM-00984,2025-07-27,2025-12-20,11.42,5,14.76,10.3,100,90,90.0,30,1
SIM-00984,2025-10-08,2025-12-20,11.6,5,13.76,8.25,150,130,86.67,45,1
SIM-00984,2025-12-10,2025-12-20,10.5,5,12.95,9.47,200,170,85.0,60,1
SIM-00985,2025-05-15,2025-12-20,11.33,5,14.81,8.37,50,45,90.0,15,0
SIM-00985,2025-07-27,2025-12-20,12.25,5,14.56,10.08,100,90,90.0,30,0
SIM-00985,2025-10-08,2025-12-20,14.07,5,17.99,12.12,150,125,83.33,45,0
SIM-00985,2025-12-10,2025-12-20,13.85,5,18.19,11.8,200,180,90.0,60,0
SIM-00986,2025-05-15,2025-12-20,11.2,5,12.11,10.27,50,45,90.0,15,0
SIM-00986,2025-07-27,2025-12-20,13.71,5,17.35,8.52,100,95,95.0,30,0
SIM-00986,2025-10-08,2025-12-20,14.65,5,17.32,12.95,150,130,86.67,45,0
SIM-00986,2025-12-10,2025-12-20,15.35,5,17.98,11.06,200,165,82.5,60,0
SIM-00987,2025-05-15,2025-12-20,11.19,5,13.92,9.18,50,40,80.0,15,0
SIM-00987,2025-07-27,2025-12-20,14.32,5,17.6,11.91,100,75,75.0,30,0
SIM-00987,2025-10-08,2025-12-20,13.03,5,18.71,11.0,150,130,86.67,45,0
SIM-00987,2025-12-10,2025-12-20,14.05,5,16.77,9.68,200,160,80.0,60,0
SIM-00988,2025-05-15,2025-12-20,12.71,5,15.61,9.84,50,35,70.0,15,0
SIM-00988,2025-07-27,2025-12-20,11.79,5,14.24,9.88,100,75,75.0,30,0
SIM-00988,2025-10-08,2025-12-20,14.57,5,17.15,11.38,150,105,70.0,45,0
SIM-00988,2025-12-10,2025-12-20,16.06,5,17.11,13.93,200,140,70.0,60,0
SIM-00989,2025-05-15,2025-12-20,12.42,5,13.73,11.11,50,35,70.0,15,1
SIM-00989,2025-07-27,2025-12-20,12.29,5,14.5,9.02,100,75,75.0,30,1
SIM-00989,2025-10-08,2025-12-20,12.74,5,14.85,10.28,150,110,73.33,45,1
SIM-00989,2025-12-10,2025-12-20,12.1,5,15.55,9.73,200,145,72.5,60,1
SIM-00990,2025-05-15,2025-12-20,11.29,5,13.35,10.11,50,35,70.0,15,1
SIM-00990,2025-07-27,2025-12-20,12.46,5,14.46,10.2,100,75,75.0,30,1
SIM-00990,2025-10-08,2025-12-20,13.2,5,16.49,9.57,150,115,76.67,45,1
SIM-00990,2025-12-10,2025-12-20,12.8,5,17.72,8.04,200,150,75.0,60,1
SIM-00991,2025-05-15,2025-12-20,11.32,5,12.69,9.38,50,45,90.0,15,0
SIM-00991,2025-07-27,2025-12-20,13.82,5,16.31,11.04,100,95,95.0,30,0
SIM-00991,2025-10-08,2025-12-20,14.2,5,16.4,12.03,150,135,90.0,45,0
SIM-00991,2025-12-10,2025-12-20,16.31,5,18.21,12.96,200,190,95.0,60,0
SIM-00992,2025-05-15,2025-12-20,10.21,5,12.42,8.17,50,30,60.0,15,1
SIM-00992,2025-07-27,2025-12-20,11.19,5,13.85,8.82,100,60,60.0,30,1
SIM-00992,2025-10-08,2025-12-20,9.7,5,12.39,6.7,150,100,66.67,45,1
SIM-00992,2025-12-10,2025-12-20,9.44,5,14.2,4.1,200,125,62.5,60,1
SIM-00993,2025-05-15,2025-12-20,11.48,5,13.22,10.55,50,25,50.0,15,1
SIM-00993,2025-07-27,2025-12-20,11.43,5,12.94,8.69,100,50,50.0,30,1
SIM-00993,2025-10-08,2025-12-20,12.95,5,14.68,9.99,150,70,46.67,45,1
SIM-00993,2025-12-10,2025-12-20,12.54,5,14.14,8.22,200,100,50.0,60,1
SIM-00994,2025-05-15,2025-12-20,13.62,5,17.61,11.56,50,45,90.0,15,0
SIM-00994,2025-07-27,2025-12-20,15.79,5,18.38,12.89,100,90,90.0,30,0
SIM-00994,2025-10-08,2025-12-20,16.96,5,18.22,15.82,150,130,86.67,45,0
SIM-00994,2025-12-10,2025-12-20,19.8,5,20.0,19.47,200,165,82.5,60,0
SIM-00995,2025-05-15,2025-12-20,13.07,5,14.3,10.33,50,40,80.0,15,0
SIM-00995,2025-07-27,2025-12-20,14.14,5,16.37,12.16,100,85,85.0,30,0
SIM-00995,2025-10-08,2025-12-20,14.12,5,17.73,10.3,150,125,83.33,45,0
SIM-00995,2025-12-10,2025-12-20,14.35,5,16.21,13.07,200,170,85.0,60,0
SIM-00996,2025-05-15,2025-12-20,10.38,5,11.92,7.68,50,35,70.0,15,1
SIM-00996,2025-07-27,2025-12-20,9.82,5,10.63,8.64,100,75,75.0,30,1
SIM-00996,2025-10-08,2025-12-20,10.33,5,12.06,7.47,150,115,76.67,45,1
SIM-00996,2025-12-10,2025-12-20,8.78,5,13.69,5.05,200,160,80.0,60,1
SIM-00997,2025-05-15,2025-12-20,11.25,5,13.41,8.37,50,45,90.0,15,1
SIM-00997,2025-07-27,2025-12-20,12.07,5,15.5,8.57,100,95,95.0,30,1
SIM-00997,2025-10-08,2025-12-20,13.3,5,16.46,10.27,150,135,90.0,45,1
SIM-00997,2025-12-10,2025-12-20,12.95,5,15.88,9.26,200,160,80.0,60,1
SIM-00998,2025-05-15,2025-12-20,8.68,5,11.38,5.44,50,40,80.0,15,1
SIM-00998,2025-07-27,2025-12-20,7.67,5,10.52,5.39,100,90,90.0,30,1
SIM-00998,2025-10-08,2025-12-20,6.9,5,12.6,3.66,150,140,93.33,45,1
SIM-00998,2025-12-10,2025-12-20,6.56,5,9.88,3.7,200,185,92.5,60,1
SIM-00999,2025-05-15,2025-12-20,11.23,5,14.83,8.15,50,50,100.0,15,1
SIM-00999,2025-07-27,2025-12-20,12.48,5,15.48,8.66,100,90,90.0,30,1
SIM-00999,2025-10-08,2025-12-20,11.96,5,14.32,9.92,150,150,100.0,45,1
SIM-00999,2025-12-10,2025-12-20,11.53,5,13.39,10.94,200,180,90.0,60,1
SIM-01000,2025-05-15,2025-12-20,11.42,5,13.46,9.55,50,45,90.0,15,1
SIM-01000,2025-07-27,2025-12-20,8.94,5,10.8,6.99,100,90,90.0,30,1
SIM-01000,2025-10-08,2025-12-20,9.09,5,13.33,5.87,150,150,100.0,45,1
SIM-01000,2025-12-10,2025-12-20,8.96,5,10.54,5.75,200,185,92.5,60,1
SIM-01001,2025-05-15,2025-12-20,10.79,5,13.38,9.54,50,40,80.0,15,0
SIM-01001,2025-07-27,2025-12-20,12.27,5,13.4,10.75,100,80,80.0,30,0
SIM-01001,2025-10-08,2025-12-20,13.01,5,15.3,8.74,150,125,83.33,45,0
SIM-01001,2025-12-10,2025-12-20,13.3,5,17.69,11.08,200,160,80.0,60,0
SIM-01002,2025-05-15,2025-12-20,12.9,5,13.74,12.0,50,40,80.0,15,0
SIM-01002,2025-07-27,2025-12-20,13.33,5,14.89,10.42,100,75,75.0,30,0
SIM-01002,2025-10-08,2025-12-20,15.59,5,17.07,13.35,150,125,83.33,45,0
SIM-01002,2025-12-10,2025-12-20,15.72,5,18.47,12.88,200,150,75.0,60,0
SIM-01003,2025-05-15,2025-12-20,11.44,5,13.56,9.5,50,30,60.0,15,1
SIM-01003,2025-07-27,2025-12-20,11.36,5,12.93,9.28,100,60,60.0,30,1
SIM-01003,2025-10-08,2025-12-20,12.28,5,15.48,9.12,150,90,60.0,45,1
SIM-01003,2025-12-10,2025-12-20,11.76,5,15.41,8.76,200,120,60.0,60,1
SIM-01004,2025-05-15,2025-12-20,12.17,5,15.04,10.09,50,45,90.0,15,1
SIM-01004,2025-07-27,2025-12-20,12.78,5,15.7,10.6,100,90,90.0,30,1
SIM-01004,2025-10-08,2025-12-20,12.27,5,17.03,7.88,150,135,90.0,45,1
SIM-01004,2025-12-10,2025-12-20,14.07,5,20.0,8.95,200,180,90.0,60,1
SIM-01005,2025-05-15,2025-12-20,11.43,5,13.68,9.58,50,45,90.0,15,0
SIM-01005,2025-07-27,2025-12-20,13.67,5,16.62,11.18,100,90,90.0,30,0
SIM-01005,2025-10-08,2025-12-20,15.19,5,18.79,12.13,150,145,96.67,45,0
SIM-01005,2025-12-10,2025-12-20,15.57,5,20.0,12.56,200,185,92.5,60,0
SIM-01006,2025-05-15,2025-12-20,12.05,5,14.03,9.68,50,50,100.0,15,1
SIM-01006,2025-07-27,2025-12-20,9.34,5,10.28,8.68,100,90,90.0,30,1
SIM-01006,2025-10-08,2025-12-20,9.49,5,11.79,7.5,150,145,96.67,45,1
SIM-01006,2025-12-10,2025-12-20,10.32,5,12.7,7.08,200,190,95.0,60,1
SIM-01007,2025-05-15,2025-12-20,11.4,5,13.34,8.41,50,45,90.0,15,1
SIM-01007,2025-07-27,2025-12-20,9.62,5,12.0,7.34,100,90,90.0,30,1
SIM-01007,2025-10-08,2025-12-20,8.44,5,13.19,3.5,150,130,86.67,45,1
SIM-01007,2025-12-10,2025-12-20,10.63,5,12.58,6.69,200,180,90.0,60,1
SIM-01008,2025-05-15,2025-12-20,10.56,5,13.2,9.02,50,45,90.0,15,1
SIM-01008,2025-07-27,2025-12-20,10.61,5,13.68,8.4,100,90,90.0,30,1
SIM-01008,2025-10-08,2025-12-20,9.93,5,11.3,7.14,150,150,100.0,45,1
SIM-01008,2025-12-10,2025-12-20,8.96,5,11.11,6.38,200,185,92.5,60,1
SIM-01009,2025-05-15,2025-12-20,12.45,5,17.42,6.29,50,45,90.0,15,1
SIM-01009,2025-07-27,2025-12-20,10.54,5,15.43,8.17,100,95,95.0,30,1
SIM-01009,2025-10-08,2025-12-20,10.79,5,16.13,7.55,150,145,96.67,45,1
SIM-01009,2025-12-10,2025-12-20,9.39,5,11.14,6.89,200,175,87.5,60,1
SIM-01010,2025-05-15,2025-12-20,9.74,5,11.86,8.41,50,40,80.0,15,1
SIM-01010,2025-07-27,2025-12-20,9.0,5,10.04,8.31,100,95,95.0,30,1
SIM-01010,2025-10-08,2025-12-20,8.71,5,10.16,7.4,150,135,90.0,45,1
SIM-01010,2025-12-10,2025-12-20,9.37,5,12.62,5.24,200,190,95.0,60,1
SIM-01011,2025-05-15,2025-12-20,12.71,5,15.95,10.42,50,35,70.0,15,1
SIM-01011,2025-07-27,2025-12-20,12.39,5,15.4,9.95,100,70,70.0,30,1
SIM-01011,2025-10-08,2025-12-20,11.16,5,14.63,7.46,150,110,73.33,45,1
SIM-01011,2025-12-10,2025-12-20,13.26,5,18.35,9.19,200,150,75.0,60,1
SIM-01012,2025-05-15,2025-12-20,10.9,5,14.17,8.84,50,40,80.0,15,1
SIM-01012,2025-07-27,2025-12-20,9.24,5,11.68,5.69,100,75,75.0,30,1
SIM-01012,2025-10-08,2025-12-20,9.31,5,11.27,5.99,150,130,86.67,45,1
SIM-01012,2025-12-10,2025-12-20,9.6,5,14.83,6.91,200,175,87.5,60,1
SIM-01013,2025-05-15,2025-12-20,11.55,5,13.31,8.3,50,50,100.0,15,0
SIM-01013,2025-07-27,2025-12-20,12.0,5,13.82,8.9,100,95,95.0,30,0
SIM-01013,2025-10-08,2025-12-20,13.32,5,18.27,11.51,150,140,93.33,45,0
SIM-01013,2025-12-10,2025-12-20,14.94,5,18.57,10.16,200,190,95.0,60,0
SIM-01014,2025-05-15,2025-12-20,10.34,5,11.48,8.84,50,35,70.0,15,1
SIM-01014,2025-07-27,2025-12-20,11.09,5,12.84,9.87,100,70,70.0,30,1
SIM-01014,2025-10-08,2025-12-20,12.37,5,16.49,9.86,150,115,76.67,45,1
SIM-01014,2025-12-10,2025-12-20,10.25,5,13.38,6.61,200,135,67.5,60,1
SIM-01015,2025-05-15,2025-12-20,11.06,5,12.58,9.89,50,35,70.0,15,0
SIM-01015,2025-07-27,2025-12-20,11.71,5,13.65,8.28,100,75,75.0,30,0
SIM-01015,2025-10-08,2025-12-20,13.1,5,17.26,10.47,150,110,73.33,45,0
SIM-01015,2025-12-10,2025-12-20,15.34,5,20.0,11.98,200,150,75.0,60,0
SIM-01016,2025-05-15,2025-12-20,11.54,5,13.77,9.83,50,40,80.0,15,0
SIM-01016,2025-07-27,2025-12-20,13.58,5,15.09,11.74,100,80,80.0,30,0
SIM-01016,2025-10-08,2025-12-20,14.12,5,16.54,12.29,150,115,76.67,45,0
SIM-01016,2025-12-10,2025-12-20,18.17,5,19.97,16.88,200,150,75.0,60,0
SIM-01017,2025-05-15,2025-12-20,11.14,5,12.95,7.61,50,30,60.0,15,0
SIM-01017,2025-07-27,2025-12-20,11.05,5,14.56,8.6,100,65,65.0,30,0
SIM-01017,2025-10-08,2025-12-20,12.48,5,15.19,9.04,150,100,66.67,45,0
SIM-01017,2025-12-10,2025-12-20,14.71,5,19.65,11.04,200,120,60.0,60,0
SIM-01018,2025-05-15,2025-12-20,11.79,5,13.16,10.34,50,40,80.0,15,1
SIM-01018,2025-07-27,2025-12-20,12.76,5,15.58,6.92,100,80,80.0,30,1
SIM-01018,2025-10-08,2025-12-20,13.28,5,17.87,8.9,150,125,83.33,45,1
SIM-01018,2025-12-10,2025-12-20,14.93,5,19.4,10.68,200,155,77.5,60,1
SIM-01019,2025-05-15,2025-12-20,9.39,5,12.5,7.61,50,45,90.0,15,1
SIM-01019,2025-07-27,2025-12-20,10.02,5,11.75,8.47,100,90,90.0,30,1
SIM-01019,2025-10-08,2025-12-20,11.1,5,14.2,8.54,150,135,90.0,45,1
SIM-01019,2025-12-10,2025-12-20,7.32,5,8.26,5.6,200,185,92.5,60,1
SIM-01020,2025-05-15,2025-12-20,12.73,5,17.58,9.14,50,50,100.0,15,0
SIM-01020,2025-07-27,2025-12-20,14.59,5,16.94,11.54,100,90,90.0,30,0
SIM-01020,2025-10-08,2025-12-20,14.64,5,19.52,9.05,150,145,96.67,45,0
SIM-01020,2025-12-10,2025-12-20,15.84,5,20.0,11.79,200,185,92.5,60,0
SIM-01021,2025-05-15,2025-12-20,12.53,5,15.37,10.12,50,40,80.0,15,1
SIM-01021,2025-07-27,2025-12-20,13.16,5,13.99,11.64,100,85,85.0,30,1
SIM-01021,2025-10-08,2025-12-20,12.06,5,15.62,8.14,150,120,80.0,45,1
SIM-01021,2025-12-10,2025-12-20,14.99,5,20.0,10.08,200,150,75.0,60,1
SIM-01022,2025-05-15,2025-12-20,9.97,5,10.93,8.48,50,40,80.0,15,1
SIM-01022,2025-07-27,2025-12-20,10.73,5,14.29,8.11,100,75,75.0,30,1
SIM-01022,2025-10-08,2025-12-20,8.75,5,11.66,6.37,150,120,80.0,45,1
SIM-01022,2025-12-10,2025-12-20,8.73,5,12.45,4.2,200,160,80.0,60,1
SIM-01023,2025-05-15,2025-12-20,12.82,5,14.55,11.37,50,45,90.0,15,0
SIM-01023,2025-07-27,2025-12-20,13.84,5,18.58,11.71,100,95,95.0,30,0
SIM-01023,2025-10-08,2025-12-20,16.21,5,20.0,13.35,150,140,93.33,45,0
SIM-01023,2025-12-10,2025-12-20,16.33,5,20.0,13.41,200,200,100.0,60,0
SIM-01024,2025-05-15,2025-12-20,11.02,5,12.12,9.91,50,35,70.0,15,1
SIM-01024,2025-07-27,2025-12-20,11.12,5,13.07,9.6,100,65,65.0,30,1
SIM-01024,2025-10-08,2025-12-20,12.23,5,16.66,9.0,150,95,63.33,45,1
SIM-01024,2025-12-10,2025-12-20,13.82,5,16.26,12.06,200,130,65.0,60,1
SIM-01025,2025-05-15,2025-12-20,11.12,5,13.19,8.99,50,25,50.0,15,0
SIM-01025,2025-07-27,2025-12-20,13.04,5,16.85,11.55,100,55,55.0,30,0
SIM-01025,2025-10-08,2025-12-20,13.59,5,17.59,10.96,150,80,53.33,45,0
SIM-01025,2025-12-10,2025-12-20,14.18,5,17.0,12.51,200,120,60.0,60,0
SIM-01026,2025-05-15,2025-12-20,11.02,5,14.2,8.46,50,50,100.0,15,1
SIM-01026,2025-07-27,2025-12-20,11.84,5,15.7,6.95,100,95,95.0,30,1
SIM-01026,2025-10-08,2025-12-20,12.52,5,14.21,11.23,150,140,93.33,45,1
SIM-01026,2025-12-10,2025-12-20,13.01,5,17.13,8.91,200,180,90.0,60,1
SIM-01027,2025-05-15,2025-12-20,11.46,5,13.4,9.15,50,50,100.0,15,0
SIM-01027,2025-07-27,2025-12-20,13.54,5,15.21,12.11,100,95,95.0,30,0
SIM-01027,2025-10-08,2025-12-20,13.43,5,15.8,9.34,150,145,96.67,45,0
SIM-01027,2025-12-10,2025-12-20,14.48,5,19.38,9.53,200,195,97.5,60,0
SIM-01028,2025-05-15,2025-12-20,11.99,5,15.12,9.59,50,40,80.0,15,1
SIM-01028,2025-07-27,2025-12-20,12.3,5,15.33,9.74,100,85,85.0,30,1
SIM-01028,2025-10-08,2025-12-20,15.1,5,19.33,11.9,150,110,73.33,45,1
SIM-01028,2025-12-10,2025-12-20,13.49,5,18.61,8.03,200,155,77.5,60,1
SIM-01029,2025-05-15,2025-12-20,12.09,5,15.48,10.51,50,40,80.0,15,1
SIM-01029,2025-07-27,2025-12-20,10.66,5,12.91,6.76,100,75,75.0,30,1
SIM-01029,2025-10-08,2025-12-20,11.77,5,15.35,9.0,150,115,76.67,45,1
SIM-01029,2025-12-10,2025-12-20,12.05,5,15.99,6.82,200,160,80.0,60,1
SIM-01030,2025-05-15,2025-12-20,12.63,5,14.95,10.79,50,35,70.0,15,0
SIM-01030,2025-07-27,2025-12-20,11.6,5,14.96,9.25,100,75,75.0,30,0
SIM-01030,2025-10-08,2025-12-20,13.94,5,16.48,11.93,150,115,76.67,45,0
SIM-01030,2025-12-10,2025-12-20,14.98,5,20.0,12.04,200,145,72.5,60,0
SIM-01031,2025-05-15,2025-12-20,10.45,5,12.08,8.62,50,35,70.0,15,1
SIM-01031,2025-07-27,2025-12-20,9.41,5,10.71,6.86,100,70,70.0,30,1
SIM-01031,2025-10-08,2025-12-20,9.15,5,12.99,5.33,150,105,70.0,45,1
SIM-01031,2025-12-10,2025-12-20,9.05,5,13.56,5.33,200,130,65.0,60,1
SIM-01032,2025-05-15,2025-12-20,12.66,5,15.6,10.42,50,45,90.0,15,1
SIM-01032,2025-07-27,2025-12-20,10.64,5,12.31,8.62,100,90,90.0,30,1
SIM-01032,2025-10-08,2025-12-20,12.09,5,15.65,5.19,150,135,90.0,45,1
SIM-01032,2025-12-10,2025-12-20,13.48,5,16.4,9.11,200,175,87.5,60,1
SIM-01033,2025-05-15,2025-12-20,11.1,5,13.46,10.1,50,45,90.0,15,0
SIM-01033,2025-07-27,2025-12-20,13.02,5,16.39,10.45,100,85,85.0,30,0
SIM-01033,2025-10-08,2025-12-20,14.99,5,17.77,12.96,150,135,90.0,45,0
SIM-01033,2025-12-10,2025-12-20,15.24,5,20.0,9.58,200,170,85.0,60,0
SIM-01034,2025-05-15,2025-12-20,11.64,5,12.29,10.03,50,50,100.0,15,0
SIM-01034,2025-07-27,2025-12-20,12.21,5,14.1,10.2,100,100,100.0,30,0
SIM-01034,2025-10-08,2025-12-20,13.01,5,16.99,10.53,150,140,93.33,45,0
SIM-01034,2025-12-10,2025-12-20,14.36,5,17.38,10.45,200,190,95.0,60,0
SIM-01035,2025-05-15,2025-12-20,10.86,5,13.64,8.71,50,35,70.0,15,0
SIM-01035,2025-07-27,2025-12-20,12.3,5,15.08,10.12,100,65,65.0,30,0
SIM-01035,2025-10-08,2025-12-20,15.56,5,18.18,12.33,150,100,66.67,45,0
SIM-01035,2025-12-10,2025-12-20,15.09,5,17.4,11.29,200,145,72.5,60,0
SIM-01036,2025-05-15,2025-12-20,11.04,5,12.46,9.62,50,40,80.0,15,0
SIM-01036,2025-07-27,2025-12-20,11.01,5,13.08,9.4,100,80,80.0,30,0
SIM-01036,2025-10-08,2025-12-20,14.3,5,18.67,9.69,150,105,70.0,45,0
SIM-01036,2025-12-10,2025-12-20,14.7,5,17.53,11.34,200,150,75.0,60,0
SIM-01037,2025-05-15,2025-12-20,11.91,5,14.39,7.42,50,40,80.0,15,1
SIM-01037,2025-07-27,2025-12-20,11.95,5,15.52,10.3,100,85,85.0,30,1
SIM-01037,2025-10-08,2025-12-20,11.85,5,17.49,7.84,150,130,86.67,45,1
SIM-01037,2025-12-10,2025-12-20,11.03,5,20.0,8.19,200,185,92.5,60,1
SIM-01038,2025-05-15,2025-12-20,12.44,5,14.99,10.19,50,40,80.0,15,1
SIM-01038,2025-07-27,2025-12-20,11.58,5,13.76,7.11,100,80,80.0,30,1
SIM-01038,2025-10-08,2025-12-20,11.05,5,14.68,8.65,150,120,80.0,45,1
SIM-01038,2025-12-10,2025-12-20,12.33,5,17.37,8.52,200,150,75.0,60,1
SIM-01039,2025-05-15,2025-12-20,11.39,5,14.64,8.53,50,40,80.0,15,1
SIM-01039,2025-07-27,2025-12-20,11.35,5,14.56,9.04,100,80,80.0,30,1
SIM-01039,2025-10-08,2025-12-20,11.69,5,15.77,7.47,150,120,80.0,45,1
SIM-01039,2025-12-10,2025-12-20,12.01,5,17.75,8.2,200,160,80.0,60,1
SIM-01040,2025-05-15,2025-12-20,13.3,5,14.84,10.82,50,40,80.0,15,0
SIM-01040,2025-07-27,2025-12-20,14.32,5,15.25,13.7,100,75,75.0,30,0
SIM-01040,2025-10-08,2025-12-20,16.91,5,19.69,14.97,150,125,83.33,45,0
SIM-01040,2025-12-10,2025-12-20,18.07,5,20.0,15.19,200,155,77.5,60,0
SIM-01041,2025-05-15,2025-12-20,12.51,5,14.34,10.96,50,35,70.0,15,1
SIM-01041,2025-07-27,2025-12-20,12.96,5,14.84,11.39,100,80,80.0,30,1
SIM-01041,2025-10-08,2025-12-20,14.42,5,17.71,11.22,150,110,73.33,45,1
SIM-01041,2025-12-10,2025-12-20,15.26,5,19.63,10.91,200,140,70.0,60,1
SIM-01042,2025-05-15,2025-12-20,11.38,5,14.06,8.5,50,50,100.0,15,0
SIM-01042,2025-07-27,2025-12-20,13.97,5,15.64,12.2,100,95,95.0,30,0
SIM-01042,2025-10-08,2025-12-20,16.51,5,20.0,13.84,150,140,93.33,45,0
SIM-01042,2025-12-10,2025-12-20,17.6,5,20.0,11.17,200,185,92.5,60,0
SIM-01043,2025-05-15,2025-12-20,11.57,5,13.25,8.18,50,30,60.0,15,1
SIM-01043,2025-07-27,2025-12-20,12.29,5,15.9,10.14,100,65,65.0,30,1
SIM-01043,2025-10-08,2025-12-20,12.95,5,15.93,10.77,150,95,63.33,45,1
SIM-01043,2025-12-10,2025-12-20,13.63,5,17.56,8.87,200,130,65.0,60,1
SIM-01044,2025-05-15,2025-12-20,9.73,5,11.76,7.36,50,25,50.0,15,1
SIM-01044,2025-07-27,2025-12-20,11.2,5,15.09,8.78,100,50,50.0,30,1
SIM-01044,2025-10-08,2025-12-20,10.78,5,13.25,8.53,150,75,50.0,45,1
SIM-01044,2025-12-10,2025-12-20,11.15,5,16.03,7.47,200,110,55.0,60,1
SIM-01045,2025-05-15,2025-12-20,11.45,5,15.39,8.74,50,35,70.0,15,1
SIM-01045,2025-07-27,2025-12-20,11.21,5,12.88,9.03,100,70,70.0,30,1
SIM-01045,2025-10-08,2025-12-20,12.22,5,15.3,10.72,150,105,70.0,45,1
SIM-01045,2025-12-10,2025-12-20,12.65,5,16.2,7.25,200,150,75.0,60,1
SIM-01046,2025-05-15,2025-12-20,9.41,5,11.08,7.82,50,40,80.0,15,1
SIM-01046,2025-07-27,2025-12-20,10.2,5,12.3,7.58,100,80,80.0,30,1
SIM-01046,2025-10-08,2025-12-20,10.76,5,12.92,7.46,150,120,80.0,45,1
SIM-01046,2025-12-10,2025-12-20,9.85,5,14.19,8.4,200,170,85.0,60,1
SIM-01047,2025-05-15,2025-12-20,11.11,5,12.71,9.03,50,35,70.0,15,1
SIM-01047,2025-07-27,2025-12-20,13.19,5,16.5,11.27,100,85,85.0,30,1
SIM-01047,2025-10-08,2025-12-20,12.57,5,15.69,9.92,150,120,80.0,45,1
SIM-01047,2025-12-10,2025-12-20,14.9,5,18.03,11.92,200,160,80.0,60,1
SIM-01048,2025-05-15,2025-12-20,11.46,5,13.58,7.96,50,35,70.0,15,1
SIM-01048,2025-07-27,2025-12-20,9.26,5,11.83,5.64,100,60,60.0,30,1
SIM-01048,2025-10-08,2025-12-20,10.15,5,11.82,7.91,150,90,60.0,45,1
SIM-01048,2025-12-10,2025-12-20,9.1,5,12.08,5.81,200,125,62.5,60,1
SIM-01049,2025-05-15,2025-12-20,10.9,5,12.97,8.68,50,45,90.0,15,0
SIM-01049,2025-07-27,2025-12-20,13.46,5,15.45,11.42,100,85,85.0,30,0
SIM-01049,2025-10-08,2025-12-20,11.25,5,15.72,7.38,150,125,83.33,45,0
SIM-01049,2025-12-10,2025-12-20,13.2,5,16.26,9.01,200,165,82.5,60,0
SIM-01050,2025-05-15,2025-12-20,11.57,5,13.45,9.12,50,35,70.0,15,1
SIM-01050,2025-07-27,2025-12-20,10.51,5,12.42,6.5,100,75,75.0,30,1
SIM-01050,2025-10-08,2025-12-20,10.31,5,12.27,8.01,150,115,76.67,45,1
SIM-01050,2025-12-10,2025-12-20,12.76,5,15.05,10.69,200,150,75.0,60,1
SIM-01051,2025-05-15,2025-12-20,12.14,5,14.29,8.16,50,40,80.0,15,0
SIM-01051,2025-07-27,2025-12-20,12.13,5,14.51,10.46,100,80,80.0,30,0
SIM-01051,2025-10-08,2025-12-20,13.99,5,16.52,11.24,150,120,80.0,45,0
SIM-01051,2025-12-10,2025-12-20,15.75,5,20.0,11.73,200,160,80.0,60,0
SIM-01052,2025-05-15,2025-12-20,11.16,5,12.68,9.86,50,40,80.0,15,1
SIM-01052,2025-07-27,2025-12-20,11.48,5,14.91,9.15,100,80,80.0,30,1
SIM-01052,2025-10-08,2025-12-20,9.96,5,12.2,8.43,150,120,80.0,45,1
SIM-01052,2025-12-10,2025-12-20,11.35,5,17.87,8.49,200,145,72.5,60,1
SIM-01053,2025-05-15,2025-12-20,12.97,5,15.27,10.95,50,40,80.0,15,0
SIM-01053,2025-07-27,2025-12-20,13.6,5,16.35,12.22,100,75,75.0,30,0
SIM-01053,2025-10-08,2025-12-20,13.35,5,15.78,10.31,150,115,76.67,45,0
SIM-01053,2025-12-10,2025-12-20,16.54,5,17.88,14.43,200,155,77.5,60,0
SIM-01054,2025-05-15,2025-12-20,13.34,5,14.94,12.35,50,30,60.0,15,0
SIM-01054,2025-07-27,2025-12-20,12.85,5,15.78,10.32,100,65,65.0,30,0
SIM-01054,2025-10-08,2025-12-20,13.65,5,14.81,12.68,150,100,66.67,45,0
SIM-01054,2025-12-10,2025-12-20,14.66,5,18.28,10.24,200,140,70.0,60,0
SIM-01055,2025-05-15,2025-12-20,11.46,5,14.47,10.1,50,50,100.0,15,1
SIM-01055,2025-07-27,2025-12-20,11.81,5,13.57,10.06,100,95,95.0,30,1
SIM-01055,2025-10-08,2025-12-20,10.93,5,14.2,7.44,150,145,96.67,45,1
SIM-01055,2025-12-10,2025-12-20,12.03,5,16.14,9.74,200,185,92.5,60,1
SIM-01056,2025-05-15,2025-12-20,10.62,5,12.59,9.35,50,40,80.0,15,1
SIM-01056,2025-07-27,2025-12-20,11.17,5,13.02,9.21,100,80,80.0,30,1
SIM-01056,2025-10-08,2025-12-20,11.06,5,15.03,7.25,150,125,83.33,45,1
SIM-01056,2025-12-10,2025-12-20,11.27,5,16.41,7.38,200,175,87.5,60,1
SIM-01057,2025-05-15,2025-12-20,9.92,5,11.3,7.63,50,45,90.0,15,1
SIM-01057,2025-07-27,2025-12-20,10.44,5,11.39,8.72,100,90,90.0,30,1
SIM-01057,2025-10-08,2025-12-20,8.57,5,12.95,6.06,150,130,86.67,45,1
SIM-01057,2025-12-10,2025-12-20,8.25,5,12.66,1.79,200,185,92.5,60,1
SIM-01058,2025-05-15,2025-12-20,11.52,5,11.97,11.09,50,40,80.0,15,0
SIM-01058,2025-07-27,2025-12-20,12.09,5,13.8,8.91,100,85,85.0,30,0
SIM-01058,2025-10-08,2025-12-20,16.05,5,18.02,15.03,150,135,90.0,45,0
SIM-01058,2025-12-10,2025-12-20,15.25,5,17.47,13.46,200,170,85.0,60,0
SIM-01059,2025-05-15,2025-12-20,11.81,5,13.95,9.61,50,40,80.0,15,1
SIM-01059,2025-07-27,2025-12-20,10.9,5,12.65,7.65,100,80,80.0,30,1
SIM-01059,2025-10-08,2025-12-20,12.1,5,17.21,7.46,150,120,80.0,45,1
SIM-01059,2025-12-10,2025-12-20,11.97,5,16.8,6.21,200,170,85.0,60,1
SIM-01060,2025-05-15,2025-12-20,9.84,5,15.08,7.3,50,50,100.0,15,1
SIM-01060,2025-07-27,2025-12-20,9.51,5,11.86,5.92,100,90,90.0,30,1
SIM-01060,2025-10-08,2025-12-20,9.16,5,10.93,7.54,150,145,96.67,45,1
SIM-01060,2025-12-10,2025-12-20,7.72,5,12.11,3.3,200,185,92.5,60,1
SIM-01061,2025-05-15,2025-12-20,8.82,5,11.27,6.41,50,40,80.0,15,1
SIM-01061,2025-07-27,2025-12-20,10.34,5,13.38,8.22,100,80,80.0,30,1
SIM-01061,2025-10-08,2025-12-20,7.32,5,10.61,3.18,150,130,86.67,45,1
SIM-01061,2025-12-10,2025-12-20,8.31,5,12.54,5.12,200,145,72.5,60,1
SIM-01062,2025-05-15,2025-12-20,13.22,5,15.83,8.83,50,40,80.0,15,1
SIM-01062,2025-07-27,2025-12-20,13.07,5,15.67,10.23,100,75,75.0,30,1
SIM-01062,2025-10-08,2025-12-20,13.42,5,17.74,10.75,150,120,80.0,45,1
SIM-01062,2025-12-10,2025-12-20,12.64,5,16.18,8.04,200,170,85.0,60,1
SIM-01063,2025-05-15,2025-12-20,10.26,5,11.75,8.59,50,20,40.0,15,1
SIM-01063,2025-07-27,2025-12-20,10.16,5,12.31,7.24,100,50,50.0,30,1
SIM-01063,2025-10-08,2025-12-20,9.17,5,13.58,7.31,150,70,46.67,45,1
SIM-01063,2025-12-10,2025-12-20,8.8,5,11.98,4.77,200,90,45.0,60,1
SIM-01064,2025-05-15,2025-12-20,11.67,5,13.8,9.68,50,40,80.0,15,0
SIM-01064,2025-07-27,2025-12-20,15.68,5,17.42,12.8,100,90,90.0,30,0
SIM-01064,2025-10-08,2025-12-20,16.2,5,19.53,14.25,150,125,83.33,45,0
SIM-01064,2025-12-10,2025-12-20,14.75,5,20.0,9.26,200,185,92.5,60,0
SIM-01065,2025-05-15,2025-12-20,12.48,5,14.09,10.92,50,45,90.0,15,1
SIM-01065,2025-07-27,2025-12-20,13.27,5,17.18,10.8,100,85,85.0,30,1
SIM-01065,2025-10-08,2025-12-20,13.65,5,17.48,10.39,150,140,93.33,45,1
SIM-01065,2025-12-10,2025-12-20,12.3,5,14.22,8.77,200,180,90.0,60,1
SIM-01066,2025-05-15,2025-12-20,12.57,5,15.68,9.15,50,30,60.0,15,0
SIM-01066,2025-07-27,2025-12-20,13.28,5,16.86,9.37,100,65,65.0,30,0
SIM-01066,2025-10-08,2025-12-20,16.02,5,18.49,13.72,150,90,60.0,45,0
SIM-01066,2025-12-10,2025-12-20,15.82,5,19.46,13.22,200,135,67.5,60,0
SIM-01067,2025-05-15,2025-12-20,11.74,5,17.05,8.8,50,40,80.0,15,1
SIM-01067,2025-07-27,2025-12-20,12.06,5,13.82,10.49,100,80,80.0,30,1
SIM-01067,2025-10-08,2025-12-20,12.43,5,15.42,10.13,150,130,86.67,45,1
SIM-01067,2025-12-10,2025-12-20,9.87,5,13.76,6.59,200,165,82.5,60,1
SIM-01068,2025-05-15,2025-12-20,10.97,5,13.5,8.99,50,40,80.0,15,1
SIM-01068,2025-07-27,2025-12-20,11.73,5,13.83,8.98,100,75,75.0,30,1
SIM-01068,2025-10-08,2025-12-20,13.98,5,15.34,11.29,150,120,80.0,45,1
SIM-01068,2025-12-10,2025-12-20,14.04,5,17.42,6.5,200,150,75.0,60,1
SIM-01069,2025-05-15,2025-12-20,11.58,5,13.62,9.97,50,45,90.0,15,1
SIM-01069,2025-07-27,2025-12-20,11.86,5,15.49,9.45,100,75,75.0,30,1
SIM-01069,2025-10-08,2025-12-20,11.63,5,12.95,7.79,150,130,86.67,45,1
SIM-01069,2025-12-10,2025-12-20,11.37,5,14.77,6.31,200,170,85.0,60,1
SIM-01070,2025-05-15,2025-12-20,11.94,5,14.64,9.97,50,45,90.0,15,1
SIM-01070,2025-07-27,2025-12-20,12.46,5,14.42,10.1,100,95,95.0,30,1
SIM-01070,2025-10-08,2025-12-20,12.38,5,15.71,6.93,150,145,96.67,45,1
SIM-01070,2025-12-10,2025-12-20,15.11,5,20.0,12.09,200,175,87.5,60,1
SIM-01071,2025-05-15,2025-12-20,9.38,5,12.3,6.7,50,40,80.0,15,1
SIM-01071,2025-07-27,2025-12-20,8.37,5,11.27,5.14,100,90,90.0,30,1
SIM-01071,2025-10-08,2025-12-20,6.57,5,9.48,4.46,150,130,86.67,45,1
SIM-01071,2025-12-10,2025-12-20,3.99,5,6.75,0.0,200,170,85.0,60,1
SIM-01072,2025-05-15,2025-12-20,11.53,5,14.38,9.36,50,45,90.0,15,1
SIM-01072,2025-07-27,2025-12-20,11.21,5,14.55,9.53,100,85,85.0,30,1
SIM-01072,2025-10-08,2025-12-20,11.62,5,13.91,8.7,150,135,90.0,45,1
SIM-01072,2025-12-10,2025-12-20,13.01,5,14.23,11.19,200,165,82.5,60,1
SIM-01073,2025-05-15,2025-12-20,11.61,5,15.86,6.93,50,45,90.0,15,1
SIM-01073,2025-07-27,2025-12-20,14.0,5,16.26,9.81,100,95,95.0,30,1
SIM-01073,2025-10-08,2025-12-20,13.88,5,17.23,9.38,150,130,86.67,45,1
SIM-01073,2025-12-10,2025-12-20,16.56,5,20.0,11.88,200,180,90.0,60,1
SIM-01074,2025-05-15,2025-12-20,10.4,5,14.28,6.91,50,40,80.0,15,1
SIM-01074,2025-07-27,2025-12-20,12.58,5,14.14,10.35,100,75,75.0,30,1
SIM-01074,2025-10-08,2025-12-20,10.09,5,14.96,6.64,150,115,76.67,45,1
SIM-01074,2025-12-10,2025-12-20,12.43,5,14.56,10.49,200,155,77.5,60,1
SIM-01075,2025-05-15,2025-12-20,13.02,5,13.95,10.63,50,35,70.0,15,0
SIM-01075,2025-07-27,2025-12-20,14.69,5,17.31,12.83,100,65,65.0,30,0
SIM-01075,2025-10-08,2025-12-20,14.92,5,16.83,12.82,150,90,60.0,45,0
SIM-01075,2025-12-10,2025-12-20,15.39,5,17.33,14.64,200,120,60.0,60,0
SIM-01076,2025-05-15,2025-12-20,12.67,5,14.02,10.07,50,45,90.0,15,0
SIM-01076,2025-07-27,2025-12-20,12.62,5,14.75,10.88,100,90,90.0,30,0
SIM-01076,2025-10-08,2025-12-20,14.28,5,16.67,10.85,150,135,90.0,45,0
SIM-01076,2025-12-10,2025-12-20,15.34,5,20.0,10.64,200,180,90.0,60,0
SIM-01077,2025-05-15,2025-12-20,9.95,5,13.15,6.39,50,50,100.0,15,1
SIM-01077,2025-07-27,2025-12-20,11.23,5,14.66,9.34,100,95,95.0,30,1
SIM-01077,2025-10-08,2025-12-20,11.31,5,17.59,7.16,150,140,93.33,45,1
SIM-01077,2025-12-10,2025-12-20,11.17,5,12.95,8.88,200,190,95.0,60,1
SIM-01078,2025-05-15,2025-12-20,12.67,5,13.74,11.05,50,40,80.0,15,0
SIM-01078,2025-07-27,2025-12-20,12.62,5,15.14,11.11,100,80,80.0,30,0
SIM-01078,2025-10-08,2025-12-20,14.42,5,18.39,12.37,150,120,80.0,45,0
SIM-01078,2025-12-10,2025-12-20,15.92,5,17.25,15.05,200,160,80.0,60,0
SIM-01079,2025-05-15,2025-12-20,12.18,5,13.27,10.54,50,40,80.0,15,0
SIM-01079,2025-07-27,2025-12-20,15.01,5,18.04,13.76,100,80,80.0,30,0
SIM-01079,2025-10-08,2025-12-20,15.37,5,19.42,12.87,150,125,83.33,45,0
SIM-01079,2025-12-10,2025-12-20,15.3,5,17.25,13.44,200,175,87.5,60,0
SIM-01080,2025-05-15,2025-12-20,10.49,5,11.24,9.14,50,50,100.0,15,1
SIM-01080,2025-07-27,2025-12-20,10.93,5,12.05,9.36,100,95,95.0,30,1
SIM-01080,2025-10-08,2025-12-20,11.18,5,15.25,7.54,150,140,93.33,45,1
SIM-01080,2025-12-10,2025-12-20,8.5,5,11.86,4.73,200,180,90.0,60,1
SIM-01081,2025-05-15,2025-12-20,11.95,5,14.09,11.06,50,50,100.0,15,1
SIM-01081,2025-07-27,2025-12-20,11.03,5,12.93,7.72,100,90,90.0,30,1
SIM-01081,2025-10-08,2025-12-20,13.28,5,17.21,10.51,150,145,96.67,45,1
SIM-01081,2025-12-10,2025-12-20,13.11,5,18.75,6.83,200,190,95.0,60,1
SIM-01082,2025-05-15,2025-12-20,13.04,5,13.89,12.06,50,40,80.0,15,1
SIM-01082,2025-07-27,2025-12-20,11.13,5,15.3,8.5,100,85,85.0,30,1
SIM-01082,2025-10-08,2025-12-20,11.58,5,13.97,8.44,150,145,96.67,45,1
SIM-01082,2025-12-10,2025-12-20,8.83,5,12.52,2.95,200,190,95.0,60,1
SIM-01083,2025-05-15,2025-12-20,10.45,5,13.9,8.31,50,40,80.0,15,1
SIM-01083,2025-07-27,2025-12-20,11.07,5,13.0,8.71,100,80,80.0,30,1
SIM-01083,2025-10-08,2025-12-20,12.41,5,16.46,8.63,150,110,73.33,45,1
SIM-01083,2025-12-10,2025-12-20,12.31,5,16.14,8.44,200,165,82.5,60,1
SIM-01084,2025-05-15,2025-12-20,12.13,5,13.58,10.59,50,50,100.0,15,0
SIM-01084,2025-07-27,2025-12-20,13.94,5,14.58,12.73,100,95,95.0,30,0
SIM-01084,2025-10-08,2025-12-20,15.17,5,17.03,13.67,150,150,100.0,45,0
SIM-01084,2025-12-10,2025-12-20,16.68,5,20.0,14.66,200,200,100.0,60,0
SIM-01085,2025-05-15,2025-12-20,11.73,5,13.95,10.19,50,45,90.0,15,0
SIM-01085,2025-07-27,2025-12-20,12.87,5,14.39,10.12,100,90,90.0,30,0
SIM-01085,2025-10-08,2025-12-20,12.93,5,17.79,9.98,150,135,90.0,45,0
SIM-01085,2025-12-10,2025-12-20,11.99,5,14.61,8.61,200,170,85.0,60,0
SIM-01086,2025-05-15,2025-12-20,11.91,5,14.84,10.04,50,40,80.0,15,0
SIM-01086,2025-07-27,2025-12-20,14.69,5,19.98,12.54,100,85,85.0,30,0
SIM-01086,2025-10-08,2025-12-20,14.3,5,18.05,10.79,150,110,73.33,45,0
SIM-01086,2025-12-10,2025-12-20,16.69,5,20.0,13.88,200,155,77.5,60,0
SIM-01087,2025-05-15,2025-12-20,10.89,5,13.91,8.46,50,40,80.0,15,1
SIM-01087,2025-07-27,2025-12-20,10.75,5,13.86,6.73,100,85,85.0,30,1
SIM-01087,2025-10-08,2025-12-20,10.76,5,17.91,7.35,150,135,90.0,45,1
SIM-01087,2025-12-10,2025-12-20,10.37,5,13.1,7.12,200,190,95.0,60,1
SIM-01088,2025-05-15,2025-12-20,12.41,5,13.69,11.24,50,45,90.0,15,0
SIM-01088,2025-07-27,2025-12-20,13.03,5,15.79,9.58,100,80,80.0,30,0
SIM-01088,2025-10-08,2025-12-20,15.5,5,19.3,13.96,150,115,76.67,45,0
SIM-01088,2025-12-10,2025-12-20,15.73,5,20.0,12.73,200,165,82.5,60,0
SIM-01089,2025-05-15,2025-12-20,10.01,5,13.83,8.31,50,35,70.0,15,1
SIM-01089,2025-07-27,2025-12-20,12.17,5,14.1,9.7,100,70,70.0,30,1
SIM-01089,2025-10-08,2025-12-20,12.25,5,16.01,9.9,150,95,63.33,45,1
SIM-01089,2025-12-10,2025-12-20,13.04,5,17.43,8.85,200,110,55.0,60,1
SIM-01090,2025-05-15,2025-12-20,12.82,5,13.89,10.32,50,45,90.0,15,0
SIM-01090,2025-07-27,2025-12-20,14.17,5,16.16,12.03,100,85,85.0,30,0
SIM-01090,2025-10-08,2025-12-20,14.82,5,19.6,11.93,150,115,76.67,45,0
SIM-01090,2025-12-10,2025-12-20,17.44,5,20.0,15.85,200,170,85.0,60,0
SIM-01091,2025-05-15,2025-12-20,12.53,5,14.23,11.17,50,40,80.0,15,1
SIM-01091,2025-07-27,2025-12-20,12.43,5,15.29,9.86,100,80,80.0,30,1
SIM-01091,2025-10-08,2025-12-20,14.12,5,16.37,10.5,150,115,76.67,45,1
SIM-01091,2025-12-10,2025-12-20,15.99,5,20.0,9.85,200,165,82.5,60,1
SIM-01092,2025-05-15,2025-12-20,10.58,5,13.9,8.32,50,40,80.0,15,0
SIM-01092,2025-07-27,2025-12-20,12.12,5,15.05,10.28,100,75,75.0,30,0
SIM-01092,2025-10-08,2025-12-20,13.9,5,18.05,9.85,150,100,66.67,45,0
SIM-01092,2025-12-10,2025-12-20,13.73,5,16.29,12.08,200,150,75.0,60,0
SIM-01093,2025-05-15,2025-12-20,10.1,5,13.65,7.5,50,20,40.0,15,1
SIM-01093,2025-07-27,2025-12-20,9.27,5,10.83,5.82,100,40,40.0,30,1
SIM-01093,2025-10-08,2025-12-20,8.55,5,11.75,4.29,150,70,46.67,45,1
SIM-01093,2025-12-10,2025-12-20,7.28,5,13.43,0.63,200,90,45.0,60,1
SIM-01094,2025-05-15,2025-12-20,10.62,5,14.13,7.74,50,50,100.0,15,1
SIM-01094,2025-07-27,2025-12-20,11.47,5,13.73,7.55,100,95,95.0,30,1
SIM-01094,2025-10-08,2025-12-20,10.86,5,12.71,8.11,150,150,100.0,45,1
SIM-01094,2025-12-10,2025-12-20,12.18,5,15.19,9.95,200,200,100.0,60,1
SIM-01095,2025-05-15,2025-12-20,12.21,5,14.89,10.41,50,45,90.0,15,0
SIM-01095,2025-07-27,2025-12-20,14.84,5,16.51,12.04,100,85,85.0,30,0
SIM-01095,2025-10-08,2025-12-20,14.85,5,17.45,12.47,150,120,80.0,45,0
SIM-01095,2025-12-10,2025-12-20,15.36,5,18.78,11.57,200,160,80.0,60,0
SIM-01096,2025-05-15,2025-12-20,12.45,5,16.01,10.09,50,50,100.0,15,0
SIM-01096,2025-07-27,2025-12-20,13.28,5,17.87,9.1,100,90,90.0,30,0
SIM-01096,2025-10-08,2025-12-20,15.27,5,19.3,10.02,150,145,96.67,45,0
SIM-01096,2025-12-10,2025-12-20,15.92,5,17.76,13.6,200,195,97.5,60,0
SIM-01097,2025-05-15,2025-12-20,12.57,5,13.47,11.81,50,20,40.0,15,1
SIM-01097,2025-07-27,2025-12-20,13.05,5,14.74,11.39,100,45,45.0,30,1
SIM-01097,2025-10-08,2025-12-20,13.07,5,17.51,4.89,150,65,43.33,45,1
SIM-01097,2025-12-10,2025-12-20,14.61,5,18.73,8.32,200,80,40.0,60,1
SIM-01098,2025-05-15,2025-12-20,11.63,5,14.88,10.07,50,45,90.0,15,1
SIM-01098,2025-07-27,2025-12-20,12.13,5,13.99,10.53,100,90,90.0,30,1
SIM-01098,2025-10-08,2025-12-20,13.12,5,14.41,12.26,150,135,90.0,45,1
SIM-01098,2025-12-10,2025-12-20,13.03,5,16.41,6.85,200,170,85.0,60,1
SIM-01099,2025-05-15,2025-12-20,11.23,5,12.93,9.67,50,40,80.0,15,0
SIM-01099,2025-07-27,2025-12-20,12.76,5,14.78,10.57,100,80,80.0,30,0
SIM-01099,2025-10-08,2025-12-20,13.62,5,15.91,11.13,150,125,83.33,45,0
SIM-01099,2025-12-10,2025-12-20,15.43,5,17.61,13.47,200,145,72.5,60,0
SIM-01100,2025-05-15,2025-12-20,11.09,5,12.41,9.77,50,45,90.0,15,1
SIM-01100,2025-07-27,2025-12-20,11.4,5,13.35,8.65,100,90,90.0,30,1
SIM-01100,2025-10-08,2025-12-20,10.09,5,13.38,5.17,150,140,93.33,45,1
SIM-01100,2025-12-10,2025-12-20,10.34,5,13.75,7.51,200,200,100.0,60,1
SIM-01101,2025-05-15,2025-12-20,10.78,5,13.78,6.73,50,50,100.0,15,1
SIM-01101,2025-07-27,2025-12-20,11.54,5,15.31,8.6,100,100,100.0,30,1
SIM-01101,2025-10-08,2025-12-20,12.83,5,16.31,9.56,150,150,100.0,45,1
SIM-01101,2025-12-10,2025-12-20,12.84,5,16.89,8.11,200,200,100.0,60,1
SIM-01102,2025-05-15,2025-12-20,13.97,5,15.71,10.94,50,40,80.0,15,0
SIM-01102,2025-07-27,2025-12-20,14.28,5,17.07,11.14,100,75,75.0,30,0
SIM-01102,2025-10-08,2025-12-20,15.21,5,17.8,12.51,150,120,80.0,45,0
SIM-01102,2025-12-10,2025-12-20,15.6,5,19.12,11.32,200,170,85.0,60,0
SIM-01103,2025-05-15,2025-12-20,13.46,5,16.89,10.02,50,45,90.0,15,0
SIM-01103,2025-07-27,2025-12-20,14.68,5,16.68,11.6,100,85,85.0,30,0
SIM-01103,2025-10-08,2025-12-20,16.14,5,18.74,13.83,150,140,93.33,45,0
SIM-01103,2025-12-10,2025-12-20,17.71,5,19.99,14.23,200,175,87.5,60,0
SIM-01104,2025-05-15,2025-12-20,10.49,5,12.31,7.86,50,50,100.0,15,1
SIM-01104,2025-07-27,2025-12-20,12.06,5,14.23,7.85,100,95,95.0,30,1
SIM-01104,2025-10-08,2025-12-20,11.41,5,13.73,7.12,150,145,96.67,45,1
SIM-01104,2025-12-10,2025-12-20,12.21,5,14.17,10.69,200,190,95.0,60,1
SIM-01105,2025-05-15,2025-12-20,11.73,5,13.54,10.32,50,45,90.0,15,1
SIM-01105,2025-07-27,2025-12-20,10.74,5,14.79,9.17,100,85,85.0,30,1
SIM-01105,2025-10-08,2025-12-20,10.05,5,11.46,7.18,150,145,96.67,45,1
SIM-01105,2025-12-10,2025-12-20,11.02,5,14.43,7.64,200,180,90.0,60,1
SIM-01106,2025-05-15,2025-12-20,10.28,5,12.92,7.77,50,40,80.0,15,1
SIM-01106,2025-07-27,2025-12-20,9.51,5,12.92,6.05,100,85,85.0,30,1
SIM-01106,2025-10-08,2025-12-20,10.69,5,12.48,7.62,150,120,80.0,45,1
SIM-01106,2025-12-10,2025-12-20,10.74,5,13.32,8.7,200,160,80.0,60,1
SIM-01107,2025-05-15,2025-12-20,10.95,5,12.23,9.7,50,25,50.0,15,1
SIM-01107,2025-07-27,2025-12-20,11.06,5,13.94,9.07,100,40,40.0,30,1
SIM-01107,2025-10-08,2025-12-20,10.63,5,12.41,8.54,150,70,46.67,45,1
SIM-01107,2025-12-10,2025-12-20,11.21,5,16.22,7.32,200,90,45.0,60,1
SIM-01108,2025-05-15,2025-12-20,11.18,5,12.63,9.93,50,50,100.0,15,0
SIM-01108,2025-07-27,2025-12-20,14.09,5,17.16,10.4,100,100,100.0,30,0
SIM-01108,2025-10-08,2025-12-20,16.37,5,20.0,13.36,150,150,100.0,45,0
SIM-01108,2025-12-10,2025-12-20,15.94,5,20.0,10.06,200,200,100.0,60,0
SIM-01109,2025-05-15,2025-12-20,10.87,5,13.42,8.54,50,25,50.0,15,1
SIM-01109,2025-07-27,2025-12-20,10.26,5,12.23,9.06,100,50,50.0,30,1
SIM-01109,2025-10-08,2025-12-20,9.54,5,12.09,6.83,150,75,50.0,45,1
SIM-01109,2025-12-10,2025-12-20,7.5,5,9.75,4.54,200,110,55.0,60,1
SIM-01110,2025-05-15,2025-12-20,8.95,5,11.76,5.26,50,50,100.0,15,1
SIM-01110,2025-07-27,2025-12-20,11.47,5,14.46,9.17,100,95,95.0,30,1
SIM-01110,2025-10-08,2025-12-20,8.74,5,11.24,7.07,150,135,90.0,45,1
SIM-01110,2025-12-10,2025-12-20,10.19,5,12.86,5.83,200,180,90.0,60,1
SIM-01111,2025-05-15,2025-12-20,10.83,5,13.97,6.32,50,45,90.0,15,1
SIM-01111,2025-07-27,2025-12-20,11.11,5,13.55,9.48,100,85,85.0,30,1
SIM-01111,2025-10-08,2025-12-20,10.5,5,11.95,7.79,150,120,80.0,45,1
SIM-01111,2025-12-10,2025-12-20,6.76,5,14.41,3.28,200,160,80.0,60,1
SIM-01112,2025-05-15,2025-12-20,11.73,5,14.91,9.23,50,50,100.0,15,1
SIM-01112,2025-07-27,2025-12-20,10.59,5,12.74,9.04,100,95,95.0,30,1
SIM-01112,2025-10-08,2025-12-20,9.13,5,11.09,5.85,150,145,96.67,45,1
SIM-01112,2025-12-10,2025-12-20,11.69,5,16.32,8.42,200,185,92.5,60,1
SIM-01113,2025-05-15,2025-12-20,12.26,5,13.7,11.04,50,30,60.0,15,1
SIM-01113,2025-07-27,2025-12-20,11.41,5,15.95,8.76,100,70,70.0,30,1
SIM-01113,2025-10-08,2025-12-20,12.88,5,15.02,10.76,150,100,66.67,45,1
SIM-01113,2025-12-10,2025-12-20,12.3,5,16.16,8.77,200,130,65.0,60,1
SIM-01114,2025-05-15,2025-12-20,10.61,5,11.95,7.74,50,25,50.0,15,0
SIM-01114,2025-07-27,2025-12-20,11.05,5,13.96,8.43,100,55,55.0,30,0
SIM-01114,2025-10-08,2025-12-20,13.17,5,14.63,11.97,150,90,60.0,45,0
SIM-01114,2025-12-10,2025-12-20,12.93,5,20.0,8.59,200,110,55.0,60,0
SIM-01115,2025-05-15,2025-12-20,11.33,5,14.02,9.89,50,35,70.0,15,0
SIM-01115,2025-07-27,2025-12-20,11.33,5,12.45,9.99,100,75,75.0,30,0
SIM-01115,2025-10-08,2025-12-20,11.92,5,15.12,8.06,150,115,76.67,45,0
SIM-01115,2025-12-10,2025-12-20,12.84,5,14.4,10.21,200,135,67.5,60,0
SIM-01116,2025-05-15,2025-12-20,11.5,5,12.72,10.05,50,50,100.0,15,1
SIM-01116,2025-07-27,2025-12-20,12.19,5,15.55,7.69,100,100,100.0,30,1
SIM-01116,2025-10-08,2025-12-20,11.58,5,15.1,8.05,150,145,96.67,45,1
SIM-01116,2025-12-10,2025-12-20,11.33,5,14.85,7.3,200,190,95.0,60,1
SIM-01117,2025-05-15,2025-12-20,10.53,5,11.36,9.57,50,35,70.0,15,1
SIM-01117,2025-07-27,2025-12-20,10.14,5,12.58,8.31,100,65,65.0,30,1
SIM-01117,2025-10-08,2025-12-20,9.73,5,15.23,5.86,150,100,66.67,45,1
SIM-01117,2025-12-10,2025-12-20,10.81,5,13.72,8.28,200,130,65.0,60,1
SIM-01118,2025-05-15,2025-12-20,10.22,5,12.23,8.51,50,35,70.0,15,0
SIM-01118,2025-07-27,2025-12-20,14.25,5,15.96,12.8,100,70,70.0,30,0
SIM-01118,2025-10-08,2025-12-20,13.7,5,16.29,10.79,150,105,70.0,45,0
SIM-01118,2025-12-10,2025-12-20,13.56,5,17.53,7.67,200,150,75.0,60,0
SIM-01119,2025-05-15,2025-12-20,12.01,5,13.72,10.85,50,35,70.0,15,1
SIM-01119,2025-07-27,2025-12-20,11.28,5,13.61,9.52,100,75,75.0,30,1
SIM-01119,2025-10-08,2025-12-20,12.83,5,15.9,8.79,150,130,86.67,45,1
SIM-01119,2025-12-10,2025-12-20,10.37,5,12.16,5.88,200,150,75.0,60,1
SIM-01120,2025-05-15,2025-12-20,10.0,5,13.4,4.75,50,45,90.0,15,1
SIM-01120,2025-07-27,2025-12-20,9.46,5,12.22,7.37,100,90,90.0,30,1
SIM-01120,2025-10-08,2025-12-20,8.97,5,10.88,8.0,150,130,86.67,45,1
SIM-01120,2025-12-10,2025-12-20,7.16,5,9.61,5.4,200,170,85.0,60,1
SIM-01121,2025-05-15,2025-12-20,10.98,5,12.47,8.89,50,40,80.0,15,0
SIM-01121,2025-07-27,2025-12-20,13.66,5,16.01,11.83,100,80,80.0,30,0
SIM-01121,2025-10-08,2025-12-20,13.85,5,17.51,10.79,150,110,73.33,45,0
SIM-01121,2025-12-10,2025-12-20,15.24,5,18.33,13.06,200,165,82.5,60,0
SIM-01122,2025-05-15,2025-12-20,12.86,5,15.89,10.17,50,50,100.0,15,1
SIM-01122,2025-07-27,2025-12-20,12.41,5,18.13,6.86,100,95,95.0,30,1
SIM-01122,2025-10-08,2025-12-20,13.57,5,16.15,9.4,150,140,93.33,45,1
SIM-01122,2025-12-10,2025-12-20,14.19,5,19.38,7.54,200,195,97.5,60,1
SIM-01123,2025-05-15,2025-12-20,13.69,5,16.21,10.15,50,40,80.0,15,0
SIM-01123,2025-07-27,2025-12-20,13.76,5,17.55,10.77,100,80,80.0,30,0
SIM-01123,2025-10-08,2025-12-20,16.97,5,18.96,14.46,150,115,76.67,45,0
SIM-01123,2025-12-10,2025-12-20,17.35,5,20.0,13.74,200,170,85.0,60,0
SIM-01124,2025-05-15,2025-12-20,10.31,5,13.15,9.17,50,35,70.0,15,1
SIM-01124,2025-07-27,2025-12-20,12.17,5,17.94,8.75,100,75,75.0,30,1
SIM-01124,2025-10-08,2025-12-20,11.32,5,15.59,8.29,150,115,76.67,45,1
SIM-01124,2025-12-10,2025-12-20,11.03,5,15.56,6.98,200,155,77.5,60,1
SIM-01125,2025-05-15,2025-12-20,10.56,5,14.68,8.52,50,50,100.0,15,1
SIM-01125,2025-07-27,2025-12-20,10.8,5,12.99,6.89,100,90,90.0,30,1
SIM-01125,2025-10-08,2025-12-20,9.67,5,11.59,6.39,150,140,93.33,45,1
SIM-01125,2025-12-10,2025-12-20,9.55,5,14.6,3.8,200,180,90.0,60,1
SIM-01126,2025-05-15,2025-12-20,10.32,5,15.97,6.08,50,45,90.0,15,1
SIM-01126,2025-07-27,2025-12-20,11.82,5,16.32,7.57,100,95,95.0,30,1
SIM-01126,2025-10-08,2025-12-20,9.54,5,10.41,8.76,150,145,96.67,45,1
SIM-01126,2025-12-10,2025-12-20,10.3,5,11.24,8.11,200,190,95.0,60,1
SIM-01127,2025-05-15,2025-12-20,9.26,5,10.88,8.59,50,40,80.0,15,1
SIM-01127,2025-07-27,2025-12-20,10.1,5,12.75,7.41,100,80,80.0,30,1
SIM-01127,2025-10-08,2025-12-20,11.09,5,13.35,8.52,150,115,76.67,45,1
SIM-01127,2025-12-10,2025-12-20,11.45,5,13.18,8.25,200,165,82.5,60,1
SIM-01128,2025-05-15,2025-12-20,10.26,5,11.9,7.66,50,45,90.0,15,1
SIM-01128,2025-07-27,2025-12-20,10.86,5,12.17,9.79,100,85,85.0,30,1
SIM-01128,2025-10-08,2025-12-20,11.73,5,14.92,8.07,150,135,90.0,45,1
SIM-01128,2025-12-10,2025-12-20,9.46,5,12.27,6.63,200,165,82.5,60,1
SIM-01129,2025-05-15,2025-12-20,11.04,5,14.52,8.2,50,45,90.0,15,1
SIM-01129,2025-07-27,2025-12-20,11.27,5,13.85,8.4,100,90,90.0,30,1
SIM-01129,2025-10-08,2025-12-20,9.96,5,13.18,5.05,150,130,86.67,45,1
SIM-01129,2025-12-10,2025-12-20,13.03,5,14.92,10.6,200,165,82.5,60,1
SIM-01130,2025-05-15,2025-12-20,10.81,5,12.15,9.3,50,35,70.0,15,1
SIM-01130,2025-07-27,2025-12-20,8.79,5,12.66,6.65,100,70,70.0,30,1
SIM-01130,2025-10-08,2025-12-20,7.41,5,10.46,5.5,150,110,73.33,45,1
SIM-01130,2025-12-10,2025-12-20,6.2,5,10.25,1.36,200,145,72.5,60,1
SIM-01131,2025-05-15,2025-12-20,9.14,5,14.47,6.27,50,40,80.0,15,1
SIM-01131,2025-07-27,2025-12-20,10.15,5,12.65,7.54,100,80,80.0,30,1
SIM-01131,2025-10-08,2025-12-20,11.04,5,13.88,8.34,150,125,83.33,45,1
SIM-01131,2025-12-10,2025-12-20,9.77,5,17.73,4.76,200,185,92.5,60,1
SIM-01132,2025-05-15,2025-12-20,13.31,5,14.94,10.1,50,40,80.0,15,0
SIM-01132,2025-07-27,2025-12-20,14.42,5,17.35,12.08,100,80,80.0,30,0
SIM-01132,2025-10-08,2025-12-20,16.5,5,18.56,15.25,150,120,80.0,45,0
SIM-01132,2025-12-10,2025-12-20,19.25,5,20.0,17.27,200,160,80.0,60,0
SIM-01133,2025-05-15,2025-12-20,12.95,5,15.05,10.05,50,45,90.0,15,1
SIM-01133,2025-07-27,2025-12-20,12.52,5,13.87,11.08,100,100,100.0,30,1
SIM-01133,2025-10-08,2025-12-20,12.81,5,20.0,6.69,150,140,93.33,45,1
SIM-01133,2025-12-10,2025-12-20,14.35,5,16.29,11.12,200,175,87.5,60,1
SIM-01134,2025-05-15,2025-12-20,11.83,5,14.02,10.19,50,45,90.0,15,1
SIM-01134,2025-07-27,2025-12-20,12.03,5,14.76,7.43,100,90,90.0,30,1
SIM-01134,2025-10-08,2025-12-20,12.64,5,14.45,11.06,150,130,86.67,45,1
SIM-01134,2025-12-10,2025-12-20,10.79,5,11.96,9.01,200,175,87.5,60,1
SIM-01135,2025-05-15,2025-12-20,12.79,5,14.95,10.18,50,35,70.0,15,0
SIM-01135,2025-07-27,2025-12-20,14.46,5,17.07,10.84,100,80,80.0,30,0
SIM-01135,2025-10-08,2025-12-20,13.4,5,17.9,8.8,150,105,70.0,45,0
SIM-01135,2025-12-10,2025-12-20,14.99,5,17.94,11.62,200,140,70.0,60,0
SIM-01136,2025-05-15,2025-12-20,11.64,5,13.76,9.84,50,40,80.0,15,0
SIM-01136,2025-07-27,2025-12-20,12.69,5,13.4,11.9,100,75,75.0,30,0
SIM-01136,2025-10-08,2025-12-20,14.69,5,16.59,13.15,150,110,73.33,45,0
SIM-01136,2025-12-10,2025-12-20,16.25,5,19.42,14.08,200,145,72.5,60,0
SIM-01137,2025-05-15,2025-12-20,12.31,5,13.3,11.2,50,35,70.0,15,1
SIM-01137,2025-07-27,2025-12-20,10.78,5,12.7,7.54,100,65,65.0,30,1
SIM-01137,2025-10-08,2025-12-20,9.48,5,12.56,6.9,150,105,70.0,45,1
SIM-01137,2025-12-10,2025-12-20,10.0,5,12.64,6.36,200,120,60.0,60,1
SIM-01138,2025-05-15,2025-12-20,10.94,5,11.74,9.66,50,30,60.0,15,1
SIM-01138,2025-07-27,2025-12-20,11.23,5,15.24,6.94,100,70,70.0,30,1
SIM-01138,2025-10-08,2025-12-20,10.51,5,15.47,7.07,150,100,66.67,45,1
SIM-01138,2025-12-10,2025-12-20,9.38,5,13.94,6.13,200,135,67.5,60,1
SIM-01139,2025-05-15,2025-12-20,12.78,5,13.69,11.08,50,40,80.0,15,1
SIM-01139,2025-07-27,2025-12-20,13.46,5,15.2,12.37,100,70,70.0,30,1
SIM-01139,2025-10-08,2025-12-20,13.35,5,15.54,10.51,150,115,76.67,45,1
SIM-01139,2025-12-10,2025-12-20,14.04,5,16.94,7.32,200,130,65.0,60,1
SIM-01140,2025-05-15,2025-12-20,13.66,5,16.87,8.65,50,35,70.0,15,0
SIM-01140,2025-07-27,2025-12-20,13.01,5,14.58,11.43,100,70,70.0,30,0
SIM-01140,2025-10-08,2025-12-20,15.78,5,19.64,12.45,150,95,63.33,45,0
SIM-01140,2025-12-10,2025-12-20,17.3,5,19.64,15.48,200,135,67.5,60,0
SIM-01141,2025-05-15,2025-12-20,10.82,5,12.26,9.6,50,40,80.0,15,1
SIM-01141,2025-07-27,2025-12-20,10.15,5,13.07,7.93,100,80,80.0,30,1
SIM-01141,2025-10-08,2025-12-20,8.98,5,9.85,6.98,150,115,76.67,45,1
SIM-01141,2025-12-10,2025-12-20,7.86,5,10.85,5.98,200,160,80.0,60,1
SIM-01142,2025-05-15,2025-12-20,10.5,5,12.04,8.35,50,40,80.0,15,1
SIM-01142,2025-07-27,2025-12-20,10.73,5,12.72,9.22,100,85,85.0,30,1
SIM-01142,2025-10-08,2025-12-20,11.26,5,14.35,7.93,150,120,80.0,45,1
SIM-01142,2025-12-10,2025-12-20,13.24,5,16.46,9.65,200,160,80.0,60,1
SIM-01143,2025-05-15,2025-12-20,11.05,5,13.35,7.53,50,30,60.0,15,1
SIM-01143,2025-07-27,2025-12-20,13.54,5,15.04,12.42,100,65,65.0,30,1
SIM-01143,2025-10-08,2025-12-20,12.01,5,14.91,9.69,150,95,63.33,45,1
SIM-01143,2025-12-10,2025-12-20,11.61,5,12.82,9.49,200,125,62.5,60,1
SIM-01144,2025-05-15,2025-12-20,10.92,5,13.72,9.18,50,50,100.0,15,1
SIM-01144,2025-07-27,2025-12-20,10.92,5,12.2,8.75,100,95,95.0,30,1
SIM-01144,2025-10-08,2025-12-20,10.43,5,12.87,8.8,150,145,96.67,45,1
SIM-01144,2025-12-10,2025-12-20,10.43,5,15.71,7.78,200,195,97.5,60,1
SIM-01145,2025-05-15,2025-12-20,13.65,5,14.84,11.69,50,40,80.0,15,0
SIM-01145,2025-07-27,2025-12-20,13.87,5,15.62,10.68,100,85,85.0,30,0
SIM-01145,2025-10-08,2025-12-20,15.89,5,19.12,10.14,150,120,80.0,45,0
SIM-01145,2025-12-10,2025-12-20,15.8,5,18.77,11.02,200,180,90.0,60,0
SIM-01146,2025-05-15,2025-12-20,11.35,5,14.62,9.08,50,40,80.0,15,1
SIM-01146,2025-07-27,2025-12-20,13.08,5,15.35,8.51,100,85,85.0,30,1
SIM-01146,2025-10-08,2025-12-20,11.97,5,14.03,9.91,150,130,86.67,45,1
SIM-01146,2025-12-10,2025-12-20,12.58,5,15.41,9.74,200,170,85.0,60,1
SIM-01147,2025-05-15,2025-12-20,10.14,5,11.88,8.56,50,40,80.0,15,1
SIM-01147,2025-07-27,2025-12-20,10.79,5,13.0,7.52,100,85,85.0,30,1
SIM-01147,2025-10-08,2025-12-20,12.38,5,15.53,8.72,150,130,86.67,45,1
SIM-01147,2025-12-10,2025-12-20,10.14,5,16.57,6.94,200,170,85.0,60,1
SIM-01148,2025-05-15,2025-12-20,12.68,5,16.0,8.52,50,45,90.0,15,0
SIM-01148,2025-07-27,2025-12-20,14.46,5,16.59,11.81,100,85,85.0,30,0
SIM-01148,2025-10-08,2025-12-20,15.72,5,18.3,12.32,150,135,90.0,45,0
SIM-01148,2025-12-10,2025-12-20,17.9,5,19.94,16.89,200,175,87.5,60,0
SIM-01149,2025-05-15,2025-12-20,12.45,5,13.64,11.53,50,45,90.0,15,1
SIM-01149,2025-07-27,2025-12-20,12.37,5,16.94,7.77,100,90,90.0,30,1
SIM-01149,2025-10-08,2025-12-20,13.87,5,15.9,10.66,150,115,76.67,45,1
SIM-01149,2025-12-10,2025-12-20,13.2,5,16.82,5.96,200,160,80.0,60,1
SIM-01150,2025-05-15,2025-12-20,10.31,5,12.41,8.3,50,35,70.0,15,1
SIM-01150,2025-07-27,2025-12-20,7.77,5,9.34,6.62,100,75,75.0,30,1
SIM-01150,2025-10-08,2025-12-20,7.56,5,11.58,4.62,150,120,80.0,45,1
SIM-01150,2025-12-10,2025-12-20,7.15,5,11.26,4.08,200,160,80.0,60,1
SIM-01151,2025-05-15,2025-12-20,10.96,5,13.16,9.5,50,45,90.0,15,1
SIM-01151,2025-07-27,2025-12-20,10.98,5,14.53,7.81,100,95,95.0,30,1
SIM-01151,2025-10-08,2025-12-20,9.63,5,12.26,7.09,150,125,83.33,45,1
SIM-01151,2025-12-10,2025-12-20,9.98,5,12.64,8.29,200,180,90.0,60,1
SIM-01152,2025-05-15,2025-12-20,12.6,5,16.16,10.39,50,45,90.0,15,1
SIM-01152,2025-07-27,2025-12-20,12.59,5,14.28,10.4,100,85,85.0,30,1
SIM-01152,2025-10-08,2025-12-20,11.88,5,17.7,9.01,150,140,93.33,45,1
SIM-01152,2025-12-10,2025-12-20,14.86,5,17.31,10.86,200,180,90.0,60,1
SIM-01153,2025-05-15,2025-12-20,10.92,5,13.37,7.64,50,40,80.0,15,1
SIM-01153,2025-07-27,2025-12-20,8.93,5,10.15,6.26,100,70,70.0,30,1
SIM-01153,2025-10-08,2025-12-20,8.51,5,10.76,7.17,150,105,70.0,45,1
SIM-01153,2025-12-10,2025-12-20,8.37,5,11.4,5.59,200,145,72.5,60,1
SIM-01154,2025-05-15,2025-12-20,10.68,5,13.3,8.86,50,20,40.0,15,1
SIM-01154,2025-07-27,2025-12-20,9.05,5,11.84,6.68,100,45,45.0,30,1
SIM-01154,2025-10-08,2025-12-20,8.84,5,10.99,5.77,150,70,46.67,45,1
SIM-01154,2025-12-10,2025-12-20,10.8,5,15.93,5.24,200,100,50.0,60,1
SIM-01155,2025-05-15,2025-12-20,12.11,5,13.31,10.7,50,45,90.0,15,0
SIM-01155,2025-07-27,2025-12-20,13.37,5,16.68,11.07,100,90,90.0,30,0
SIM-01155,2025-10-08,2025-12-20,14.05,5,17.23,10.88,150,140,93.33,45,0
SIM-01155,2025-12-10,2025-12-20,15.15,5,19.03,12.67,200,185,92.5,60,0
SIM-01156,2025-05-15,2025-12-20,13.33,5,15.96,12.19,50,35,70.0,15,1
SIM-01156,2025-07-27,2025-12-20,14.2,5,17.17,11.07,100,65,65.0,30,1
SIM-01156,2025-10-08,2025-12-20,15.45,5,19.06,9.57,150,100,66.67,45,1
SIM-01156,2025-12-10,2025-12-20,16.23,5,19.96,9.75,200,140,70.0,60,1
SIM-01157,2025-05-15,2025-12-20,12.44,5,15.09,9.93,50,40,80.0,15,0
SIM-01157,2025-07-27,2025-12-20,14.86,5,18.29,12.61,100,75,75.0,30,0
SIM-01157,2025-10-08,2025-12-20,12.13,5,13.81,10.25,150,110,73.33,45,0
SIM-01157,2025-12-10,2025-12-20,14.4,5,17.24,10.88,200,160,80.0,60,0
SIM-01158,2025-05-15,2025-12-20,11.2,5,13.99,9.84,50,40,80.0,15,1
SIM-01158,2025-07-27,2025-12-20,11.38,5,13.81,9.1,100,75,75.0,30,1
SIM-01158,2025-10-08,2025-12-20,11.37,5,18.11,5.2,150,120,80.0,45,1
SIM-01158,2025-12-10,2025-12-20,11.79,5,18.09,8.63,200,160,80.0,60,1
SIM-01159,2025-05-15,2025-12-20,11.61,5,12.82,8.95,50,40,80.0,15,1
SIM-01159,2025-07-27,2025-12-20,12.02,5,13.21,10.6,100,80,80.0,30,1
SIM-01159,2025-10-08,2025-12-20,12.41,5,17.16,7.47,150,130,86.67,45,1
SIM-01159,2025-12-10,2025-12-20,12.98,5,13.89,11.53,200,180,90.0,60,1
SIM-01160,2025-05-15,2025-12-20,12.18,5,14.67,9.14,50,25,50.0,15,0
SIM-01160,2025-07-27,2025-12-20,14.08,5,15.67,10.46,100,50,50.0,30,0
SIM-01160,2025-10-08,2025-12-20,13.37,5,17.03,8.36,150,80,53.33,45,0
SIM-01160,2025-12-10,2025-12-20,13.31,5,16.03,9.61,200,100,50.0,60,0
SIM-01161,2025-05-15,2025-12-20,11.48,5,13.65,10.12,50,30,60.0,15,0
SIM-01161,2025-07-27,2025-12-20,10.45,5,12.01,9.08,100,65,65.0,30,0
SIM-01161,2025-10-08,2025-12-20,11.51,5,12.39,10.65,150,100,66.67,45,0
SIM-01161,2025-12-10,2025-12-20,13.32,5,16.11,11.55,200,140,70.0,60,0
SIM-01162,2025-05-15,2025-12-20,11.9,5,14.08,9.83,50,50,100.0,15,1
SIM-01162,2025-07-27,2025-12-20,10.94,5,13.1,9.25,100,95,95.0,30,1
SIM-01162,2025-10-08,2025-12-20,9.96,5,14.12,3.99,150,150,100.0,45,1
SIM-01162,2025-12-10,2025-12-20,9.95,5,13.56,5.15,200,195,97.5,60,1
SIM-01163,2025-05-15,2025-12-20,11.03,5,13.35,7.78,50,40,80.0,15,1
SIM-01163,2025-07-27,2025-12-20,11.46,5,14.68,10.02,100,70,70.0,30,1
SIM-01163,2025-10-08,2025-12-20,12.91,5,17.04,8.55,150,115,76.67,45,1
SIM-01163,2025-12-10,2025-12-20,11.93,5,19.62,5.45,200,145,72.5,60,1
SIM-01164,2025-05-15,2025-12-20,12.55,5,16.81,10.37,50,45,90.0,15,0
SIM-01164,2025-07-27,2025-12-20,13.03,5,14.8,9.99,100,80,80.0,30,0
SIM-01164,2025-10-08,2025-12-20,14.9,5,18.06,11.51,150,140,93.33,45,0
SIM-01164,2025-12-10,2025-12-20,16.06,5,18.46,13.34,200,185,92.5,60,0
SIM-01165,2025-05-15,2025-12-20,11.89,5,14.12,9.59,50,30,60.0,15,1
SIM-01165,2025-07-27,2025-12-20,10.09,5,11.57,7.44,100,60,60.0,30,1
SIM-01165,2025-10-08,2025-12-20,11.58,5,12.0,10.5,150,80,53.33,45,1
SIM-01165,2025-12-10,2025-12-20,9.84,5,16.36,6.26,200,130,65.0,60,1
SIM-01166,2025-05-15,2025-12-20,13.45,5,15.57,12.34,50,50,100.0,15,0
SIM-01166,2025-07-27,2025-12-20,11.27,5,14.26,9.2,100,100,100.0,30,0
SIM-01166,2025-10-08,2025-12-20,12.12,5,13.84,9.92,150,135,90.0,45,0
SIM-01166,2025-12-10,2025-12-20,14.16,5,17.08,11.1,200,195,97.5,60,0
SIM-01167,2025-05-15,2025-12-20,12.25,5,12.76,10.97,50,35,70.0,15,0
SIM-01167,2025-07-27,2025-12-20,11.28,5,13.53,6.08,100,65,65.0,30,0
SIM-01167,2025-10-08,2025-12-20,13.22,5,15.68,10.66,150,115,76.67,45,0
SIM-01167,2025-12-10,2025-12-20,13.36,5,19.4,9.23,200,155,77.5,60,0
SIM-01168,2025-05-15,2025-12-20,7.29,5,10.38,3.9,50,45,90.0,15,1
SIM-01168,2025-07-27,2025-12-20,6.37,5,9.0,5.2,100,95,95.0,30,1
SIM-01168,2025-10-08,2025-12-20,6.16,5,9.12,3.85,150,140,93.33,45,1
SIM-01168,2025-12-10,2025-12-20,5.31,5,12.27,1.48,200,185,92.5,60,1
SIM-01169,2025-05-15,2025-12-20,12.16,5,14.0,9.84,50,45,90.0,15,1
SIM-01169,2025-07-27,2025-12-20,11.43,5,13.57,8.3,100,85,85.0,30,1
SIM-01169,2025-10-08,2025-12-20,11.95,5,13.69,8.53,150,130,86.67,45,1
SIM-01169,2025-12-10,2025-12-20,13.21,5,16.57,9.01,200,170,85.0,60,1
SIM-01170,2025-05-15,2025-12-20,11.52,5,13.95,10.59,50,45,90.0,15,0
SIM-01170,2025-07-27,2025-12-20,12.77,5,16.21,11.15,100,100,100.0,30,0
SIM-01170,2025-10-08,2025-12-20,13.27,5,18.52,8.22,150,145,96.67,45,0
SIM-01170,2025-12-10,2025-12-20,15.35,5,17.15,13.24,200,190,95.0,60,0
SIM-01171,2025-05-15,2025-12-20,9.29,5,11.22,6.93,50,40,80.0,15,1
SIM-01171,2025-07-27,2025-12-20,11.25,5,14.96,6.0,100,80,80.0,30,1
SIM-01171,2025-10-08,2025-12-20,9.41,5,11.52,8.07,150,115,76.67,45,1
SIM-01171,2025-12-10,2025-12-20,9.46,5,11.11,7.31,200,160,80.0,60,1
SIM-01172,2025-05-15,2025-12-20,11.53,5,13.16,10.27,50,35,70.0,15,1
SIM-01172,2025-07-27,2025-12-20,10.4,5,13.71,8.5,100,70,70.0,30,1
SIM-01172,2025-10-08,2025-12-20,11.46,5,14.08,9.78,150,105,70.0,45,1
SIM-01172,2025-12-10,2025-12-20,11.46,5,14.97,7.59,200,150,75.0,60,1
SIM-01173,2025-05-15,2025-12-20,13.29,5,14.63,10.75,50,35,70.0,15,0
SIM-01173,2025-07-27,2025-12-20,13.79,5,14.78,11.08,100,70,70.0,30,0
SIM-01173,2025-10-08,2025-12-20,15.29,5,16.57,14.8,150,100,66.67,45,0
SIM-01173,2025-12-10,2025-12-20,17.94,5,20.0,16.96,200,155,77.5,60,0
SIM-01174,2025-05-15,2025-12-20,13.13,5,15.49,11.81,50,45,90.0,15,0
SIM-01174,2025-07-27,2025-12-20,13.99,5,19.07,10.39,100,95,95.0,30,0
SIM-01174,2025-10-08,2025-12-20,16.12,5,18.04,14.16,150,145,96.67,45,0
SIM-01174,2025-12-10,2025-12-20,18.76,5,20.0,14.67,200,190,95.0,60,0
SIM-01175,2025-05-15,2025-12-20,11.98,5,12.93,9.91,50,35,70.0,15,0
SIM-01175,2025-07-27,2025-12-20,14.4,5,16.48,11.81,100,70,70.0,30,0
SIM-01175,2025-10-08,2025-12-20,17.4,5,20.0,13.99,150,110,73.33,45,0
SIM-01175,2025-12-10,2025-12-20,17.39,5,19.72,15.68,200,165,82.5,60,0
SIM-01176,2025-05-15,2025-12-20,11.41,5,13.28,9.66,50,40,80.0,15,1
SIM-01176,2025-07-27,2025-12-20,12.23,5,14.81,8.84,100,80,80.0,30,1
SIM-01176,2025-10-08,2025-12-20,11.0,5,13.37,9.19,150,110,73.33,45,1
SIM-01176,2025-12-10,2025-12-20,13.92,5,18.27,10.37,200,160,80.0,60,1
SIM-01177,2025-05-15,2025-12-20,11.9,5,14.01,10.15,50,35,70.0,15,0
SIM-01177,2025-07-27,2025-12-20,10.83,5,13.4,8.3,100,75,75.0,30,0
SIM-01177,2025-10-08,2025-12-20,13.6,5,16.27,10.1,150,110,73.33,45,0
SIM-01177,2025-12-10,2025-12-20,15.12,5,15.99,13.59,200,150,75.0,60,0
SIM-01178,2025-05-15,2025-12-20,11.85,5,15.05,9.41,50,35,70.0,15,1
SIM-01178,2025-07-27,2025-12-20,12.54,5,16.76,7.23,100,70,70.0,30,1
SIM-01178,2025-10-08,2025-12-20,10.55,5,13.69,6.89,150,105,70.0,45,1
SIM-01178,2025-12-10,2025-12-20,15.26,5,20.0,8.11,200,145,72.5,60,1
SIM-01179,2025-05-15,2025-12-20,11.69,5,14.15,10.56,50,50,100.0,15,1
SIM-01179,2025-07-27,2025-12-20,11.99,5,13.41,9.58,100,95,95.0,30,1
SIM-01179,2025-10-08,2025-12-20,12.83,5,16.3,10.89,150,135,90.0,45,1
SIM-01179,2025-12-10,2025-12-20,13.88,5,18.64,8.31,200,190,95.0,60,1
SIM-01180,2025-05-15,2025-12-20,11.39,5,14.45,8.29,50,40,80.0,15,0
SIM-01180,2025-07-27,2025-12-20,13.61,5,16.24,11.88,100,75,75.0,30,0
SIM-01180,2025-10-08,2025-12-20,16.07,5,18.31,13.49,150,105,70.0,45,0
SIM-01180,2025-12-10,2025-12-20,17.03,5,18.11,15.45,200,135,67.5,60,0
SIM-01181,2025-05-15,2025-12-20,13.0,5,14.89,8.91,50,35,70.0,15,0
SIM-01181,2025-07-27,2025-12-20,14.51,5,17.25,12.09,100,85,85.0,30,0
SIM-01181,2025-10-08,2025-12-20,13.35,5,16.27,10.84,150,125,83.33,45,0
SIM-01181,2025-12-10,2025-12-20,17.16,5,19.88,14.5,200,160,80.0,60,0
SIM-01182,2025-05-15,2025-12-20,12.78,5,13.25,12.08,50,45,90.0,15,0
SIM-01182,2025-07-27,2025-12-20,12.11,5,13.89,10.08,100,90,90.0,30,0
SIM-01182,2025-10-08,2025-12-20,12.84,5,15.62,10.2,150,125,83.33,45,0
SIM-01182,2025-12-10,2025-12-20,13.48,5,15.4,10.5,200,175,87.5,60,0
SIM-01183,2025-05-15,2025-12-20,14.24,5,16.21,11.86,50,45,90.0,15,0
SIM-01183,2025-07-27,2025-12-20,13.95,5,15.87,12.06,100,95,95.0,30,0
SIM-01183,2025-10-08,2025-12-20,14.56,5,17.33,11.95,150,135,90.0,45,0
SIM-01183,2025-12-10,2025-12-20,16.1,5,20.0,11.4,200,180,90.0,60,0
SIM-01184,2025-05-15,2025-12-20,10.92,5,12.84,8.24,50,45,90.0,15,1
SIM-01184,2025-07-27,2025-12-20,11.28,5,13.99,7.79,100,95,95.0,30,1
SIM-01184,2025-10-08,2025-12-20,10.12,5,13.78,7.99,150,130,86.67,45,1
SIM-01184,2025-12-10,2025-12-20,11.21,5,18.99,7.58,200,175,87.5,60,1
SIM-01185,2025-05-15,2025-12-20,12.93,5,15.53,10.53,50,35,70.0,15,0
SIM-01185,2025-07-27,2025-12-20,13.68,5,19.09,9.38,100,65,65.0,30,0
SIM-01185,2025-10-08,2025-12-20,16.68,5,19.68,11.81,150,95,63.33,45,0
SIM-01185,2025-12-10,2025-12-20,16.66,5,20.0,10.82,200,135,67.5,60,0
SIM-01186,2025-05-15,2025-12-20,9.83,5,11.67,7.75,50,40,80.0,15,1
SIM-01186,2025-07-27,2025-12-20,11.32,5,14.19,7.46,100,75,75.0,30,1
SIM-01186,2025-10-08,2025-12-20,9.86,5,11.63,7.21,150,120,80.0,45,1
SIM-01186,2025-12-10,2025-12-20,10.49,5,14.17,5.82,200,160,80.0,60,1
SIM-01187,2025-05-15,2025-12-20,12.35,5,13.14,11.47,50,45,90.0,15,0
SIM-01187,2025-07-27,2025-12-20,13.25,5,14.42,11.82,100,90,90.0,30,0
SIM-01187,2025-10-08,2025-12-20,13.78,5,15.83,11.69,150,135,90.0,45,0
SIM-01187,2025-12-10,2025-12-20,16.29,5,19.18,14.6,200,185,92.5,60,0
SIM-01188,2025-05-15,2025-12-20,10.23,5,13.24,7.12,50,40,80.0,15,1
SIM-01188,2025-07-27,2025-12-20,11.17,5,12.1,10.28,100,85,85.0,30,1
SIM-01188,2025-10-08,2025-12-20,11.86,5,13.36,10.7,150,140,93.33,45,1
SIM-01188,2025-12-10,2025-12-20,11.15,5,13.89,7.94,200,180,90.0,60,1
SIM-01189,2025-05-15,2025-12-20,9.83,5,11.03,8.14,50,40,80.0,15,1
SIM-01189,2025-07-27,2025-12-20,9.14,5,12.02,6.09,100,80,80.0,30,1
SIM-01189,2025-10-08,2025-12-20,10.27,5,16.7,7.28,150,120,80.0,45,1
SIM-01189,2025-12-10,2025-12-20,9.8,5,15.57,6.55,200,170,85.0,60,1
SIM-01190,2025-05-15,2025-12-20,10.82,5,12.58,9.15,50,40,80.0,15,0
SIM-01190,2025-07-27,2025-12-20,11.95,5,16.82,9.33,100,70,70.0,30,0
SIM-01190,2025-10-08,2025-12-20,14.22,5,17.32,11.44,150,125,83.33,45,0
SIM-01190,2025-12-10,2025-12-20,12.97,5,15.21,10.8,200,155,77.5,60,0
SIM-01191,2025-05-15,2025-12-20,10.81,5,13.22,9.1,50,35,70.0,15,0
SIM-01191,2025-07-27,2025-12-20,12.68,5,14.54,10.45,100,75,75.0,30,0
SIM-01191,2025-10-08,2025-12-20,13.05,5,17.48,10.06,150,105,70.0,45,0
SIM-01191,2025-12-10,2025-12-20,13.94,5,17.75,11.15,200,125,62.5,60,0
SIM-01192,2025-05-15,2025-12-20,11.52,5,13.54,9.52,50,40,80.0,15,1
SIM-01192,2025-07-27,2025-12-20,11.29,5,13.42,8.09,100,90,90.0,30,1
SIM-01192,2025-10-08,2025-12-20,12.12,5,13.41,10.28,150,125,83.33,45,1
SIM-01192,2025-12-10,2025-12-20,12.88,5,13.71,12.4,200,170,85.0,60,1
SIM-01193,2025-05-15,2025-12-20,11.89,5,14.18,9.88,50,35,70.0,15,1
SIM-01193,2025-07-27,2025-12-20,11.03,5,12.24,10.23,100,75,75.0,30,1
SIM-01193,2025-10-08,2025-12-20,9.69,5,11.54,6.53,150,110,73.33,45,1
SIM-01193,2025-12-10,2025-12-20,10.91,5,13.02,8.38,200,130,65.0,60,1
SIM-01194,2025-05-15,2025-12-20,11.79,5,14.95,9.19,50,45,90.0,15,1
SIM-01194,2025-07-27,2025-12-20,10.59,5,13.69,8.53,100,80,80.0,30,1
SIM-01194,2025-10-08,2025-12-20,11.99,5,13.95,10.51,150,125,83.33,45,1
SIM-01194,2025-12-10,2025-12-20,11.88,5,14.71,7.37,200,170,85.0,60,1
SIM-01195,2025-05-15,2025-12-20,10.71,5,13.44,8.57,50,45,90.0,15,1
SIM-01195,2025-07-27,2025-12-20,9.06,5,13.96,6.46,100,85,85.0,30,1
SIM-01195,2025-10-08,2025-12-20,10.07,5,13.69,6.87,150,130,86.67,45,1
SIM-01195,2025-12-10,2025-12-20,9.67,5,12.95,6.59,200,170,85.0,60,1
SIM-01196,2025-05-15,2025-12-20,10.43,5,11.98,8.2,50,40,80.0,15,0
SIM-01196,2025-07-27,2025-12-20,14.9,5,18.22,12.68,100,85,85.0,30,0
SIM-01196,2025-10-08,2025-12-20,16.1,5,18.65,13.67,150,120,80.0,45,0
SIM-01196,2025-12-10,2025-12-20,17.11,5,18.92,14.16,200,170,85.0,60,0
SIM-01197,2025-05-15,2025-12-20,11.75,5,13.4,10.77,50,45,90.0,15,1
SIM-01197,2025-07-27,2025-12-20,12.01,5,13.83,8.91,100,90,90.0,30,1
SIM-01197,2025-10-08,2025-12-20,12.47,5,17.99,9.32,150,135,90.0,45,1
SIM-01197,2025-12-10,2025-12-20,12.55,5,14.03,10.64,200,180,90.0,60,1
SIM-01198,2025-05-15,2025-12-20,9.5,5,10.21,7.65,50,45,90.0,15,1
SIM-01198,2025-07-27,2025-12-20,11.15,5,12.94,9.94,100,95,95.0,30,1
SIM-01198,2025-10-08,2025-12-20,11.11,5,12.64,9.98,150,140,93.33,45,1
SIM-01198,2025-12-10,2025-12-20,11.95,5,15.7,9.44,200,190,95.0,60,1
SIM-01199,2025-05-15,2025-12-20,11.81,5,13.14,10.39,50,30,60.0,15,1
SIM-01199,2025-07-27,2025-12-20,9.72,5,11.93,8.73,100,70,70.0,30,1
SIM-01199,2025-10-08,2025-12-20,9.75,5,12.59,7.48,150,95,63.33,45,1
SIM-01199,2025-12-10,2025-12-20,9.03,5,10.44,7.94,200,125,62.5,60,1
SIM-01200,2025-05-15,2025-12-20,9.18,5,10.89,7.17,50,40,80.0,15,1
SIM-01200,2025-07-27,2025-12-20,7.39,5,8.69,6.11,100,90,90.0,30,1
SIM-01200,2025-10-08,2025-12-20,5.7,5,7.78,3.6,150,120,80.0,45,1
SIM-01200,2025-12-10,2025-12-20,5.53,5,8.98,3.12,200,170,85.0,60,1
SIM-01201,2025-05-15,2025-12-20,11.45,5,13.23,9.26,50,30,60.0,15,0
SIM-01201,2025-07-27,2025-12-20,12.99,5,14.76,11.46,100,50,50.0,30,0
SIM-01201,2025-10-08,2025-12-20,10.85,5,13.1,8.69,150,85,56.67,45,0
SIM-01201,2025-12-10,2025-12-20,13.42,5,15.95,10.68,200,115,57.5,60,0
SIM-01202,2025-05-15,2025-12-20,9.71,5,12.21,6.21,50,30,60.0,15,1
SIM-01202,2025-07-27,2025-12-20,12.71,5,15.67,10.57,100,60,60.0,30,1
SIM-01202,2025-10-08,2025-12-20,11.75,5,14.73,10.36,150,100,66.67,45,1
SIM-01202,2025-12-10,2025-12-20,12.19,5,16.95,6.81,200,110,55.0,60,1
SIM-01203,2025-05-15,2025-12-20,11.21,5,14.85,7.02,50,30,60.0,15,1
SIM-01203,2025-07-27,2025-12-20,11.44,5,13.17,9.28,100,60,60.0,30,1
SIM-01203,2025-10-08,2025-12-20,12.07,5,16.39,7.28,150,100,66.67,45,1
SIM-01203,2025-12-10,2025-12-20,11.1,5,15.37,6.45,200,105,52.5,60,1
SIM-01204,2025-05-15,2025-12-20,10.34,5,12.73,7.85,50,50,100.0,15,1
SIM-01204,2025-07-27,2025-12-20,11.6,5,13.51,9.75,100,95,95.0,30,1
SIM-01204,2025-10-08,2025-12-20,12.19,5,15.15,10.96,150,135,90.0,45,1
SIM-01204,2025-12-10,2025-12-20,12.32,5,14.28,10.01,200,195,97.5,60,1
SIM-01205,2025-05-15,2025-12-20,12.02,5,14.97,9.61,50,30,60.0,15,1
SIM-01205,2025-07-27,2025-12-20,11.88,5,14.49,8.25,100,55,55.0,30,1
SIM-01205,2025-10-08,2025-12-20,12.09,5,14.77,10.08,150,95,63.33,45,1
SIM-01205,2025-12-10,2025-12-20,14.33,5,17.92,11.06,200,110,55.0,60,1
SIM-01206,2025-05-15,2025-12-20,11.69,5,13.49,9.73,50,40,80.0,15,1
SIM-01206,2025-07-27,2025-12-20,9.94,5,12.27,7.01,100,80,80.0,30,1
SIM-01206,2025-10-08,2025-12-20,10.46,5,13.84,7.48,150,120,80.0,45,1
SIM-01206,2025-12-10,2025-12-20,11.23,5,13.48,7.2,200,165,82.5,60,1
SIM-01207,2025-05-15,2025-12-20,11.51,5,14.35,9.88,50,50,100.0,15,1
SIM-01207,2025-07-27,2025-12-20,10.29,5,13.08,6.61,100,100,100.0,30,1
SIM-01207,2025-10-08,2025-12-20,10.07,5,11.33,8.99,150,145,96.67,45,1
SIM-01207,2025-12-10,2025-12-20,9.78,5,10.87,8.95,200,195,97.5,60,1
SIM-01208,2025-05-15,2025-12-20,12.23,5,14.9,8.07,50,40,80.0,15,1
SIM-01208,2025-07-27,2025-12-20,13.07,5,14.87,10.13,100,85,85.0,30,1
SIM-01208,2025-10-08,2025-12-20,12.38,5,13.85,10.63,150,135,90.0,45,1
SIM-01208,2025-12-10,2025-12-20,10.5,5,11.96,8.1,200,165,82.5,60,1
SIM-01209,2025-05-15,2025-12-20,11.25,5,14.08,8.63,50,30,60.0,15,1
SIM-01209,2025-07-27,2025-12-20,11.91,5,14.68,9.88,100,50,50.0,30,1
SIM-01209,2025-10-08,2025-12-20,13.76,5,18.82,10.99,150,85,56.67,45,1
SIM-01209,2025-12-10,2025-12-20,15.02,5,19.87,11.94,200,105,52.5,60,1
SIM-01210,2025-05-15,2025-12-20,11.4,5,12.02,10.68,50,40,80.0,15,0
SIM-01210,2025-07-27,2025-12-20,12.55,5,15.18,8.51,100,80,80.0,30,0
SIM-01210,2025-10-08,2025-12-20,13.36,5,15.22,12.03,150,135,90.0,45,0
SIM-01210,2025-12-10,2025-12-20,14.44,5,16.96,10.56,200,165,82.5,60,0
SIM-01211,2025-05-15,2025-12-20,11.82,5,12.73,11.06,50,40,80.0,15,1
SIM-01211,2025-07-27,2025-12-20,11.92,5,15.24,8.97,100,90,90.0,30,1
SIM-01211,2025-10-08,2025-12-20,9.54,5,12.9,8.09,150,130,86.67,45,1
SIM-01211,2025-12-10,2025-12-20,10.74,5,15.41,7.05,200,180,90.0,60,1
SIM-01212,2025-05-15,2025-12-20,10.97,5,14.7,7.92,50,50,100.0,15,0
SIM-01212,2025-07-27,2025-12-20,12.76,5,13.46,11.77,100,95,95.0,30,0
SIM-01212,2025-10-08,2025-12-20,14.05,5,17.6,9.0,150,150,100.0,45,0
SIM-01212,2025-12-10,2025-12-20,15.19,5,19.83,12.8,200,200,100.0,60,0
SIM-01213,2025-05-15,2025-12-20,10.57,5,12.14,9.38,50,50,100.0,15,1
SIM-01213,2025-07-27,2025-12-20,12.14,5,15.11,8.57,100,95,95.0,30,1
SIM-01213,2025-10-08,2025-12-20,12.82,5,16.73,10.07,150,150,100.0,45,1
SIM-01213,2025-12-10,2025-12-20,12.22,5,17.37,8.86,200,200,100.0,60,1
SIM-01214,2025-05-15,2025-12-20,13.45,5,15.18,12.16,50,50,100.0,15,0
SIM-01214,2025-07-27,2025-12-20,15.29,5,16.62,12.6,100,95,95.0,30,0
SIM-01214,2025-10-08,2025-12-20,16.13,5,18.25,13.84,150,150,100.0,45,0
SIM-01214,2025-12-10,2025-12-20,17.59,5,20.0,14.85,200,200,100.0,60,0
SIM-01215,2025-05-15,2025-12-20,11.87,5,12.76,9.42,50,40,80.0,15,1
SIM-01215,2025-07-27,2025-12-20,12.04,5,15.71,8.9,100,85,85.0,30,1
SIM-01215,2025-10-08,2025-12-20,13.04,5,19.3,9.53,150,125,83.33,45,1
SIM-01215,2025-12-10,2025-12-20,13.27,5,18.58,9.31,200,170,85.0,60,1
SIM-01216,2025-05-15,2025-12-20,9.79,5,12.28,6.57,50,35,70.0,15,1
SIM-01216,2025-07-27,2025-12-20,11.28,5,13.51,9.73,100,65,65.0,30,1
SIM-01216,2025-10-08,2025-12-20,13.69,5,17.96,9.61,150,105,70.0,45,1
SIM-01216,2025-12-10,2025-12-20,13.85,5,20.0,7.58,200,150,75.0,60,1
SIM-01217,2025-05-15,2025-12-20,10.14,5,12.4,8.26,50,35,70.0,15,1
SIM-01217,2025-07-27,2025-12-20,9.99,5,16.41,5.28,100,75,75.0,30,1
SIM-01217,2025-10-08,2025-12-20,9.13,5,11.61,4.08,150,110,73.33,45,1
SIM-01217,2025-12-10,2025-12-20,11.19,5,19.04,7.08,200,120,60.0,60,1
SIM-01218,2025-05-15,2025-12-20,11.79,5,14.51,10.21,50,40,80.0,15,0
SIM-01218,2025-07-27,2025-12-20,13.21,5,16.21,11.18,100,75,75.0,30,0
SIM-01218,2025-10-08,2025-12-20,13.93,5,18.39,10.12,150,130,86.67,45,0
SIM-01218,2025-12-10,2025-12-20,15.55,5,18.69,10.72,200,155,77.5,60,0
SIM-01219,2025-05-15,2025-12-20,12.38,5,14.06,10.92,50,50,100.0,15,0
SIM-01219,2025-07-27,2025-12-20,13.3,5,15.87,11.39,100,100,100.0,30,0
SIM-01219,2025-10-08,2025-12-20,15.36,5,17.31,12.98,150,145,96.67,45,0
SIM-01219,2025-12-10,2025-12-20,15.32,5,18.4,11.66,200,200,100.0,60,0
SIM-01220,2025-05-15,2025-12-20,12.6,5,15.69,8.7,50,40,80.0,15,0
SIM-01220,2025-07-27,2025-12-20,14.52,5,15.9,13.32,100,80,80.0,30,0
SIM-01220,2025-10-08,2025-12-20,17.41,5,20.0,14.3,150,135,90.0,45,0
SIM-01220,2025-12-10,2025-12-20,18.45,5,20.0,16.65,200,165,82.5,60,0
SIM-01221,2025-05-15,2025-12-20,12.13,5,14.06,8.59,50,20,40.0,15,0
SIM-01221,2025-07-27,2025-12-20,11.58,5,15.18,7.24,100,45,45.0,30,0
SIM-01221,2025-10-08,2025-12-20,13.75,5,16.14,11.08,150,60,40.0,45,0
SIM-01221,2025-12-10,2025-12-20,14.88,5,17.74,10.85,200,80,40.0,60,0
SIM-01222,2025-05-15,2025-12-20,11.71,5,13.28,10.97,50,50,100.0,15,0
SIM-01222,2025-07-27,2025-12-20,13.47,5,16.11,11.3,100,100,100.0,30,0
SIM-01222,2025-10-08,2025-12-20,14.59,5,15.46,12.77,150,150,100.0,45,0
SIM-01222,2025-12-10,2025-12-20,16.41,5,17.68,15.21,200,190,95.0,60,0
SIM-01223,2025-05-15,2025-12-20,10.98,5,12.73,8.91,50,30,60.0,15,0
SIM-01223,2025-07-27,2025-12-20,11.41,5,14.85,9.37,100,55,55.0,30,0
SIM-01223,2025-10-08,2025-12-20,13.16,5,16.59,9.72,150,95,63.33,45,0
SIM-01223,2025-12-10,2025-12-20,14.95,5,20.0,11.84,200,135,67.5,60,0
SIM-01224,2025-05-15,2025-12-20,12.72,5,14.46,10.88,50,40,80.0,15,0
SIM-01224,2025-07-27,2025-12-20,13.15,5,14.25,11.67,100,75,75.0,30,0
SIM-01224,2025-10-08,2025-12-20,14.53,5,18.38,11.41,150,105,70.0,45,0
SIM-01224,2025-12-10,2025-12-20,15.38,5,18.18,11.44,200,155,77.5,60,0
SIM-01225,2025-05-15,2025-12-20,12.04,5,16.08,9.15,50,45,90.0,15,1
SIM-01225,2025-07-27,2025-12-20,11.51,5,17.41,7.18,100,85,85.0,30,1
SIM-01225,2025-10-08,2025-12-20,13.9,5,20.0,11.2,150,130,86.67,45,1
SIM-01225,2025-12-10,2025-12-20,14.23,5,20.0,6.78,200,170,85.0,60,1
SIM-01226,2025-05-15,2025-12-20,8.81,5,13.05,6.52,50,40,80.0,15,1
SIM-01226,2025-07-27,2025-12-20,9.84,5,11.65,7.15,100,85,85.0,30,1
SIM-01226,2025-10-08,2025-12-20,9.24,5,10.93,7.32,150,130,86.67,45,1
SIM-01226,2025-12-10,2025-12-20,8.12,5,9.97,5.3,200,160,80.0,60,1
SIM-01227,2025-05-15,2025-12-20,11.95,5,15.98,9.11,50,40,80.0,15,0
SIM-01227,2025-07-27,2025-12-20,13.01,5,15.6,11.11,100,70,70.0,30,0
SIM-01227,2025-10-08,2025-12-20,15.23,5,18.85,11.25,150,100,66.67,45,0
SIM-01227,2025-12-10,2025-12-20,16.74,5,19.92,12.74,200,145,72.5,60,0
SIM-01228,2025-05-15,2025-12-20,10.98,5,13.11,9.8,50,45,90.0,15,1
SIM-01228,2025-07-27,2025-12-20,11.19,5,13.3,7.55,100,90,90.0,30,1
SIM-01228,2025-10-08,2025-12-20,11.68,5,12.61,8.63,150,140,93.33,45,1
SIM-01228,2025-12-10,2025-12-20,10.53,5,14.64,5.92,200,180,90.0,60,1
SIM-01229,2025-05-15,2025-12-20,11.71,5,12.52,10.77,50,35,70.0,15,1
SIM-01229,2025-07-27,2025-12-20,10.8,5,14.14,8.15,100,70,70.0,30,1
SIM-01229,2025-10-08,2025-12-20,11.74,5,15.05,8.96,150,100,66.67,45,1
SIM-01229,2025-12-10,2025-12-20,12.33,5,20.0,8.4,200,150,75.0,60,1
SIM-01230,2025-05-15,2025-12-20,11.21,5,12.4,8.78,50,45,90.0,15,0
SIM-01230,2025-07-27,2025-12-20,14.05,5,17.23,10.93,100,95,95.0,30,0
SIM-01230,2025-10-08,2025-12-20,13.36,5,16.25,9.46,150,130,86.67,45,0
SIM-01230,2025-12-10,2025-12-20,15.04,5,20.0,11.06,200,180,90.0,60,0
SIM-01231,2025-05-15,2025-12-20,11.78,5,12.47,10.63,50,45,90.0,15,1
SIM-01231,2025-07-27,2025-12-20,10.5,5,12.71,6.53,100,75,75.0,30,1
SIM-01231,2025-10-08,2025-12-20,12.06,5,17.58,10.02,150,130,86.67,45,1
SIM-01231,2025-12-10,2025-12-20,9.54,5,15.66,5.09,200,170,85.0,60,1
SIM-01232,2025-05-15,2025-12-20,12.82,5,14.99,10.39,50,50,100.0,15,0
SIM-01232,2025-07-27,2025-12-20,12.03,5,13.81,9.58,100,90,90.0,30,0
SIM-01232,2025-10-08,2025-12-20,15.92,5,18.36,12.42,150,130,86.67,45,0
SIM-01232,2025-12-10,2025-12-20,16.55,5,19.41,13.14,200,180,90.0,60,0
SIM-01233,2025-05-15,2025-12-20,11.23,5,14.9,9.18,50,35,70.0,15,1
SIM-01233,2025-07-27,2025-12-20,11.41,5,13.84,8.33,100,80,80.0,30,1
SIM-01233,2025-10-08,2025-12-20,10.5,5,13.83,6.55,150,105,70.0,45,1
SIM-01233,2025-12-10,2025-12-20,13.36,5,18.43,8.27,200,155,77.5,60,1
SIM-01234,2025-05-15,2025-12-20,11.36,5,14.08,8.6,50,40,80.0,15,1
SIM-01234,2025-07-27,2025-12-20,8.86,5,9.76,7.36,100,75,75.0,30,1
SIM-01234,2025-10-08,2025-12-20,10.45,5,14.64,6.5,150,120,80.0,45,1
SIM-01234,2025-12-10,2025-12-20,10.47,5,13.73,7.97,200,155,77.5,60,1
SIM-01235,2025-05-15,2025-12-20,11.95,5,13.18,8.84,50,35,70.0,15,1
SIM-01235,2025-07-27,2025-12-20,11.38,5,12.76,10.17,100,70,70.0,30,1
SIM-01235,2025-10-08,2025-12-20,12.08,5,14.92,9.33,150,115,76.67,45,1
SIM-01235,2025-12-10,2025-12-20,12.81,5,14.92,11.19,200,160,80.0,60,1
SIM-01236,2025-05-15,2025-12-20,12.97,5,14.86,10.47,50,45,90.0,15,1
SIM-01236,2025-07-27,2025-12-20,13.32,5,17.63,11.59,100,90,90.0,30,1
SIM-01236,2025-10-08,2025-12-20,13.19,5,16.48,10.41,150,135,90.0,45,1
SIM-01236,2025-12-10,2025-12-20,14.26,5,17.46,10.13,200,180,90.0,60,1
SIM-01237,2025-05-15,2025-12-20,13.51,5,14.82,12.67,50,30,60.0,15,0
SIM-01237,2025-07-27,2025-12-20,14.7,5,16.99,11.7,100,65,65.0,30,0
SIM-01237,2025-10-08,2025-12-20,14.97,5,16.41,13.5,150,90,60.0,45,0
SIM-01237,2025-12-10,2025-12-20,18.29,5,20.0,13.74,200,115,57.5,60,0
SIM-01238,2025-05-15,2025-12-20,8.99,5,11.21,6.95,50,35,70.0,15,1
SIM-01238,2025-07-27,2025-12-20,10.73,5,12.24,8.4,100,60,60.0,30,1
SIM-01238,2025-10-08,2025-12-20,9.37,5,12.3,5.92,150,105,70.0,45,1
SIM-01238,2025-12-10,2025-12-20,8.34,5,14.75,3.6,200,120,60.0,60,1
SIM-01239,2025-05-15,2025-12-20,9.88,5,12.26,5.19,50,35,70.0,15,1
SIM-01239,2025-07-27,2025-12-20,11.51,5,14.97,8.51,100,60,60.0,30,1
SIM-01239,2025-10-08,2025-12-20,12.61,5,14.36,11.16,150,100,66.67,45,1
SIM-01239,2025-12-10,2025-12-20,10.2,5,12.36,8.65,200,135,67.5,60,1
SIM-01240,2025-05-15,2025-12-20,12.52,5,14.7,10.36,50,45,90.0,15,0
SIM-01240,2025-07-27,2025-12-20,15.31,5,18.39,11.97,100,95,95.0,30,0
SIM-01240,2025-10-08,2025-12-20,15.24,5,17.95,10.43,150,130,86.67,45,0
SIM-01240,2025-12-10,2025-12-20,17.76,5,20.0,13.99,200,175,87.5,60,0
SIM-01241,2025-05-15,2025-12-20,12.85,5,13.89,11.22,50,50,100.0,15,1
SIM-01241,2025-07-27,2025-12-20,11.12,5,12.91,9.38,100,90,90.0,30,1
SIM-01241,2025-10-08,2025-12-20,11.39,5,15.27,6.5,150,145,96.67,45,1
SIM-01241,2025-12-10,2025-12-20,13.32,5,18.93,8.49,200,180,90.0,60,1
SIM-01242,2025-05-15,2025-12-20,11.36,5,14.95,8.6,50,40,80.0,15,1
SIM-01242,2025-07-27,2025-12-20,10.49,5,12.56,8.52,100,85,85.0,30,1
SIM-01242,2025-10-08,2025-12-20,12.7,5,14.04,8.25,150,135,90.0,45,1
SIM-01242,2025-12-10,2025-12-20,11.96,5,14.51,8.84,200,170,85.0,60,1
SIM-01243,2025-05-15,2025-12-20,10.18,5,12.44,6.26,50,50,100.0,15,1
SIM-01243,2025-07-27,2025-12-20,11.92,5,14.06,10.22,100,95,95.0,30,1
SIM-01243,2025-10-08,2025-12-20,9.84,5,11.94,8.37,150,140,93.33,45,1
SIM-01243,2025-12-10,2025-12-20,10.63,5,14.93,6.98,200,185,92.5,60,1
SIM-01244,2025-05-15,2025-12-20,10.88,5,12.11,8.9,50,40,80.0,15,1
SIM-01244,2025-07-27,2025-12-20,12.2,5,13.79,9.79,100,75,75.0,30,1
SIM-01244,2025-10-08,2025-12-20,11.85,5,14.05,9.29,150,115,76.67,45,1
SIM-01244,2025-12-10,2025-12-20,12.79,5,14.44,9.57,200,145,72.5,60,1
SIM-01245,2025-05-15,2025-12-20,10.98,5,12.77,9.13,50,35,70.0,15,1
SIM-01245,2025-07-27,2025-12-20,12.09,5,14.04,10.51,100,75,75.0,30,1
SIM-01245,2025-10-08,2025-12-20,12.66,5,14.29,10.13,150,105,70.0,45,1
SIM-01245,2025-12-10,2025-12-20,11.95,5,15.92,8.34,200,140,70.0,60,1
SIM-01246,2025-05-15,2025-12-20,11.37,5,13.19,8.29,50,50,100.0,15,0
SIM-01246,2025-07-27,2025-12-20,13.7,5,15.29,12.34,100,90,90.0,30,0
SIM-01246,2025-10-08,2025-12-20,14.98,5,17.99,12.22,150,140,93.33,45,0
SIM-01246,2025-12-10,2025-12-20,16.0,5,19.61,12.08,200,185,92.5,60,0
SIM-01247,2025-05-15,2025-12-20,10.58,5,11.67,8.95,50,45,90.0,15,1
SIM-01247,2025-07-27,2025-12-20,11.38,5,14.03,9.0,100,90,90.0,30,1
SIM-01247,2025-10-08,2025-12-20,9.41,5,14.93,7.11,150,135,90.0,45,1
SIM-01247,2025-12-10,2025-12-20,11.23,5,15.17,7.36,200,165,82.5,60,1
SIM-01248,2025-05-15,2025-12-20,9.75,5,13.65,7.56,50,40,80.0,15,1
SIM-01248,2025-07-27,2025-12-20,10.12,5,14.11,7.13,100,80,80.0,30,1
SIM-01248,2025-10-08,2025-12-20,11.43,5,16.01,6.88,150,125,83.33,45,1
SIM-01248,2025-12-10,2025-12-20,11.35,5,15.28,6.74,200,165,82.5,60,1
SIM-01249,2025-05-15,2025-12-20,10.92,5,16.79,8.6,50,35,70.0,15,1
SIM-01249,2025-07-27,2025-12-20,9.88,5,12.24,7.74,100,70,70.0,30,1
SIM-01249,2025-10-08,2025-12-20,11.03,5,12.84,9.55,150,110,73.33,45,1
SIM-01249,2025-12-10,2025-12-20,12.44,5,13.34,11.74,200,165,82.5,60,1
SIM-01250,2025-05-15,2025-12-20,10.35,5,13.47,7.0,50,35,70.0,15,1
SIM-01250,2025-07-27,2025-12-20,9.62,5,10.78,7.91,100,75,75.0,30,1
SIM-01250,2025-10-08,2025-12-20,10.7,5,14.43,7.96,150,100,66.67,45,1
SIM-01250,2025-12-10,2025-12-20,11.47,5,14.24,9.32,200,130,65.0,60,1
SIM-01251,2025-05-15,2025-12-20,12.92,5,14.55,11.39,50,35,70.0,15,1
SIM-01251,2025-07-27,2025-12-20,13.28,5,16.46,9.09,100,75,75.0,30,1
SIM-01251,2025-10-08,2025-12-20,13.04,5,16.43,7.49,150,110,73.33,45,1
SIM-01251,2025-12-10,2025-12-20,15.39,5,20.0,9.76,200,155,77.5,60,1
SIM-01252,2025-05-15,2025-12-20,9.91,5,14.02,5.39,50,40,80.0,15,1
SIM-01252,2025-07-27,2025-12-20,10.97,5,14.2,4.8,100,80,80.0,30,1
SIM-01252,2025-10-08,2025-12-20,10.97,5,13.26,9.0,150,120,80.0,45,1
SIM-01252,2025-12-10,2025-12-20,11.74,5,14.41,7.83,200,150,75.0,60,1
SIM-01253,2025-05-15,2025-12-20,11.4,5,12.99,10.68,50,30,60.0,15,1
SIM-01253,2025-07-27,2025-12-20,11.82,5,15.88,8.86,100,65,65.0,30,1
SIM-01253,2025-10-08,2025-12-20,12.12,5,15.9,7.17,150,95,63.33,45,1
SIM-01253,2025-12-10,2025-12-20,14.34,5,17.91,9.43,200,125,62.5,60,1
SIM-01254,2025-05-15,2025-12-20,11.63,5,14.41,9.8,50,40,80.0,15,0
SIM-01254,2025-07-27,2025-12-20,14.84,5,17.05,11.6,100,70,70.0,30,0
SIM-01254,2025-10-08,2025-12-20,16.13,5,17.53,14.06,150,110,73.33,45,0
SIM-01254,2025-12-10,2025-12-20,16.07,5,19.87,13.22,200,140,70.0,60,0
SIM-01255,2025-05-15,2025-12-20,13.53,5,15.02,11.51,50,50,100.0,15,0
SIM-01255,2025-07-27,2025-12-20,12.02,5,12.89,10.9,100,85,85.0,30,0
SIM-01255,2025-10-08,2025-12-20,11.43,5,13.19,7.93,150,130,86.67,45,0
SIM-01255,2025-12-10,2025-12-20,14.59,5,16.16,11.89,200,175,87.5,60,0
SIM-01256,2025-05-15,2025-12-20,12.81,5,16.38,9.51,50,40,80.0,15,0
SIM-01256,2025-07-27,2025-12-20,14.16,5,16.66,10.63,100,90,90.0,30,0
SIM-01256,2025-10-08,2025-12-20,13.94,5,17.92,10.79,150,130,86.67,45,0
SIM-01256,2025-12-10,2025-12-20,14.89,5,19.99,11.03,200,165,82.5,60,0
SIM-01257,2025-05-15,2025-12-20,10.91,5,13.18,7.67,50,50,100.0,15,1
SIM-01257,2025-07-27,2025-12-20,12.23,5,15.88,10.55,100,95,95.0,30,1
SIM-01257,2025-10-08,2025-12-20,13.68,5,16.23,11.07,150,140,93.33,45,1
SIM-01257,2025-12-10,2025-12-20,13.63,5,16.02,10.73,200,190,95.0,60,1
SIM-01258,2025-05-15,2025-12-20,11.63,5,13.49,9.49,50,35,70.0,15,1
SIM-01258,2025-07-27,2025-12-20,13.38,5,15.89,11.11,100,65,65.0,30,1
SIM-01258,2025-10-08,2025-12-20,11.97,5,14.75,7.84,150,95,63.33,45,1
SIM-01258,2025-12-10,2025-12-20,12.57,5,16.38,7.13,200,130,65.0,60,1
SIM-01259,2025-05-15,2025-12-20,12.09,5,14.44,10.9,50,40,80.0,15,0
SIM-01259,2025-07-27,2025-12-20,12.96,5,16.57,11.86,100,70,70.0,30,0
SIM-01259,2025-10-08,2025-12-20,14.27,5,20.0,8.41,150,115,76.67,45,0
SIM-01259,2025-12-10,2025-12-20,14.87,5,20.0,11.32,200,155,77.5,60,0
SIM-01260,2025-05-15,2025-12-20,11.49,5,13.46,10.08,50,40,80.0,15,0
SIM-01260,2025-07-27,2025-12-20,13.06,5,14.98,9.87,100,80,80.0,30,0
SIM-01260,2025-10-08,2025-12-20,14.34,5,16.87,10.29,150,125,83.33,45,0
SIM-01260,2025-12-10,2025-12-20,16.3,5,17.68,13.98,200,155,77.5,60,0
SIM-01261,2025-05-15,2025-12-20,12.31,5,14.45,10.95,50,45,90.0,15,0
SIM-01261,2025-07-27,2025-12-20,12.84,5,14.3,10.92,100,85,85.0,30,0
SIM-01261,2025-10-08,2025-12-20,13.17,5,17.0,7.86,150,130,86.67,45,0
SIM-01261,2025-12-10,2025-12-20,14.25,5,16.71,11.85,200,160,80.0,60,0
SIM-01262,2025-05-15,2025-12-20,11.27,5,14.36,9.4,50,25,50.0,15,1
SIM-01262,2025-07-27,2025-12-20,12.02,5,13.99,9.56,100,55,55.0,30,1
SIM-01262,2025-10-08,2025-12-20,11.19,5,17.02,8.25,150,90,60.0,45,1
SIM-01262,2025-12-10,2025-12-20,13.73,5,18.44,10.56,200,100,50.0,60,1
SIM-01263,2025-05-15,2025-12-20,11.06,5,12.16,9.06,50,45,90.0,15,1
SIM-01263,2025-07-27,2025-12-20,11.59,5,12.36,11.18,100,90,90.0,30,1
SIM-01263,2025-10-08,2025-12-20,11.16,5,11.71,10.63,150,130,86.67,45,1
SIM-01263,2025-12-10,2025-12-20,10.86,5,13.04,6.7,200,190,95.0,60,1
SIM-01264,2025-05-15,2025-12-20,11.91,5,13.09,10.48,50,40,80.0,15,0
SIM-01264,2025-07-27,2025-12-20,12.3,5,13.65,11.39,100,80,80.0,30,0
SIM-01264,2025-10-08,2025-12-20,15.22,5,20.0,13.52,150,115,76.67,45,0
SIM-01264,2025-12-10,2025-12-20,16.35,5,18.34,14.82,200,175,87.5,60,0
SIM-01265,2025-05-15,2025-12-20,11.06,5,11.75,10.34,50,40,80.0,15,1
SIM-01265,2025-07-27,2025-12-20,11.44,5,15.19,8.07,100,85,85.0,30,1
SIM-01265,2025-10-08,2025-12-20,12.06,5,15.52,9.65,150,135,90.0,45,1
SIM-01265,2025-12-10,2025-12-20,11.08,5,14.74,5.09,200,170,85.0,60,1
SIM-01266,2025-05-15,2025-12-20,10.88,5,13.36,7.94,50,50,100.0,15,1
SIM-01266,2025-07-27,2025-12-20,11.44,5,12.36,10.57,100,100,100.0,30,1
SIM-01266,2025-10-08,2025-12-20,10.28,5,12.19,8.15,150,140,93.33,45,1
SIM-01266,2025-12-10,2025-12-20,11.72,5,15.67,6.76,200,180,90.0,60,1
SIM-01267,2025-05-15,2025-12-20,10.86,5,12.79,6.73,50,45,90.0,15,1
SIM-01267,2025-07-27,2025-12-20,10.33,5,13.64,7.33,100,85,85.0,30,1
SIM-01267,2025-10-08,2025-12-20,12.63,5,16.58,8.56,150,135,90.0,45,1
SIM-01267,2025-12-10,2025-12-20,12.32,5,14.22,7.46,200,180,90.0,60,1
SIM-01268,2025-05-15,2025-12-20,11.44,5,14.2,8.93,50,45,90.0,15,1
SIM-01268,2025-07-27,2025-12-20,9.95,5,11.41,6.92,100,100,100.0,30,1
SIM-01268,2025-10-08,2025-12-20,10.28,5,13.39,5.37,150,145,96.67,45,1
SIM-01268,2025-12-10,2025-12-20,9.84,5,11.11,8.38,200,190,95.0,60,1
SIM-01269,2025-05-15,2025-12-20,9.88,5,13.43,7.79,50,40,80.0,15,1
SIM-01269,2025-07-27,2025-12-20,10.26,5,12.46,8.11,100,80,80.0,30,1
SIM-01269,2025-10-08,2025-12-20,8.37,5,11.68,5.58,150,125,83.33,45,1
SIM-01269,2025-12-10,2025-12-20,10.49,5,12.3,8.58,200,150,75.0,60,1
SIM-01270,2025-05-15,2025-12-20,10.96,5,12.58,9.29,50,35,70.0,15,1
SIM-01270,2025-07-27,2025-12-20,10.77,5,14.2,6.72,100,75,75.0,30,1
SIM-01270,2025-10-08,2025-12-20,12.56,5,16.02,8.4,150,110,73.33,45,1
SIM-01270,2025-12-10,2025-12-20,12.6,5,14.9,9.64,200,135,67.5,60,1
SIM-01271,2025-05-15,2025-12-20,11.77,5,14.45,9.95,50,45,90.0,15,1
SIM-01271,2025-07-27,2025-12-20,11.38,5,13.35,7.45,100,85,85.0,30,1
SIM-01271,2025-10-08,2025-12-20,10.22,5,14.83,7.43,150,125,83.33,45,1
SIM-01271,2025-12-10,2025-12-20,12.27,5,15.83,8.04,200,175,87.5,60,1
SIM-01272,2025-05-15,2025-12-20,12.73,5,14.21,10.56,50,40,80.0,15,0
SIM-01272,2025-07-27,2025-12-20,14.82,5,17.5,12.94,100,85,85.0,30,0
SIM-01272,2025-10-08,2025-12-20,18.23,5,19.97,14.84,150,130,86.67,45,0
SIM-01272,2025-12-10,2025-12-20,18.86,5,20.0,17.05,200,165,82.5,60,0
SIM-01273,2025-05-15,2025-12-20,11.8,5,13.6,10.33,50,40,80.0,15,0
SIM-01273,2025-07-27,2025-12-20,14.56,5,14.89,13.93,100,90,90.0,30,0
SIM-01273,2025-10-08,2025-12-20,13.81,5,15.59,11.33,150,135,90.0,45,0
SIM-01273,2025-12-10,2025-12-20,18.54,5,20.0,15.9,200,150,75.0,60,0
SIM-01274,2025-05-15,2025-12-20,11.59,5,12.91,10.3,50,25,50.0,15,1
SIM-01274,2025-07-27,2025-12-20,10.91,5,14.29,8.52,100,50,50.0,30,1
SIM-01274,2025-10-08,2025-12-20,12.03,5,15.95,8.66,150,70,46.67,45,1
SIM-01274,2025-12-10,2025-12-20,11.2,5,14.68,7.5,200,100,50.0,60,1
SIM-01275,2025-05-15,2025-12-20,10.82,5,12.61,7.87,50,35,70.0,15,1
SIM-01275,2025-07-27,2025-12-20,10.75,5,11.69,9.14,100,65,65.0,30,1
SIM-01275,2025-10-08,2025-12-20,11.55,5,15.7,7.62,150,95,63.33,45,1
SIM-01275,2025-12-10,2025-12-20,12.06,5,15.42,6.55,200,140,70.0,60,1
SIM-01276,2025-05-15,2025-12-20,12.56,5,14.5,10.61,50,40,80.0,15,0
SIM-01276,2025-07-27,2025-12-20,12.89,5,15.77,11.07,100,75,75.0,30,0
SIM-01276,2025-10-08,2025-12-20,15.08,5,17.48,13.16,150,120,80.0,45,0
SIM-01276,2025-12-10,2025-12-20,14.14,5,17.86,12.78,200,165,82.5,60,0
SIM-01277,2025-05-15,2025-12-20,9.7,5,11.37,6.81,50,40,80.0,15,1
SIM-01277,2025-07-27,2025-12-20,10.77,5,13.37,6.36,100,65,65.0,30,1
SIM-01277,2025-10-08,2025-12-20,11.74,5,14.59,7.82,150,110,73.33,45,1
SIM-01277,2025-12-10,2025-12-20,12.75,5,17.6,10.0,200,130,65.0,60,1
SIM-01278,2025-05-15,2025-12-20,10.99,5,12.74,8.18,50,50,100.0,15,0
SIM-01278,2025-07-27,2025-12-20,13.81,5,16.75,11.65,100,95,95.0,30,0
SIM-01278,2025-10-08,2025-12-20,16.6,5,17.25,15.62,150,135,90.0,45,0
SIM-01278,2025-12-10,2025-12-20,18.55,5,20.0,15.07,200,190,95.0,60,0
SIM-01279,2025-05-15,2025-12-20,10.64,5,12.13,8.86,50,45,90.0,15,1
SIM-01279,2025-07-27,2025-12-20,13.45,5,17.09,9.43,100,95,95.0,30,1
SIM-01279,2025-10-08,2025-12-20,12.06,5,14.82,8.79,150,135,90.0,45,1
SIM-01279,2025-12-10,2025-12-20,14.3,5,20.0,8.82,200,175,87.5,60,1
SIM-01280,2025-05-15,2025-12-20,10.9,5,12.25,9.36,50,30,60.0,15,1
SIM-01280,2025-07-27,2025-12-20,12.18,5,15.01,7.85,100,60,60.0,30,1
SIM-01280,2025-10-08,2025-12-20,13.24,5,16.93,8.4,150,90,60.0,45,1
SIM-01280,2025-12-10,2025-12-20,12.42,5,17.27,9.7,200,120,60.0,60,1
SIM-01281,2025-05-15,2025-12-20,11.58,5,15.09,8.95,50,45,90.0,15,0
SIM-01281,2025-07-27,2025-12-20,12.99,5,16.64,8.84,100,75,75.0,30,0
SIM-01281,2025-10-08,2025-12-20,13.82,5,15.77,12.1,150,120,80.0,45,0
SIM-01281,2025-12-10,2025-12-20,15.95,5,20.0,11.87,200,155,77.5,60,0
SIM-01282,2025-05-15,2025-12-20,11.86,5,13.91,9.93,50,25,50.0,15,1
SIM-01282,2025-07-27,2025-12-20,11.23,5,16.52,7.87,100,55,55.0,30,1
SIM-01282,2025-10-08,2025-12-20,10.62,5,13.27,6.27,150,75,50.0,45,1
SIM-01282,2025-12-10,2025-12-20,9.48,5,15.07,7.28,200,115,57.5,60,1
SIM-01283,2025-05-15,2025-12-20,9.24,5,9.86,8.78,50,50,100.0,15,1
SIM-01283,2025-07-27,2025-12-20,10.02,5,13.75,6.38,100,95,95.0,30,1
SIM-01283,2025-10-08,2025-12-20,11.47,5,13.01,8.84,150,130,86.67,45,1
SIM-01283,2025-12-10,2025-12-20,11.23,5,13.66,6.13,200,185,92.5,60,1
SIM-01284,2025-05-15,2025-12-20,11.66,5,13.61,9.02,50,35,70.0,15,1
SIM-01284,2025-07-27,2025-12-20,12.07,5,15.12,9.9,100,60,60.0,30,1
SIM-01284,2025-10-08,2025-12-20,12.34,5,15.45,8.96,150,100,66.67,45,1
SIM-01284,2025-12-10,2025-12-20,11.33,5,14.47,8.45,200,125,62.5,60,1
SIM-01285,2025-05-15,2025-12-20,10.21,5,12.09,8.35,50,40,80.0,15,1
SIM-01285,2025-07-27,2025-12-20,13.25,5,16.9,9.74,100,80,80.0,30,1
SIM-01285,2025-10-08,2025-12-20,11.09,5,15.08,9.01,150,125,83.33,45,1
SIM-01285,2025-12-10,2025-12-20,12.19,5,13.48,10.53,200,150,75.0,60,1
SIM-01286,2025-05-15,2025-12-20,11.11,5,12.38,8.81,50,40,80.0,15,1
SIM-01286,2025-07-27,2025-12-20,11.7,5,13.99,8.43,100,75,75.0,30,1
SIM-01286,2025-10-08,2025-12-20,10.14,5,11.74,7.79,150,120,80.0,45,1
SIM-01286,2025-12-10,2025-12-20,8.28,5,10.57,4.75,200,150,75.0,60,1
SIM-01287,2025-05-15,2025-12-20,13.22,5,14.42,10.99,50,30,60.0,15,1
SIM-01287,2025-07-27,2025-12-20,11.8,5,13.72,9.85,100,65,65.0,30,1
SIM-01287,2025-10-08,2025-12-20,11.49,5,13.74,8.78,150,105,70.0,45,1
SIM-01287,2025-12-10,2025-12-20,12.75,5,17.2,9.49,200,125,62.5,60,1
SIM-01288,2025-05-15,2025-12-20,11.13,5,13.98,9.25,50,40,80.0,15,0
SIM-01288,2025-07-27,2025-12-20,11.61,5,13.57,9.13,100,90,90.0,30,0
SIM-01288,2025-10-08,2025-12-20,13.7,5,15.67,12.63,150,125,83.33,45,0
SIM-01288,2025-12-10,2025-12-20,14.32,5,16.83,13.02,200,155,77.5,60,0
SIM-01289,2025-05-15,2025-12-20,11.45,5,12.71,9.15,50,40,80.0,15,0
SIM-01289,2025-07-27,2025-12-20,12.26,5,16.1,6.99,100,85,85.0,30,0
SIM-01289,2025-10-08,2025-12-20,13.47,5,16.64,10.05,150,125,83.33,45,0
SIM-01289,2025-12-10,2025-12-20,12.97,5,15.62,11.44,200,150,75.0,60,0
SIM-01290,2025-05-15,2025-12-20,12.72,5,14.46,11.24,50,40,80.0,15,0
SIM-01290,2025-07-27,2025-12-20,13.38,5,14.07,12.06,100,90,90.0,30,0
SIM-01290,2025-10-08,2025-12-20,13.76,5,16.59,12.29,150,140,93.33,45,0
SIM-01290,2025-12-10,2025-12-20,14.71,5,17.14,12.83,200,180,90.0,60,0
SIM-01291,2025-05-15,2025-12-20,13.41,5,15.54,11.82,50,45,90.0,15,0
SIM-01291,2025-07-27,2025-12-20,14.81,5,17.72,12.27,100,95,95.0,30,0
SIM-01291,2025-10-08,2025-12-20,17.17,5,18.4,15.63,150,150,100.0,45,0
SIM-01291,2025-12-10,2025-12-20,18.11,5,20.0,13.41,200,185,92.5,60,0
SIM-01292,2025-05-15,2025-12-20,12.94,5,14.18,11.6,50,45,90.0,15,0
SIM-01292,2025-07-27,2025-12-20,14.28,5,16.04,12.67,100,90,90.0,30,0
SIM-01292,2025-10-08,2025-12-20,15.09,5,17.83,13.14,150,145,96.67,45,0
SIM-01292,2025-12-10,2025-12-20,18.05,5,19.86,14.45,200,195,97.5,60,0
SIM-01293,2025-05-15,2025-12-20,12.19,5,13.91,11.32,50,40,80.0,15,0
SIM-01293,2025-07-27,2025-12-20,14.38,5,15.81,12.43,100,80,80.0,30,0
SIM-01293,2025-10-08,2025-12-20,16.06,5,17.82,13.71,150,120,80.0,45,0
SIM-01293,2025-12-10,2025-12-20,19.35,5,20.0,18.12,200,170,85.0,60,0
SIM-01294,2025-05-15,2025-12-20,12.33,5,15.68,10.87,50,50,100.0,15,1
SIM-01294,2025-07-27,2025-12-20,11.5,5,14.31,9.77,100,90,90.0,30,1
SIM-01294,2025-10-08,2025-12-20,11.07,5,13.85,9.55,150,135,90.0,45,1
SIM-01294,2025-12-10,2025-12-20,10.84,5,15.85,7.66,200,190,95.0,60,1
SIM-01295,2025-05-15,2025-12-20,10.58,5,13.26,8.0,50,35,70.0,15,1
SIM-01295,2025-07-27,2025-12-20,9.68,5,12.02,7.5,100,70,70.0,30,1
SIM-01295,2025-10-08,2025-12-20,8.52,5,13.16,5.52,150,100,66.67,45,1
SIM-01295,2025-12-10,2025-12-20,10.78,5,17.51,6.67,200,140,70.0,60,1
SIM-01296,2025-05-15,2025-12-20,9.91,5,11.96,7.98,50,35,70.0,15,1
SIM-01296,2025-07-27,2025-12-20,9.69,5,14.28,6.98,100,65,65.0,30,1
SIM-01296,2025-10-08,2025-12-20,7.73,5,10.19,5.98,150,115,76.67,45,1
SIM-01296,2025-12-10,2025-12-20,4.71,5,7.42,1.17,200,145,72.5,60,1
SIM-01297,2025-05-15,2025-12-20,12.82,5,14.02,10.73,50,35,70.0,15,0
SIM-01297,2025-07-27,2025-12-20,12.61,5,14.27,10.45,100,65,65.0,30,0
SIM-01297,2025-10-08,2025-12-20,12.91,5,16.32,10.0,150,100,66.67,45,0
SIM-01297,2025-12-10,2025-12-20,15.27,5,18.35,11.95,200,125,62.5,60,0
SIM-01298,2025-05-15,2025-12-20,11.46,5,13.41,9.39,50,45,90.0,15,1
SIM-01298,2025-07-27,2025-12-20,12.29,5,14.51,9.66,100,90,90.0,30,1
SIM-01298,2025-10-08,2025-12-20,12.66,5,17.51,8.47,150,135,90.0,45,1
SIM-01298,2025-12-10,2025-12-20,12.44,5,16.61,7.94,200,180,90.0,60,1
SIM-01299,2025-05-15,2025-12-20,10.07,5,12.3,8.36,50,30,60.0,15,1
SIM-01299,2025-07-27,2025-12-20,9.53,5,10.55,8.28,100,60,60.0,30,1
SIM-01299,2025-10-08,2025-12-20,8.9,5,10.89,6.48,150,80,53.33,45,1
SIM-01299,2025-12-10,2025-12-20,6.75,5,8.71,4.59,200,120,60.0,60,1
SIM-01300,2025-05-15,2025-12-20,11.6,5,13.33,10.51,50,45,90.0,15,1
SIM-01300,2025-07-27,2025-12-20,10.26,5,13.62,7.58,100,100,100.0,30,1
SIM-01300,2025-10-08,2025-12-20,10.32,5,13.02,8.6,150,145,96.67,45,1
SIM-01300,2025-12-10,2025-12-20,12.23,5,16.68,6.91,200,200,100.0,60,1
SIM-01301,2025-05-15,2025-12-20,12.41,5,14.71,10.31,50,40,80.0,15,0
SIM-01301,2025-07-27,2025-12-20,12.46,5,13.71,11.55,100,70,70.0,30,0
SIM-01301,2025-10-08,2025-12-20,12.42,5,15.83,7.43,150,105,70.0,45,0
SIM-01301,2025-12-10,2025-12-20,12.65,5,14.74,9.58,200,145,72.5,60,0
SIM-01302,2025-05-15,2025-12-20,11.41,5,15.13,8.97,50,30,60.0,15,1
SIM-01302,2025-07-27,2025-12-20,11.54,5,14.31,8.57,100,60,60.0,30,1
SIM-01302,2025-10-08,2025-12-20,13.76,5,16.53,8.45,150,90,60.0,45,1
SIM-01302,2025-12-10,2025-12-20,13.36,5,18.87,7.94,200,120,60.0,60,1
SIM-01303,2025-05-15,2025-12-20,12.26,5,13.88,11.02,50,35,70.0,15,0
SIM-01303,2025-07-27,2025-12-20,11.25,5,12.51,10.19,100,65,65.0,30,0
SIM-01303,2025-10-08,2025-12-20,14.3,5,16.84,9.86,150,100,66.67,45,0
SIM-01303,2025-12-10,2025-12-20,14.5,5,15.78,13.1,200,155,77.5,60,0
SIM-01304,2025-05-15,2025-12-20,12.14,5,13.67,9.15,50,45,90.0,15,0
SIM-01304,2025-07-27,2025-12-20,11.89,5,14.05,9.25,100,95,95.0,30,0
SIM-01304,2025-10-08,2025-12-20,12.81,5,14.44,11.4,150,130,86.67,45,0
SIM-01304,2025-12-10,2025-12-20,13.06,5,16.18,11.34,200,190,95.0,60,0
SIM-01305,2025-05-15,2025-12-20,9.82,5,11.86,7.39,50,40,80.0,15,1
SIM-01305,2025-07-27,2025-12-20,9.44,5,12.22,7.24,100,75,75.0,30,1
SIM-01305,2025-10-08,2025-12-20,10.19,5,13.84,7.25,150,130,86.67,45,1
SIM-01305,2025-12-10,2025-12-20,9.17,5,12.59,5.46,200,170,85.0,60,1
SIM-01306,2025-05-15,2025-12-20,12.29,5,15.55,10.09,50,50,100.0,15,0
SIM-01306,2025-07-27,2025-12-20,12.5,5,15.47,10.55,100,95,95.0,30,0
SIM-01306,2025-10-08,2025-12-20,14.49,5,18.28,11.28,150,140,93.33,45,0
SIM-01306,2025-12-10,2025-12-20,14.76,5,17.21,13.29,200,195,97.5,60,0
SIM-01307,2025-05-15,2025-12-20,9.91,5,12.24,7.65,50,45,90.0,15,1
SIM-01307,2025-07-27,2025-12-20,10.17,5,12.43,8.47,100,95,95.0,30,1
SIM-01307,2025-10-08,2025-12-20,12.97,5,16.24,8.14,150,140,93.33,45,1
SIM-01307,2025-12-10,2025-12-20,12.87,5,16.81,8.77,200,185,92.5,60,1
SIM-01308,2025-05-15,2025-12-20,12.71,5,15.14,10.4,50,30,60.0,15,0
SIM-01308,2025-07-27,2025-12-20,11.93,5,15.54,8.04,100,55,55.0,30,0
SIM-01308,2025-10-08,2025-12-20,14.25,5,15.89,12.32,150,75,50.0,45,0
SIM-01308,2025-12-10,2025-12-20,15.72,5,19.04,11.76,200,110,55.0,60,0
SIM-01309,2025-05-15,2025-12-20,10.4,5,12.16,7.33,50,40,80.0,15,0
SIM-01309,2025-07-27,2025-12-20,11.37,5,13.19,10.09,100,75,75.0,30,0
SIM-01309,2025-10-08,2025-12-20,12.57,5,14.19,8.59,150,110,73.33,45,0
SIM-01309,2025-12-10,2025-12-20,14.12,5,19.96,8.26,200,150,75.0,60,0
SIM-01310,2025-05-15,2025-12-20,10.66,5,12.17,9.4,50,25,50.0,15,1
SIM-01310,2025-07-27,2025-12-20,11.3,5,14.02,4.55,100,40,40.0,30,1
SIM-01310,2025-10-08,2025-12-20,10.98,5,15.87,5.97,150,65,43.33,45,1
SIM-01310,2025-12-10,2025-12-20,10.9,5,13.84,6.89,200,95,47.5,60,1
SIM-01311,2025-05-15,2025-12-20,11.43,5,13.9,8.87,50,35,70.0,15,1
SIM-01311,2025-07-27,2025-12-20,8.77,5,10.28,6.67,100,70,70.0,30,1
SIM-01311,2025-10-08,2025-12-20,8.99,5,11.31,5.51,150,105,70.0,45,1
SIM-01311,2025-12-10,2025-12-20,7.76,5,10.6,4.55,200,150,75.0,60,1
SIM-01312,2025-05-15,2025-12-20,12.71,5,14.77,9.04,50,45,90.0,15,0
SIM-01312,2025-07-27,2025-12-20,13.69,5,15.27,12.42,100,95,95.0,30,0
SIM-01312,2025-10-08,2025-12-20,17.4,5,20.0,14.84,150,135,90.0,45,0
SIM-01312,2025-12-10,2025-12-20,18.92,5,20.0,16.05,200,180,90.0,60,0
SIM-01313,2025-05-15,2025-12-20,10.92,5,15.35,8.06,50,50,100.0,15,1
SIM-01313,2025-07-27,2025-12-20,13.37,5,16.39,12.09,100,90,90.0,30,1
SIM-01313,2025-10-08,2025-12-20,14.24,5,19.08,10.63,150,140,93.33,45,1
SIM-01313,2025-12-10,2025-12-20,14.15,5,20.0,4.46,200,180,90.0,60,1
SIM-01314,2025-05-15,2025-12-20,9.94,5,12.26,7.64,50,40,80.0,15,1
SIM-01314,2025-07-27,2025-12-20,9.42,5,10.89,5.53,100,70,70.0,30,1
SIM-01314,2025-10-08,2025-12-20,7.66,5,10.15,1.96,150,110,73.33,45,1
SIM-01314,2025-12-10,2025-12-20,9.02,5,12.22,4.07,200,150,75.0,60,1
SIM-01315,2025-05-15,2025-12-20,11.4,5,14.95,8.85,50,45,90.0,15,1
SIM-01315,2025-07-27,2025-12-20,13.13,5,16.47,8.77,100,100,100.0,30,1
SIM-01315,2025-10-08,2025-12-20,12.2,5,14.51,7.89,150,140,93.33,45,1
SIM-01315,2025-12-10,2025-12-20,13.06,5,20.0,7.17,200,185,92.5,60,1
SIM-01316,2025-05-15,2025-12-20,10.81,5,13.63,8.02,50,40,80.0,15,1
SIM-01316,2025-07-27,2025-12-20,13.5,5,16.11,9.69,100,80,80.0,30,1
SIM-01316,2025-10-08,2025-12-20,12.65,5,15.33,10.17,150,120,80.0,45,1
SIM-01316,2025-12-10,2025-12-20,14.41,5,17.1,9.87,200,155,77.5,60,1
SIM-01317,2025-05-15,2025-12-20,11.04,5,12.31,8.59,50,50,100.0,15,0
SIM-01317,2025-07-27,2025-12-20,10.74,5,14.18,7.46,100,100,100.0,30,0
SIM-01317,2025-10-08,2025-12-20,12.46,5,14.85,10.67,150,145,96.67,45,0
SIM-01317,2025-12-10,2025-12-20,11.24,5,12.7,7.63,200,200,100.0,60,0
SIM-01318,2025-05-15,2025-12-20,12.06,5,13.09,10.04,50,40,80.0,15,0
SIM-01318,2025-07-27,2025-12-20,12.58,5,17.7,10.29,100,85,85.0,30,0
SIM-01318,2025-10-08,2025-12-20,13.48,5,15.69,10.73,150,115,76.67,45,0
SIM-01318,2025-12-10,2025-12-20,13.09,5,15.02,11.21,200,160,80.0,60,0
SIM-01319,2025-05-15,2025-12-20,11.48,5,13.75,8.85,50,50,100.0,15,1
SIM-01319,2025-07-27,2025-12-20,12.27,5,14.43,9.5,100,90,90.0,30,1
SIM-01319,2025-10-08,2025-12-20,11.61,5,16.2,8.34,150,140,93.33,45,1
SIM-01319,2025-12-10,2025-12-20,12.37,5,20.0,8.31,200,185,92.5,60,1
SIM-01320,2025-05-15,2025-12-20,13.2,5,14.78,11.52,50,40,80.0,15,0
SIM-01320,2025-07-27,2025-12-20,13.76,5,15.92,11.99,100,80,80.0,30,0
SIM-01320,2025-10-08,2025-12-20,16.1,5,18.16,13.84,150,125,83.33,45,0
SIM-01320,2025-12-10,2025-12-20,18.76,5,20.0,16.83,200,170,85.0,60,0
SIM-01321,2025-05-15,2025-12-20,10.25,5,13.57,7.48,50,50,100.0,15,1
SIM-01321,2025-07-27,2025-12-20,10.52,5,11.98,7.28,100,95,95.0,30,1
SIM-01321,2025-10-08,2025-12-20,9.99,5,12.66,5.99,150,140,93.33,45,1
SIM-01321,2025-12-10,2025-12-20,11.34,5,14.55,7.0,200,185,92.5,60,1
SIM-01322,2025-05-15,2025-12-20,10.49,5,12.86,7.99,50,40,80.0,15,1
SIM-01322,2025-07-27,2025-12-20,11.15,5,12.47,10.09,100,75,75.0,30,1
SIM-01322,2025-10-08,2025-12-20,10.66,5,11.85,9.79,150,120,80.0,45,1
SIM-01322,2025-12-10,2025-12-20,9.38,5,11.28,7.46,200,145,72.5,60,1
SIM-01323,2025-05-15,2025-12-20,12.15,5,15.32,10.43,50,35,70.0,15,0
SIM-01323,2025-07-27,2025-12-20,13.24,5,17.47,7.73,100,65,65.0,30,0
SIM-01323,2025-10-08,2025-12-20,13.82,5,20.0,10.85,150,105,70.0,45,0
SIM-01323,2025-12-10,2025-12-20,15.55,5,19.38,12.77,200,135,67.5,60,0
SIM-01324,2025-05-15,2025-12-20,11.05,5,13.62,9.57,50,40,80.0,15,1
SIM-01324,2025-07-27,2025-12-20,9.64,5,12.13,6.87,100,75,75.0,30,1
SIM-01324,2025-10-08,2025-12-20,10.03,5,11.92,8.04,150,130,86.67,45,1
SIM-01324,2025-12-10,2025-12-20,12.19,5,16.46,8.31,200,165,82.5,60,1
SIM-01325,2025-05-15,2025-12-20,12.27,5,13.3,10.93,50,35,70.0,15,0
SIM-01325,2025-07-27,2025-12-20,15.0,5,17.17,13.33,100,70,70.0,30,0
SIM-01325,2025-10-08,2025-12-20,17.13,5,19.06,14.57,150,100,66.67,45,0
SIM-01325,2025-12-10,2025-12-20,17.12,5,19.33,12.69,200,125,62.5,60,0
SIM-01326,2025-05-15,2025-12-20,13.55,5,17.66,10.74,50,40,80.0,15,0
SIM-01326,2025-07-27,2025-12-20,11.64,5,13.14,10.01,100,80,80.0,30,0
SIM-01326,2025-10-08,2025-12-20,14.36,5,16.47,10.64,150,120,80.0,45,0
SIM-01326,2025-12-10,2025-12-20,14.67,5,16.32,12.07,200,180,90.0,60,0
SIM-01327,2025-05-15,2025-12-20,11.81,5,15.53,9.21,50,40,80.0,15,0
SIM-01327,2025-07-27,2025-12-20,12.19,5,13.84,10.63,100,80,80.0,30,0
SIM-01327,2025-10-08,2025-12-20,14.99,5,19.67,11.94,150,125,83.33,45,0
SIM-01327,2025-12-10,2025-12-20,14.68,5,19.33,12.67,200,140,70.0,60,0
SIM-01328,2025-05-15,2025-12-20,11.81,5,14.29,7.97,50,40,80.0,15,1
SIM-01328,2025-07-27,2025-12-20,11.88,5,15.44,7.79,100,85,85.0,30,1
SIM-01328,2025-10-08,2025-12-20,12.65,5,15.18,9.64,150,125,83.33,45,1
SIM-01328,2025-12-10,2025-12-20,11.63,5,14.17,7.04,200,165,82.5,60,1
SIM-01329,2025-05-15,2025-12-20,10.13,5,12.54,7.66,50,40,80.0,15,1
SIM-01329,2025-07-27,2025-12-20,9.48,5,14.06,7.24,100,80,80.0,30,1
SIM-01329,2025-10-08,2025-12-20,6.91,5,8.3,6.1,150,120,80.0,45,1
SIM-01329,2025-12-10,2025-12-20,6.56,5,9.29,2.87,200,150,75.0,60,1
SIM-01330,2025-05-15,2025-12-20,10.05,5,12.54,7.23,50,40,80.0,15,1
SIM-01330,2025-07-27,2025-12-20,11.98,5,15.28,8.78,100,80,80.0,30,1
SIM-01330,2025-10-08,2025-12-20,12.24,5,13.94,9.95,150,115,76.67,45,1
SIM-01330,2025-12-10,2025-12-20,12.72,5,13.92,11.39,200,165,82.5,60,1
SIM-01331,2025-05-15,2025-12-20,11.43,5,12.93,10.26,50,40,80.0,15,1
SIM-01331,2025-07-27,2025-12-20,10.72,5,13.71,7.0,100,80,80.0,30,1
SIM-01331,2025-10-08,2025-12-20,10.49,5,14.04,6.86,150,120,80.0,45,1
SIM-01331,2025-12-10,2025-12-20,11.73,5,15.11,9.8,200,160,80.0,60,1
SIM-01332,2025-05-15,2025-12-20,10.66,5,12.02,9.75,50,45,90.0,15,1
SIM-01332,2025-07-27,2025-12-20,8.85,5,12.9,6.71,100,85,85.0,30,1
SIM-01332,2025-10-08,2025-12-20,9.75,5,12.75,5.74,150,145,96.67,45,1
SIM-01332,2025-12-10,2025-12-20,8.49,5,13.02,2.93,200,185,92.5,60,1
SIM-01333,2025-05-15,2025-12-20,11.61,5,13.16,9.07,50,40,80.0,15,1
SIM-01333,2025-07-27,2025-12-20,10.77,5,12.38,8.84,100,70,70.0,30,1
SIM-01333,2025-10-08,2025-12-20,11.59,5,13.17,7.62,150,105,70.0,45,1
SIM-01333,2025-12-10,2025-12-20,11.64,5,14.22,8.95,200,150,75.0,60,1
SIM-01334,2025-05-15,2025-12-20,11.89,5,12.96,10.69,50,35,70.0,15,1
SIM-01334,2025-07-27,2025-12-20,12.73,5,15.83,9.98,100,75,75.0,30,1
SIM-01334,2025-10-08,2025-12-20,13.3,5,19.38,9.59,150,115,76.67,45,1
SIM-01334,2025-12-10,2025-12-20,13.93,5,18.84,8.69,200,140,70.0,60,1
SIM-01335,2025-05-15,2025-12-20,11.48,5,14.53,9.94,50,45,90.0,15,1
SIM-01335,2025-07-27,2025-12-20,10.31,5,11.35,8.61,100,85,85.0,30,1
SIM-01335,2025-10-08,2025-12-20,11.82,5,15.47,7.14,150,120,80.0,45,1
SIM-01335,2025-12-10,2025-12-20,12.77,5,14.12,10.55,200,175,87.5,60,1
SIM-01336,2025-05-15,2025-12-20,12.26,5,13.08,11.1,50,45,90.0,15,0
SIM-01336,2025-07-27,2025-12-20,12.74,5,17.25,9.45,100,85,85.0,30,0
SIM-01336,2025-10-08,2025-12-20,14.99,5,17.25,13.9,150,130,86.67,45,0
SIM-01336,2025-12-10,2025-12-20,16.2,5,18.84,14.69,200,175,87.5,60,0
SIM-01337,2025-05-15,2025-12-20,11.31,5,13.25,8.82,50,40,80.0,15,1
SIM-01337,2025-07-27,2025-12-20,9.91,5,12.29,8.25,100,85,85.0,30,1
SIM-01337,2025-10-08,2025-12-20,10.6,5,14.38,9.38,150,120,80.0,45,1
SIM-01337,2025-12-10,2025-12-20,8.69,5,11.98,6.36,200,165,82.5,60,1
SIM-01338,2025-05-15,2025-12-20,12.18,5,15.18,9.83,50,40,80.0,15,0
SIM-01338,2025-07-27,2025-12-20,14.61,5,16.59,11.69,100,80,80.0,30,0
SIM-01338,2025-10-08,2025-12-20,15.39,5,17.1,13.83,150,125,83.33,45,0
SIM-01338,2025-12-10,2025-12-20,17.33,5,20.0,13.46,200,160,80.0,60,0
SIM-01339,2025-05-15,2025-12-20,8.59,5,13.13,6.34,50,40,80.0,15,1
SIM-01339,2025-07-27,2025-12-20,9.45,5,12.31,5.58,100,85,85.0,30,1
SIM-01339,2025-10-08,2025-12-20,10.31,5,12.21,7.85,150,110,73.33,45,1
SIM-01339,2025-12-10,2025-12-20,9.21,5,15.71,4.55,200,150,75.0,60,1
SIM-01340,2025-05-15,2025-12-20,12.84,5,15.62,9.33,50,35,70.0,15,1
SIM-01340,2025-07-27,2025-12-20,11.1,5,16.73,7.07,100,75,75.0,30,1
SIM-01340,2025-10-08,2025-12-20,12.21,5,14.79,9.95,150,100,66.67,45,1
SIM-01340,2025-12-10,2025-12-20,12.71,5,16.2,8.96,200,145,72.5,60,1
SIM-01341,2025-05-15,2025-12-20,12.63,5,14.38,10.94,50,50,100.0,15,0
SIM-01341,2025-07-27,2025-12-20,15.35,5,17.2,12.64,100,95,95.0,30,0
SIM-01341,2025-10-08,2025-12-20,16.12,5,17.76,14.43,150,140,93.33,45,0
SIM-01341,2025-12-10,2025-12-20,18.0,5,20.0,15.02,200,185,92.5,60,0
SIM-01342,2025-05-15,2025-12-20,12.38,5,14.46,9.67,50,45,90.0,15,0
SIM-01342,2025-07-27,2025-12-20,14.55,5,16.86,12.77,100,90,90.0,30,0
SIM-01342,2025-10-08,2025-12-20,13.87,5,16.72,11.47,150,125,83.33,45,0
SIM-01342,2025-12-10,2025-12-20,14.85,5,17.72,12.68,200,185,92.5,60,0
SIM-01343,2025-05-15,2025-12-20,12.42,5,14.2,10.43,50,45,90.0,15,0
SIM-01343,2025-07-27,2025-12-20,14.7,5,18.83,11.36,100,95,95.0,30,0
SIM-01343,2025-10-08,2025-12-20,15.28,5,18.49,11.47,150,150,100.0,45,0
SIM-01343,2025-12-10,2025-12-20,17.04,5,20.0,13.83,200,200,100.0,60,0
SIM-01344,2025-05-15,2025-12-20,11.42,5,12.69,10.01,50,40,80.0,15,1
SIM-01344,2025-07-27,2025-12-20,9.13,5,10.98,6.78,100,85,85.0,30,1
SIM-01344,2025-10-08,2025-12-20,10.41,5,13.96,7.44,150,130,86.67,45,1
SIM-01344,2025-12-10,2025-12-20,10.16,5,13.51,7.97,200,175,87.5,60,1
SIM-01345,2025-05-15,2025-12-20,11.02,5,12.7,9.77,50,30,60.0,15,1
SIM-01345,2025-07-27,2025-12-20,11.64,5,14.74,7.63,100,60,60.0,30,1
SIM-01345,2025-10-08,2025-12-20,10.59,5,13.77,8.58,150,105,70.0,45,1
SIM-01345,2025-12-10,2025-12-20,11.63,5,12.7,9.98,200,145,72.5,60,1
SIM-01346,2025-05-15,2025-12-20,12.08,5,14.01,9.61,50,35,70.0,15,0
SIM-01346,2025-07-27,2025-12-20,13.15,5,15.52,10.48,100,75,75.0,30,0
SIM-01346,2025-10-08,2025-12-20,14.15,5,18.29,10.36,150,115,76.67,45,0
SIM-01346,2025-12-10,2025-12-20,16.04,5,17.15,14.05,200,160,80.0,60,0
SIM-01347,2025-05-15,2025-12-20,12.78,5,14.3,10.4,50,50,100.0,15,1
SIM-01347,2025-07-27,2025-12-20,11.2,5,13.67,6.78,100,90,90.0,30,1
SIM-01347,2025-10-08,2025-12-20,10.43,5,14.16,6.23,150,140,93.33,45,1
SIM-01347,2025-12-10,2025-12-20,10.55,5,12.98,8.12,200,185,92.5,60,1
SIM-01348,2025-05-15,2025-12-20,11.06,5,11.97,9.97,50,30,60.0,15,1
SIM-01348,2025-07-27,2025-12-20,9.32,5,13.11,5.15,100,65,65.0,30,1
SIM-01348,2025-10-08,2025-12-20,8.77,5,16.4,5.09,150,95,63.33,45,1
SIM-01348,2025-12-10,2025-12-20,9.44,5,13.72,1.78,200,120,60.0,60,1
SIM-01349,2025-05-15,2025-12-20,12.97,5,15.21,10.96,50,45,90.0,15,0
SIM-01349,2025-07-27,2025-12-20,12.09,5,16.57,7.68,100,90,90.0,30,0
SIM-01349,2025-10-08,2025-12-20,16.19,5,19.73,13.78,150,125,83.33,45,0
SIM-01349,2025-12-10,2025-12-20,15.84,5,20.0,12.34,200,175,87.5,60,0
SIM-01350,2025-05-15,2025-12-20,11.5,5,13.14,10.28,50,35,70.0,15,1
SIM-01350,2025-07-27,2025-12-20,10.88,5,12.95,8.9,100,70,70.0,30,1
SIM-01350,2025-10-08,2025-12-20,11.73,5,15.77,9.78,150,95,63.33,45,1
SIM-01350,2025-12-10,2025-12-20,13.09,5,17.41,8.28,200,120,60.0,60,1
SIM-01351,2025-05-15,2025-12-20,11.83,5,15.86,8.06,50,45,90.0,15,1
SIM-01351,2025-07-27,2025-12-20,10.91,5,14.6,6.7,100,95,95.0,30,1
SIM-01351,2025-10-08,2025-12-20,11.18,5,13.2,7.96,150,135,90.0,45,1
SIM-01351,2025-12-10,2025-12-20,12.91,5,16.3,7.57,200,200,100.0,60,1
SIM-01352,2025-05-15,2025-12-20,11.59,5,14.19,7.49,50,20,40.0,15,0
SIM-01352,2025-07-27,2025-12-20,13.92,5,16.19,11.75,100,45,45.0,30,0
SIM-01352,2025-10-08,2025-12-20,15.39,5,19.43,9.76,150,70,46.67,45,0
SIM-01352,2025-12-10,2025-12-20,18.0,5,20.0,12.89,200,90,45.0,60,0
SIM-01353,2025-05-15,2025-12-20,10.39,5,12.6,6.38,50,45,90.0,15,1
SIM-01353,2025-07-27,2025-12-20,8.93,5,10.69,6.67,100,85,85.0,30,1
SIM-01353,2025-10-08,2025-12-20,9.24,5,12.8,4.89,150,140,93.33,45,1
SIM-01353,2025-12-10,2025-12-20,8.01,5,10.32,4.77,200,180,90.0,60,1
SIM-01354,2025-05-15,2025-12-20,11.44,5,14.3,9.37,50,25,50.0,15,1
SIM-01354,2025-07-27,2025-12-20,13.02,5,15.83,8.58,100,50,50.0,30,1
SIM-01354,2025-10-08,2025-12-20,12.6,5,16.79,9.4,150,75,50.0,45,1
SIM-01354,2025-12-10,2025-12-20,12.29,5,17.28,8.92,200,110,55.0,60,1
SIM-01355,2025-05-15,2025-12-20,13.86,5,16.01,12.59,50,45,90.0,15,0
SIM-01355,2025-07-27,2025-12-20,13.16,5,13.91,12.25,100,90,90.0,30,0
SIM-01355,2025-10-08,2025-12-20,17.68,5,20.0,16.11,150,130,86.67,45,0
SIM-01355,2025-12-10,2025-12-20,17.06,5,19.59,12.98,200,185,92.5,60,0
SIM-01356,2025-05-15,2025-12-20,11.55,5,13.38,10.1,50,45,90.0,15,1
SIM-01356,2025-07-27,2025-12-20,9.59,5,11.05,5.96,100,95,95.0,30,1
SIM-01356,2025-10-08,2025-12-20,9.3,5,12.19,6.41,150,130,86.67,45,1
SIM-01356,2025-12-10,2025-12-20,9.46,5,12.39,6.38,200,185,92.5,60,1
SIM-01357,2025-05-15,2025-12-20,9.18,5,12.17,7.21,50,45,90.0,15,1
SIM-01357,2025-07-27,2025-12-20,7.49,5,10.77,5.95,100,85,85.0,30,1
SIM-01357,2025-10-08,2025-12-20,8.05,5,11.78,2.1,150,130,86.67,45,1
SIM-01357,2025-12-10,2025-12-20,7.65,5,11.69,5.67,200,170,85.0,60,1
SIM-01358,2025-05-15,2025-12-20,9.12,5,11.31,6.78,50,40,80.0,15,1
SIM-01358,2025-07-27,2025-12-20,8.38,5,10.13,6.71,100,80,80.0,30,1
SIM-01358,2025-10-08,2025-12-20,6.87,5,10.63,4.63,150,125,83.33,45,1
SIM-01358,2025-12-10,2025-12-20,6.24,5,9.88,3.9,200,160,80.0,60,1
SIM-01359,2025-05-15,2025-12-20,10.93,5,12.96,9.83,50,45,90.0,15,1
SIM-01359,2025-07-27,2025-12-20,11.42,5,13.12,9.55,100,100,100.0,30,1
SIM-01359,2025-10-08,2025-12-20,11.55,5,13.92,9.1,150,135,90.0,45,1
SIM-01359,2025-12-10,2025-12-20,10.86,5,14.78,7.76,200,175,87.5,60,1
SIM-01360,2025-05-15,2025-12-20,11.42,5,13.2,8.83,50,30,60.0,15,1
SIM-01360,2025-07-27,2025-12-20,11.73,5,13.16,10.13,100,70,70.0,30,1
SIM-01360,2025-10-08,2025-12-20,13.44,5,18.25,8.84,150,100,66.67,45,1
SIM-01360,2025-12-10,2025-12-20,12.44,5,18.08,9.25,200,140,70.0,60,1
SIM-01361,2025-05-15,2025-12-20,11.56,5,13.24,10.15,50,50,100.0,15,0
SIM-01361,2025-07-27,2025-12-20,12.97,5,14.82,11.21,100,95,95.0,30,0
SIM-01361,2025-10-08,2025-12-20,14.24,5,19.04,10.72,150,140,93.33,45,0
SIM-01361,2025-12-10,2025-12-20,14.17,5,18.89,10.09,200,185,92.5,60,0
SIM-01362,2025-05-15,2025-12-20,12.63,5,16.2,9.32,50,50,100.0,15,1
SIM-01362,2025-07-27,2025-12-20,13.1,5,15.07,10.97,100,90,90.0,30,1
SIM-01362,2025-10-08,2025-12-20,11.98,5,14.74,10.1,150,140,93.33,45,1
SIM-01362,2025-12-10,2025-12-20,9.67,5,12.51,6.76,200,180,90.0,60,1
SIM-01363,2025-05-15,2025-12-20,11.99,5,14.18,9.73,50,40,80.0,15,0
SIM-01363,2025-07-27,2025-12-20,14.9,5,17.19,13.23,100,85,85.0,30,0
SIM-01363,2025-10-08,2025-12-20,16.1,5,17.64,13.78,150,115,76.67,45,0
SIM-01363,2025-12-10,2025-12-20,17.32,5,19.76,15.36,200,170,85.0,60,0
SIM-01364,2025-05-15,2025-12-20,10.62,5,14.75,6.41,50,40,80.0,15,1
SIM-01364,2025-07-27,2025-12-20,11.2,5,12.74,10.15,100,80,80.0,30,1
SIM-01364,2025-10-08,2025-12-20,12.31,5,13.96,8.96,150,120,80.0,45,1
SIM-01364,2025-12-10,2025-12-20,10.14,5,14.1,5.94,200,170,85.0,60,1
SIM-01365,2025-05-15,2025-12-20,11.77,5,13.17,10.34,50,45,90.0,15,0
SIM-01365,2025-07-27,2025-12-20,15.24,5,17.16,12.7,100,95,95.0,30,0
SIM-01365,2025-10-08,2025-12-20,16.07,5,18.94,14.69,150,135,90.0,45,0
SIM-01365,2025-12-10,2025-12-20,19.37,5,20.0,17.71,200,185,92.5,60,0
SIM-01366,2025-05-15,2025-12-20,10.84,5,13.49,7.99,50,45,90.0,15,1
SIM-01366,2025-07-27,2025-12-20,14.01,5,16.76,11.98,100,85,85.0,30,1
SIM-01366,2025-10-08,2025-12-20,13.48,5,16.12,10.74,150,120,80.0,45,1
SIM-01366,2025-12-10,2025-12-20,14.74,5,18.9,9.94,200,165,82.5,60,1
SIM-01367,2025-05-15,2025-12-20,10.61,5,12.6,9.51,50,40,80.0,15,1
SIM-01367,2025-07-27,2025-12-20,11.91,5,14.36,9.71,100,75,75.0,30,1
SIM-01367,2025-10-08,2025-12-20,12.32,5,14.9,10.02,150,115,76.67,45,1
SIM-01367,2025-12-10,2025-12-20,12.17,5,15.74,9.09,200,155,77.5,60,1
SIM-01368,2025-05-15,2025-12-20,11.55,5,13.29,9.47,50,30,60.0,15,1
SIM-01368,2025-07-27,2025-12-20,11.99,5,16.35,9.62,100,65,65.0,30,1
SIM-01368,2025-10-08,2025-12-20,9.78,5,11.57,6.97,150,95,63.33,45,1
SIM-01368,2025-12-10,2025-12-20,10.11,5,13.29,8.19,200,130,65.0,60,1
SIM-01369,2025-05-15,2025-12-20,11.45,5,12.96,9.68,50,35,70.0,15,0
SIM-01369,2025-07-27,2025-12-20,14.28,5,16.56,11.56,100,70,70.0,30,0
SIM-01369,2025-10-08,2025-12-20,15.59,5,17.96,10.87,150,110,73.33,45,0
SIM-01369,2025-12-10,2025-12-20,15.23,5,20.0,11.19,200,150,75.0,60,0
SIM-01370,2025-05-15,2025-12-20,13.78,5,15.65,12.02,50,40,80.0,15,0
SIM-01370,2025-07-27,2025-12-20,13.31,5,15.45,12.13,100,80,80.0,30,0
SIM-01370,2025-10-08,2025-12-20,15.9,5,20.0,11.78,150,125,83.33,45,0
SIM-01370,2025-12-10,2025-12-20,17.26,5,19.29,14.93,200,165,82.5,60,0
SIM-01371,2025-05-15,2025-12-20,10.97,5,12.35,9.59,50,45,90.0,15,1
SIM-01371,2025-07-27,2025-12-20,9.99,5,12.38,8.64,100,85,85.0,30,1
SIM-01371,2025-10-08,2025-12-20,9.77,5,12.29,6.94,150,130,86.67,45,1
SIM-01371,2025-12-10,2025-12-20,10.36,5,14.73,7.49,200,170,85.0,60,1
SIM-01372,2025-05-15,2025-12-20,10.72,5,13.17,8.43,50,45,90.0,15,1
SIM-01372,2025-07-27,2025-12-20,12.3,5,13.66,11.65,100,85,85.0,30,1
SIM-01372,2025-10-08,2025-12-20,12.54,5,14.13,11.04,150,125,83.33,45,1
SIM-01372,2025-12-10,2025-12-20,12.82,5,14.87,10.8,200,180,90.0,60,1
SIM-01373,2025-05-15,2025-12-20,10.05,5,14.33,8.06,50,40,80.0,15,1
SIM-01373,2025-07-27,2025-12-20,13.23,5,14.82,11.97,100,80,80.0,30,1
SIM-01373,2025-10-08,2025-12-20,14.49,5,17.27,11.46,150,120,80.0,45,1
SIM-01373,2025-12-10,2025-12-20,14.63,5,17.6,11.13,200,160,80.0,60,1
SIM-01374,2025-05-15,2025-12-20,10.68,5,13.21,8.82,50,40,80.0,15,1
SIM-01374,2025-07-27,2025-12-20,10.71,5,13.37,8.91,100,85,85.0,30,1
SIM-01374,2025-10-08,2025-12-20,9.82,5,12.57,5.12,150,125,83.33,45,1
SIM-01374,2025-12-10,2025-12-20,10.41,5,13.49,7.98,200,175,87.5,60,1
SIM-01375,2025-05-15,2025-12-20,9.72,5,11.25,8.65,50,40,80.0,15,1
SIM-01375,2025-07-27,2025-12-20,11.21,5,14.24,8.65,100,70,70.0,30,1
SIM-01375,2025-10-08,2025-12-20,11.93,5,15.92,8.95,150,120,80.0,45,1
SIM-01375,2025-12-10,2025-12-20,12.33,5,15.26,8.59,200,160,80.0,60,1
SIM-01376,2025-05-15,2025-12-20,12.42,5,16.62,10.07,50,45,90.0,15,1
SIM-01376,2025-07-27,2025-12-20,12.02,5,13.51,8.34,100,95,95.0,30,1
SIM-01376,2025-10-08,2025-12-20,10.03,5,16.59,5.2,150,140,93.33,45,1
SIM-01376,2025-12-10,2025-12-20,10.16,5,16.07,4.64,200,180,90.0,60,1
SIM-01377,2025-05-15,2025-12-20,10.26,5,13.89,7.89,50,35,70.0,15,1
SIM-01377,2025-07-27,2025-12-20,10.45,5,13.1,9.41,100,80,80.0,30,1
SIM-01377,2025-10-08,2025-12-20,9.43,5,10.21,8.51,150,110,73.33,45,1
SIM-01377,2025-12-10,2025-12-20,8.02,5,11.82,4.46,200,145,72.5,60,1
SIM-01378,2025-05-15,2025-12-20,12.5,5,15.29,9.56,50,20,40.0,15,0
SIM-01378,2025-07-27,2025-12-20,12.4,5,14.33,10.85,100,40,40.0,30,0
SIM-01378,2025-10-08,2025-12-20,13.72,5,15.31,11.91,150,65,43.33,45,0
SIM-01378,2025-12-10,2025-12-20,15.37,5,20.0,10.63,200,85,42.5,60,0
SIM-01379,2025-05-15,2025-12-20,11.93,5,14.47,10.44,50,35,70.0,15,0
SIM-01379,2025-07-27,2025-12-20,12.7,5,14.34,10.84,100,70,70.0,30,0
SIM-01379,2025-10-08,2025-12-20,14.18,5,15.72,10.98,150,105,70.0,45,0
SIM-01379,2025-12-10,2025-12-20,17.02,5,20.0,11.75,200,145,72.5,60,0
SIM-01380,2025-05-15,2025-12-20,13.06,5,17.15,9.48,50,35,70.0,15,0
SIM-01380,2025-07-27,2025-12-20,13.88,5,17.37,10.89,100,70,70.0,30,0
SIM-01380,2025-10-08,2025-12-20,14.81,5,17.11,10.9,150,110,73.33,45,0
SIM-01380,2025-12-10,2025-12-20,16.25,5,17.57,14.66,200,150,75.0,60,0
SIM-01381,2025-05-15,2025-12-20,12.86,5,13.63,12.32,50,45,90.0,15,0
SIM-01381,2025-07-27,2025-12-20,13.33,5,14.16,11.6,100,95,95.0,30,0
SIM-01381,2025-10-08,2025-12-20,15.54,5,17.56,12.56,150,135,90.0,45,0
SIM-01381,2025-12-10,2025-12-20,18.58,5,20.0,14.66,200,180,90.0,60,0
SIM-01382,2025-05-15,2025-12-20,11.38,5,14.44,7.97,50,35,70.0,15,1
SIM-01382,2025-07-27,2025-12-20,11.12,5,15.11,8.65,100,80,80.0,30,1
SIM-01382,2025-10-08,2025-12-20,11.81,5,16.37,9.87,150,115,76.67,45,1
SIM-01382,2025-12-10,2025-12-20,11.83,5,15.42,9.56,200,150,75.0,60,1
SIM-01383,2025-05-15,2025-12-20,11.47,5,14.41,9.25,50,35,70.0,15,1
SIM-01383,2025-07-27,2025-12-20,12.15,5,14.04,9.9,100,60,60.0,30,1
SIM-01383,2025-10-08,2025-12-20,12.46,5,14.21,9.59,150,105,70.0,45,1
SIM-01383,2025-12-10,2025-12-20,13.53,5,15.21,10.54,200,135,67.5,60,1
SIM-01384,2025-05-15,2025-12-20,10.8,5,14.45,8.97,50,50,100.0,15,1
SIM-01384,2025-07-27,2025-12-20,10.95,5,12.86,8.87,100,100,100.0,30,1
SIM-01384,2025-10-08,2025-12-20,10.0,5,11.58,6.98,150,140,93.33,45,1
SIM-01384,2025-12-10,2025-12-20,11.54,5,16.89,7.66,200,200,100.0,60,1
SIM-01385,2025-05-15,2025-12-20,10.83,5,12.33,8.64,50,35,70.0,15,0
SIM-01385,2025-07-27,2025-12-20,11.62,5,14.34,8.96,100,60,60.0,30,0
SIM-01385,2025-10-08,2025-12-20,12.15,5,15.02,10.2,150,95,63.33,45,0
SIM-01385,2025-12-10,2025-12-20,12.08,5,15.89,7.84,200,120,60.0,60,0
SIM-01386,2025-05-15,2025-12-20,10.47,5,11.73,8.38,50,35,70.0,15,1
SIM-01386,2025-07-27,2025-12-20,12.31,5,14.05,11.0,100,75,75.0,30,1
SIM-01386,2025-10-08,2025-12-20,10.91,5,12.1,9.0,150,110,73.33,45,1
SIM-01386,2025-12-10,2025-12-20,12.9,5,17.18,11.18,200,140,70.0,60,1
SIM-01387,2025-05-15,2025-12-20,15.58,5,17.46,13.55,50,40,80.0,15,0
SIM-01387,2025-07-27,2025-12-20,14.97,5,17.39,13.48,100,85,85.0,30,0
SIM-01387,2025-10-08,2025-12-20,18.36,5,19.6,16.61,150,130,86.67,45,0
SIM-01387,2025-12-10,2025-12-20,19.53,5,20.0,18.69,200,170,85.0,60,0
SIM-01388,2025-05-15,2025-12-20,12.32,5,14.82,9.52,50,40,80.0,15,0
SIM-01388,2025-07-27,2025-12-20,13.31,5,18.06,10.94,100,75,75.0,30,0
SIM-01388,2025-10-08,2025-12-20,14.9,5,16.08,12.29,150,115,76.67,45,0
SIM-01388,2025-12-10,2025-12-20,14.68,5,20.0,11.47,200,170,85.0,60,0
SIM-01389,2025-05-15,2025-12-20,11.07,5,13.12,9.0,50,40,80.0,15,0
SIM-01389,2025-07-27,2025-12-20,14.39,5,16.06,13.25,100,75,75.0,30,0
SIM-01389,2025-10-08,2025-12-20,14.23,5,15.67,11.85,150,125,83.33,45,0
SIM-01389,2025-12-10,2025-12-20,16.31,5,18.99,13.7,200,160,80.0,60,0
SIM-01390,2025-05-15,2025-12-20,8.21,5,9.94,6.8,50,45,90.0,15,1
SIM-01390,2025-07-27,2025-12-20,6.51,5,9.25,4.23,100,90,90.0,30,1
SIM-01390,2025-10-08,2025-12-20,5.04,5,11.72,0.3,150,130,86.67,45,1
SIM-01390,2025-12-10,2025-12-20,3.9,5,4.95,1.57,200,175,87.5,60,1
SIM-01391,2025-05-15,2025-12-20,11.5,5,14.85,9.66,50,35,70.0,15,1
SIM-01391,2025-07-27,2025-12-20,10.15,5,12.52,6.95,100,65,65.0,30,1
SIM-01391,2025-10-08,2025-12-20,10.89,5,13.0,6.83,150,95,63.33,45,1
SIM-01391,2025-12-10,2025-12-20,9.86,5,12.16,6.69,200,145,72.5,60,1
SIM-01392,2025-05-15,2025-12-20,10.33,5,13.76,7.86,50,40,80.0,15,1
SIM-01392,2025-07-27,2025-12-20,10.88,5,13.36,5.4,100,80,80.0,30,1
SIM-01392,2025-10-08,2025-12-20,8.41,5,11.29,6.08,150,110,73.33,45,1
SIM-01392,2025-12-10,2025-12-20,5.99,5,13.07,2.03,200,135,67.5,60,1
SIM-01393,2025-05-15,2025-12-20,11.18,5,12.3,8.63,50,35,70.0,15,1
SIM-01393,2025-07-27,2025-12-20,8.99,5,11.24,6.99,100,75,75.0,30,1
SIM-01393,2025-10-08,2025-12-20,10.18,5,12.08,8.66,150,105,70.0,45,1
SIM-01393,2025-12-10,2025-12-20,9.72,5,14.95,2.64,200,130,65.0,60,1
SIM-01394,2025-05-15,2025-12-20,11.38,5,16.5,7.85,50,50,100.0,15,1
SIM-01394,2025-07-27,2025-12-20,10.82,5,13.1,8.78,100,100,100.0,30,1
SIM-01394,2025-10-08,2025-12-20,10.12,5,11.6,7.59,150,135,90.0,45,1
SIM-01394,2025-12-10,2025-12-20,10.57,5,13.93,7.26,200,190,95.0,60,1
SIM-01395,2025-05-15,2025-12-20,13.06,5,15.5,10.95,50,40,80.0,15,1
SIM-01395,2025-07-27,2025-12-20,12.83,5,15.65,9.25,100,80,80.0,30,1
SIM-01395,2025-10-08,2025-12-20,13.97,5,15.8,9.58,150,110,73.33,45,1
SIM-01395,2025-12-10,2025-12-20,14.61,5,17.68,10.3,200,165,82.5,60,1
SIM-01396,2025-05-15,2025-12-20,11.14,5,12.62,9.68,50,20,40.0,15,0
SIM-01396,2025-07-27,2025-12-20,13.7,5,15.08,11.9,100,55,55.0,30,0
SIM-01396,2025-10-08,2025-12-20,15.93,5,19.81,11.54,150,65,43.33,45,0
SIM-01396,2025-12-10,2025-12-20,16.5,5,19.83,14.2,200,95,47.5,60,0
SIM-01397,2025-05-15,2025-12-20,10.66,5,11.14,9.85,50,35,70.0,15,1
SIM-01397,2025-07-27,2025-12-20,12.12,5,13.86,9.7,100,70,70.0,30,1
SIM-01397,2025-10-08,2025-12-20,12.61,5,15.58,9.36,150,110,73.33,45,1
SIM-01397,2025-12-10,2025-12-20,12.58,5,15.48,10.46,200,145,72.5,60,1
SIM-01398,2025-05-15,2025-12-20,10.62,5,12.42,8.12,50,30,60.0,15,0
SIM-01398,2025-07-27,2025-12-20,11.98,5,15.13,9.64,100,60,60.0,30,0
SIM-01398,2025-10-08,2025-12-20,12.74,5,14.19,11.85,150,90,60.0,45,0
SIM-01398,2025-12-10,2025-12-20,12.72,5,14.11,10.85,200,120,60.0,60,0
SIM-01399,2025-05-15,2025-12-20,11.82,5,14.83,9.87,50,45,90.0,15,1
SIM-01399,2025-07-27,2025-12-20,11.33,5,16.28,8.49,100,90,90.0,30,1
SIM-01399,2025-10-08,2025-12-20,12.43,5,14.35,10.77,150,140,93.33,45,1
SIM-01399,2025-12-10,2025-12-20,11.97,5,17.55,8.69,200,180,90.0,60,1
SIM-01400,2025-05-15,2025-12-20,11.09,5,13.17,9.8,50,50,100.0,15,0
SIM-01400,2025-07-27,2025-12-20,13.11,5,15.94,11.09,100,95,95.0,30,0
SIM-01400,2025-10-08,2025-12-20,13.04,5,14.51,11.19,150,140,93.33,45,0
SIM-01400,2025-12-10,2025-12-20,12.65,5,15.79,8.52,200,185,92.5,60,0
SIM-01401,2025-05-15,2025-12-20,12.1,5,13.03,10.82,50,40,80.0,15,1
SIM-01401,2025-07-27,2025-12-20,10.68,5,12.94,8.71,100,90,90.0,30,1
SIM-01401,2025-10-08,2025-12-20,11.71,5,13.32,8.56,150,135,90.0,45,1
SIM-01401,2025-12-10,2025-12-20,12.97,5,16.44,8.17,200,175,87.5,60,1
SIM-01402,2025-05-15,2025-12-20,10.66,5,12.02,9.41,50,50,100.0,15,0
SIM-01402,2025-07-27,2025-12-20,13.61,5,15.02,10.67,100,95,95.0,30,0
SIM-01402,2025-10-08,2025-12-20,13.17,5,15.42,9.35,150,140,93.33,45,0
SIM-01402,2025-12-10,2025-12-20,14.93,5,19.03,9.9,200,190,95.0,60,0
SIM-01403,2025-05-15,2025-12-20,10.8,5,12.93,8.93,50,40,80.0,15,0
SIM-01403,2025-07-27,2025-12-20,13.31,5,14.4,12.43,100,80,80.0,30,0
SIM-01403,2025-10-08,2025-12-20,12.78,5,15.36,9.8,150,115,76.67,45,0
SIM-01403,2025-12-10,2025-12-20,13.83,5,16.86,12.09,200,155,77.5,60,0
SIM-01404,2025-05-15,2025-12-20,12.03,5,13.89,9.01,50,40,80.0,15,1
SIM-01404,2025-07-27,2025-12-20,10.52,5,14.61,5.0,100,75,75.0,30,1
SIM-01404,2025-10-08,2025-12-20,12.01,5,15.37,9.07,150,120,80.0,45,1
SIM-01404,2025-12-10,2025-12-20,12.0,5,14.45,8.29,200,160,80.0,60,1
SIM-01405,2025-05-15,2025-12-20,11.79,5,15.43,8.2,50,45,90.0,15,0
SIM-01405,2025-07-27,2025-12-20,15.12,5,17.84,14.09,100,90,90.0,30,0
SIM-01405,2025-10-08,2025-12-20,13.4,5,18.85,10.43,150,130,86.67,45,0
SIM-01405,2025-12-10,2025-12-20,15.28,5,20.0,10.25,200,180,90.0,60,0
SIM-01406,2025-05-15,2025-12-20,10.48,5,12.74,7.16,50,40,80.0,15,1
SIM-01406,2025-07-27,2025-12-20,11.71,5,13.96,9.44,100,80,80.0,30,1
SIM-01406,2025-10-08,2025-12-20,13.63,5,18.27,9.95,150,115,76.67,45,1
SIM-01406,2025-12-10,2025-12-20,13.61,5,19.89,8.85,200,150,75.0,60,1
SIM-01407,2025-05-15,2025-12-20,12.65,5,14.82,10.45,50,45,90.0,15,1
SIM-01407,2025-07-27,2025-12-20,10.83,5,12.44,9.57,100,90,90.0,30,1
SIM-01407,2025-10-08,2025-12-20,10.77,5,14.75,8.19,150,130,86.67,45,1
SIM-01407,2025-12-10,2025-12-20,11.3,5,12.69,9.54,200,175,87.5,60,1
SIM-01408,2025-05-15,2025-12-20,9.27,5,10.76,7.52,50,40,80.0,15,1
SIM-01408,2025-07-27,2025-12-20,9.24,5,13.3,6.68,100,80,80.0,30,1
SIM-01408,2025-10-08,2025-12-20,6.63,5,8.94,2.57,150,130,86.67,45,1
SIM-01408,2025-12-10,2025-12-20,7.46,5,9.36,1.97,200,170,85.0,60,1
SIM-01409,2025-05-15,2025-12-20,11.51,5,14.91,7.23,50,40,80.0,15,1
SIM-01409,2025-07-27,2025-12-20,10.4,5,12.82,6.45,100,70,70.0,30,1
SIM-01409,2025-10-08,2025-12-20,11.91,5,15.2,9.43,150,115,76.67,45,1
SIM-01409,2025-12-10,2025-12-20,14.41,5,17.33,11.59,200,175,87.5,60,1
SIM-01410,2025-05-15,2025-12-20,11.15,5,12.2,10.22,50,45,90.0,15,1
SIM-01410,2025-07-27,2025-12-20,12.12,5,14.85,10.57,100,100,100.0,30,1
SIM-01410,2025-10-08,2025-12-20,12.31,5,13.29,11.5,150,140,93.33,45,1
SIM-01410,2025-12-10,2025-12-20,12.18,5,16.37,9.33,200,195,97.5,60,1
SIM-01411,2025-05-15,2025-12-20,12.3,5,15.7,9.5,50,40,80.0,15,1
SIM-01411,2025-07-27,2025-12-20,11.73,5,14.93,9.21,100,80,80.0,30,1
SIM-01411,2025-10-08,2025-12-20,10.43,5,13.0,7.37,150,125,83.33,45,1
SIM-01411,2025-12-10,2025-12-20,10.56,5,15.98,5.16,200,170,85.0,60,1
SIM-01412,2025-05-15,2025-12-20,11.97,5,14.07,9.74,50,30,60.0,15,1
SIM-01412,2025-07-27,2025-12-20,12.78,5,15.94,10.5,100,65,65.0,30,1
SIM-01412,2025-10-08,2025-12-20,9.48,5,12.45,7.49,150,105,70.0,45,1
SIM-01412,2025-12-10,2025-12-20,10.66,5,13.97,8.24,200,130,65.0,60,1
SIM-01413,2025-05-15,2025-12-20,10.3,5,13.82,7.94,50,45,90.0,15,1
SIM-01413,2025-07-27,2025-12-20,10.76,5,16.04,6.7,100,95,95.0,30,1
SIM-01413,2025-10-08,2025-12-20,12.33,5,17.15,8.66,150,140,93.33,45,1
SIM-01413,2025-12-10,2025-12-20,13.21,5,18.76,8.42,200,185,92.5,60,1
SIM-01414,2025-05-15,2025-12-20,10.01,5,11.7,7.36,50,40,80.0,15,0
SIM-01414,2025-07-27,2025-12-20,12.35,5,16.07,11.2,100,75,75.0,30,0
SIM-01414,2025-10-08,2025-12-20,12.97,5,14.53,11.62,150,105,70.0,45,0
SIM-01414,2025-12-10,2025-12-20,14.36,5,18.45,10.77,200,160,80.0,60,0
SIM-01415,2025-05-15,2025-12-20,10.36,5,12.6,7.99,50,35,70.0,15,1
SIM-01415,2025-07-27,2025-12-20,9.88,5,11.59,6.99,100,80,80.0,30,1
SIM-01415,2025-10-08,2025-12-20,9.69,5,11.07,7.55,150,120,80.0,45,1
SIM-01415,2025-12-10,2025-12-20,9.26,5,12.03,6.25,200,150,75.0,60,1
SIM-01416,2025-05-15,2025-12-20,12.88,5,14.95,10.46,50,35,70.0,15,0
SIM-01416,2025-07-27,2025-12-20,13.31,5,15.65,10.66,100,65,65.0,30,0
SIM-01416,2025-10-08,2025-12-20,12.33,5,14.51,9.97,150,90,60.0,45,0
SIM-01416,2025-12-10,2025-12-20,13.82,5,16.69,11.25,200,120,60.0,60,0
SIM-01417,2025-05-15,2025-12-20,12.41,5,13.12,10.84,50,45,90.0,15,1
SIM-01417,2025-07-27,2025-12-20,11.92,5,16.46,9.72,100,95,95.0,30,1
SIM-01417,2025-10-08,2025-12-20,11.84,5,15.76,9.04,150,135,90.0,45,1
SIM-01417,2025-12-10,2025-12-20,12.01,5,13.28,11.41,200,185,92.5,60,1
SIM-01418,2025-05-15,2025-12-20,10.85,5,14.17,8.07,50,30,60.0,15,1
SIM-01418,2025-07-27,2025-12-20,9.87,5,11.15,8.77,100,65,65.0,30,1
SIM-01418,2025-10-08,2025-12-20,9.18,5,11.63,5.9,150,95,63.33,45,1
SIM-01418,2025-12-10,2025-12-20,8.58,5,13.49,6.28,200,140,70.0,60,1
SIM-01419,2025-05-15,2025-12-20,10.12,5,11.35,9.16,50,40,80.0,15,1
SIM-01419,2025-07-27,2025-12-20,10.56,5,12.12,8.56,100,75,75.0,30,1
SIM-01419,2025-10-08,2025-12-20,10.79,5,14.33,8.67,150,120,80.0,45,1
SIM-01419,2025-12-10,2025-12-20,11.83,5,14.66,5.72,200,160,80.0,60,1
SIM-01420,2025-05-15,2025-12-20,12.35,5,14.07,8.9,50,45,90.0,15,0
SIM-01420,2025-07-27,2025-12-20,14.69,5,16.47,11.88,100,95,95.0,30,0
SIM-01420,2025-10-08,2025-12-20,13.72,5,15.79,10.16,150,145,96.67,45,0
SIM-01420,2025-12-10,2025-12-20,16.02,5,19.09,12.66,200,180,90.0,60,0
SIM-01421,2025-05-15,2025-12-20,13.16,5,14.53,12.38,50,45,90.0,15,0
SIM-01421,2025-07-27,2025-12-20,13.52,5,16.04,8.67,100,85,85.0,30,0
SIM-01421,2025-10-08,2025-12-20,12.95,5,19.97,8.04,150,130,86.67,45,0
SIM-01421,2025-12-10,2025-12-20,13.83,5,16.4,12.03,200,160,80.0,60,0
SIM-01422,2025-05-15,2025-12-20,11.81,5,14.76,9.53,50,40,80.0,15,1
SIM-01422,2025-07-27,2025-12-20,11.83,5,14.19,9.55,100,85,85.0,30,1
SIM-01422,2025-10-08,2025-12-20,10.72,5,13.58,7.68,150,135,90.0,45,1
SIM-01422,2025-12-10,2025-12-20,11.65,5,14.45,9.12,200,165,82.5,60,1
SIM-01423,2025-05-15,2025-12-20,12.27,5,14.93,9.95,50,40,80.0,15,0
SIM-01423,2025-07-27,2025-12-20,12.25,5,13.35,10.82,100,85,85.0,30,0
SIM-01423,2025-10-08,2025-12-20,13.62,5,15.58,11.32,150,130,86.67,45,0
SIM-01423,2025-12-10,2025-12-20,13.94,5,17.01,11.47,200,165,82.5,60,0
SIM-01424,2025-05-15,2025-12-20,11.12,5,13.84,9.97,50,45,90.0,15,1
SIM-01424,2025-07-27,2025-12-20,9.9,5,12.52,7.31,100,85,85.0,30,1
SIM-01424,2025-10-08,2025-12-20,11.84,5,13.71,9.36,150,125,83.33,45,1
SIM-01424,2025-12-10,2025-12-20,12.26,5,14.03,9.67,200,165,82.5,60,1
SIM-01425,2025-05-15,2025-12-20,11.43,5,13.67,8.03,50,40,80.0,15,1
SIM-01425,2025-07-27,2025-12-20,9.68,5,10.67,7.85,100,75,75.0,30,1
SIM-01425,2025-10-08,2025-12-20,10.3,5,13.38,6.17,150,115,76.67,45,1
SIM-01425,2025-12-10,2025-12-20,8.79,5,12.14,6.9,200,145,72.5,60,1
SIM-01426,2025-05-15,2025-12-20,11.54,5,13.01,9.87,50,35,70.0,15,0
SIM-01426,2025-07-27,2025-12-20,13.05,5,16.02,10.76,100,75,75.0,30,0
SIM-01426,2025-10-08,2025-12-20,13.82,5,16.6,11.9,150,100,66.67,45,0
SIM-01426,2025-12-10,2025-12-20,13.86,5,18.44,11.08,200,145,72.5,60,0
SIM-01427,2025-05-15,2025-12-20,12.3,5,15.19,10.16,50,45,90.0,15,0
SIM-01427,2025-07-27,2025-12-20,13.24,5,15.35,10.09,100,90,90.0,30,0
SIM-01427,2025-10-08,2025-12-20,15.84,5,20.0,12.25,150,145,96.67,45,0
SIM-01427,2025-12-10,2025-12-20,17.19,5,19.98,13.8,200,190,95.0,60,0
SIM-01428,2025-05-15,2025-12-20,8.82,5,12.55,6.27,50,45,90.0,15,1
SIM-01428,2025-07-27,2025-12-20,10.4,5,13.14,8.5,100,95,95.0,30,1
SIM-01428,2025-10-08,2025-12-20,10.86,5,13.08,5.85,150,120,80.0,45,1
SIM-01428,2025-12-10,2025-12-20,10.07,5,16.01,5.88,200,180,90.0,60,1
SIM-01429,2025-05-15,2025-12-20,10.85,5,12.94,9.17,50,50,100.0,15,1
SIM-01429,2025-07-27,2025-12-20,10.54,5,13.52,9.3,100,90,90.0,30,1
SIM-01429,2025-10-08,2025-12-20,10.92,5,15.48,8.42,150,140,93.33,45,1
SIM-01429,2025-12-10,2025-12-20,10.61,5,16.26,7.57,200,185,92.5,60,1
SIM-01430,2025-05-15,2025-12-20,11.78,5,13.6,9.35,50,45,90.0,15,0
SIM-01430,2025-07-27,2025-12-20,14.04,5,16.5,12.04,100,85,85.0,30,0
SIM-01430,2025-10-08,2025-12-20,14.35,5,17.29,12.31,150,140,93.33,45,0
SIM-01430,2025-12-10,2025-12-20,14.24,5,20.0,9.28,200,180,90.0,60,0
SIM-01431,2025-05-15,2025-12-20,10.11,5,12.83,7.58,50,30,60.0,15,1
SIM-01431,2025-07-27,2025-12-20,9.16,5,10.58,5.91,100,70,70.0,30,1
SIM-01431,2025-10-08,2025-12-20,9.09,5,12.43,6.33,150,95,63.33,45,1
SIM-01431,2025-12-10,2025-12-20,10.08,5,12.83,8.02,200,125,62.5,60,1
SIM-01432,2025-05-15,2025-12-20,9.45,5,11.69,7.5,50,30,60.0,15,1
SIM-01432,2025-07-27,2025-12-20,9.98,5,12.09,6.44,100,55,55.0,30,1
SIM-01432,2025-10-08,2025-12-20,10.49,5,13.95,6.05,150,90,60.0,45,1
SIM-01432,2025-12-10,2025-12-20,9.07,5,12.99,5.37,200,110,55.0,60,1
SIM-01433,2025-05-15,2025-12-20,12.25,5,14.62,11.04,50,40,80.0,15,1
SIM-01433,2025-07-27,2025-12-20,13.77,5,17.08,10.36,100,85,85.0,30,1
SIM-01433,2025-10-08,2025-12-20,11.59,5,16.83,7.02,150,130,86.67,45,1
SIM-01433,2025-12-10,2025-12-20,14.53,5,18.41,12.14,200,175,87.5,60,1
SIM-01434,2025-05-15,2025-12-20,11.81,5,13.23,9.37,50,40,80.0,15,0
SIM-01434,2025-07-27,2025-12-20,12.52,5,13.26,11.71,100,75,75.0,30,0
SIM-01434,2025-10-08,2025-12-20,12.82,5,14.89,10.44,150,115,76.67,45,0
SIM-01434,2025-12-10,2025-12-20,14.43,5,15.5,13.71,200,155,77.5,60,0
SIM-01435,2025-05-15,2025-12-20,11.02,5,14.44,8.16,50,40,80.0,15,1
SIM-01435,2025-07-27,2025-12-20,12.2,5,14.7,8.41,100,85,85.0,30,1
SIM-01435,2025-10-08,2025-12-20,12.07,5,14.06,10.28,150,120,80.0,45,1
SIM-01435,2025-12-10,2025-12-20,12.86,5,17.77,10.44,200,160,80.0,60,1
SIM-01436,2025-05-15,2025-12-20,11.61,5,12.44,9.89,50,40,80.0,15,0
SIM-01436,2025-07-27,2025-12-20,12.83,5,14.48,11.35,100,85,85.0,30,0
SIM-01436,2025-10-08,2025-12-20,13.14,5,14.21,12.31,150,120,80.0,45,0
SIM-01436,2025-12-10,2025-12-20,14.91,5,18.46,10.24,200,170,85.0,60,0
SIM-01437,2025-05-15,2025-12-20,12.86,5,14.61,9.98,50,50,100.0,15,0
SIM-01437,2025-07-27,2025-12-20,14.46,5,17.48,8.88,100,95,95.0,30,0
SIM-01437,2025-10-08,2025-12-20,14.55,5,19.94,8.96,150,140,93.33,45,0
SIM-01437,2025-12-10,2025-12-20,13.55,5,16.76,11.5,200,190,95.0,60,0
SIM-01438,2025-05-15,2025-12-20,10.8,5,12.46,9.59,50,40,80.0,15,1
SIM-01438,2025-07-27,2025-12-20,10.66,5,11.88,9.86,100,90,90.0,30,1
SIM-01438,2025-10-08,2025-12-20,10.13,5,12.89,7.63,150,120,80.0,45,1
SIM-01438,2025-12-10,2025-12-20,10.77,5,12.99,7.16,200,155,77.5,60,1
SIM-01439,2025-05-15,2025-12-20,9.96,5,10.82,8.72,50,45,90.0,15,1
SIM-01439,2025-07-27,2025-12-20,10.58,5,13.76,7.15,100,85,85.0,30,1
SIM-01439,2025-10-08,2025-12-20,9.16,5,13.2,5.88,150,130,86.67,45,1
SIM-01439,2025-12-10,2025-12-20,8.89,5,17.03,4.59,200,165,82.5,60,1
SIM-01440,2025-05-15,2025-12-20,12.26,5,13.99,10.46,50,40,80.0,15,0
SIM-01440,2025-07-27,2025-12-20,12.32,5,14.0,11.09,100,85,85.0,30,0
SIM-01440,2025-10-08,2025-12-20,15.48,5,19.03,13.18,150,125,83.33,45,0
SIM-01440,2025-12-10,2025-12-20,16.56,5,20.0,12.42,200,155,77.5,60,0
SIM-01441,2025-05-15,2025-12-20,12.0,5,13.0,9.83,50,35,70.0,15,1
SIM-01441,2025-07-27,2025-12-20,11.56,5,14.45,10.2,100,70,70.0,30,1
SIM-01441,2025-10-08,2025-12-20,13.64,5,16.18,10.23,150,110,73.33,45,1
SIM-01441,2025-12-10,2025-12-20,13.81,5,18.09,10.88,200,150,75.0,60,1
SIM-01442,2025-05-15,2025-12-20,9.44,5,11.06,7.03,50,45,90.0,15,1
SIM-01442,2025-07-27,2025-12-20,11.07,5,12.56,8.76,100,90,90.0,30,1
SIM-01442,2025-10-08,2025-12-20,7.69,5,10.87,5.29,150,135,90.0,45,1
SIM-01442,2025-12-10,2025-12-20,7.19,5,9.21,4.46,200,185,92.5,60,1
SIM-01443,2025-05-15,2025-12-20,9.77,5,11.23,6.58,50,40,80.0,15,1
SIM-01443,2025-07-27,2025-12-20,11.18,5,12.81,9.42,100,80,80.0,30,1
SIM-01443,2025-10-08,2025-12-20,9.45,5,12.55,5.42,150,120,80.0,45,1
SIM-01443,2025-12-10,2025-12-20,7.49,5,8.8,5.35,200,165,82.5,60,1
SIM-01444,2025-05-15,2025-12-20,9.66,5,10.32,9.21,50,45,90.0,15,1
SIM-01444,2025-07-27,2025-12-20,10.27,5,13.19,7.88,100,80,80.0,30,1
SIM-01444,2025-10-08,2025-12-20,11.42,5,17.15,9.44,150,140,93.33,45,1
SIM-01444,2025-12-10,2025-12-20,9.86,5,13.6,7.55,200,180,90.0,60,1
SIM-01445,2025-05-15,2025-12-20,13.04,5,14.57,11.33,50,35,70.0,15,0
SIM-01445,2025-07-27,2025-12-20,12.55,5,14.57,11.05,100,75,75.0,30,0
SIM-01445,2025-10-08,2025-12-20,13.47,5,14.3,12.5,150,105,70.0,45,0
SIM-01445,2025-12-10,2025-12-20,12.96,5,16.68,8.68,200,145,72.5,60,0
SIM-01446,2025-05-15,2025-12-20,11.94,5,13.46,9.83,50,35,70.0,15,1
SIM-01446,2025-07-27,2025-12-20,10.53,5,14.97,6.79,100,65,65.0,30,1
SIM-01446,2025-10-08,2025-12-20,10.5,5,13.12,8.05,150,110,73.33,45,1
SIM-01446,2025-12-10,2025-12-20,11.81,5,13.86,9.33,200,135,67.5,60,1
SIM-01447,2025-05-15,2025-12-20,11.44,5,13.92,10.15,50,50,100.0,15,1
SIM-01447,2025-07-27,2025-12-20,11.88,5,14.38,8.58,100,85,85.0,30,1
SIM-01447,2025-10-08,2025-12-20,12.25,5,15.6,8.52,150,140,93.33,45,1
SIM-01447,2025-12-10,2025-12-20,12.92,5,14.62,8.77,200,180,90.0,60,1
SIM-01448,2025-05-15,2025-12-20,9.86,5,11.18,8.75,50,50,100.0,15,1
SIM-01448,2025-07-27,2025-12-20,7.06,5,9.1,4.99,100,90,90.0,30,1
SIM-01448,2025-10-08,2025-12-20,7.11,5,10.26,6.06,150,150,100.0,45,1
SIM-01448,2025-12-10,2025-12-20,5.66,5,10.73,1.49,200,185,92.5,60,1
SIM-01449,2025-05-15,2025-12-20,11.48,5,13.91,6.39,50,45,90.0,15,1
SIM-01449,2025-07-27,2025-12-20,11.9,5,14.44,9.45,100,95,95.0,30,1
SIM-01449,2025-10-08,2025-12-20,13.65,5,17.7,7.95,150,145,96.67,45,1
SIM-01449,2025-12-10,2025-12-20,15.67,5,19.88,12.67,200,185,92.5,60,1
SIM-01450,2025-05-15,2025-12-20,12.32,5,15.46,9.5,50,40,80.0,15,0
SIM-01450,2025-07-27,2025-12-20,14.01,5,19.74,10.16,100,90,90.0,30,0
SIM-01450,2025-10-08,2025-12-20,14.99,5,18.96,10.31,150,115,76.67,45,0
SIM-01450,2025-12-10,2025-12-20,15.8,5,20.0,12.75,200,165,82.5,60,0
SIM-01451,2025-05-15,2025-12-20,9.28,5,11.2,7.99,50,40,80.0,15,1
SIM-01451,2025-07-27,2025-12-20,9.85,5,13.19,7.87,100,85,85.0,30,1
SIM-01451,2025-10-08,2025-12-20,9.49,5,12.16,4.88,150,120,80.0,45,1
SIM-01451,2025-12-10,2025-12-20,10.78,5,14.73,5.28,200,155,77.5,60,1
SIM-01452,2025-05-15,2025-12-20,12.4,5,15.25,10.7,50,40,80.0,15,0
SIM-01452,2025-07-27,2025-12-20,12.69,5,14.86,8.97,100,80,80.0,30,0
SIM-01452,2025-10-08,2025-12-20,12.93,5,17.27,7.91,150,120,80.0,45,0
SIM-01452,2025-12-10,2025-12-20,15.89,5,18.21,13.94,200,185,92.5,60,0
SIM-01453,2025-05-15,2025-12-20,11.99,5,16.82,9.61,50,35,70.0,15,0
SIM-01453,2025-07-27,2025-12-20,12.74,5,16.25,9.09,100,75,75.0,30,0
SIM-01453,2025-10-08,2025-12-20,14.88,5,20.0,11.03,150,110,73.33,45,0
SIM-01453,2025-12-10,2025-12-20,13.87,5,16.73,12.16,200,170,85.0,60,0
SIM-01454,2025-05-15,2025-12-20,10.65,5,12.15,8.25,50,40,80.0,15,1
SIM-01454,2025-07-27,2025-12-20,10.42,5,12.84,7.7,100,75,75.0,30,1
SIM-01454,2025-10-08,2025-12-20,7.46,5,11.21,4.94,150,115,76.67,45,1
SIM-01454,2025-12-10,2025-12-20,8.46,5,13.29,4.47,200,160,80.0,60,1
SIM-01455,2025-05-15,2025-12-20,9.95,5,10.8,8.8,50,45,90.0,15,1
SIM-01455,2025-07-27,2025-12-20,10.42,5,13.2,8.1,100,100,100.0,30,1
SIM-01455,2025-10-08,2025-12-20,9.29,5,11.97,6.31,150,135,90.0,45,1
SIM-01455,2025-12-10,2025-12-20,7.79,5,13.17,3.24,200,195,97.5,60,1
SIM-01456,2025-05-15,2025-12-20,9.87,5,14.19,5.64,50,45,90.0,15,0
SIM-01456,2025-07-27,2025-12-20,12.86,5,15.42,9.87,100,90,90.0,30,0
SIM-01456,2025-10-08,2025-12-20,11.13,5,12.47,8.39,150,135,90.0,45,0
SIM-01456,2025-12-10,2025-12-20,12.74,5,13.79,10.81,200,185,92.5,60,0
SIM-01457,2025-05-15,2025-12-20,10.58,5,12.34,9.26,50,40,80.0,15,0
SIM-01457,2025-07-27,2025-12-20,11.6,5,13.08,10.88,100,85,85.0,30,0
SIM-01457,2025-10-08,2025-12-20,14.1,5,16.34,11.06,150,140,93.33,45,0
SIM-01457,2025-12-10,2025-12-20,14.13,5,16.95,9.15,200,175,87.5,60,0
SIM-01458,2025-05-15,2025-12-20,10.72,5,12.53,8.77,50,40,80.0,15,1
SIM-01458,2025-07-27,2025-12-20,12.86,5,16.16,10.16,100,70,70.0,30,1
SIM-01458,2025-10-08,2025-12-20,12.18,5,15.74,8.59,150,100,66.67,45,1
SIM-01458,2025-12-10,2025-12-20,12.35,5,16.89,10.31,200,145,72.5,60,1
SIM-01459,2025-05-15,2025-12-20,11.99,5,13.53,11.32,50,35,70.0,15,1
SIM-01459,2025-07-27,2025-12-20,11.36,5,12.13,10.01,100,65,65.0,30,1
SIM-01459,2025-10-08,2025-12-20,11.79,5,14.47,8.15,150,100,66.67,45,1
SIM-01459,2025-12-10,2025-12-20,10.96,5,14.95,7.23,200,150,75.0,60,1
SIM-01460,2025-05-15,2025-12-20,10.22,5,11.81,8.52,50,40,80.0,15,1
SIM-01460,2025-07-27,2025-12-20,8.96,5,12.2,4.81,100,80,80.0,30,1
SIM-01460,2025-10-08,2025-12-20,6.91,5,9.24,3.84,150,125,83.33,45,1
SIM-01460,2025-12-10,2025-12-20,7.36,5,10.68,3.81,200,155,77.5,60,1
SIM-01461,2025-05-15,2025-12-20,9.62,5,10.06,8.65,50,30,60.0,15,1
SIM-01461,2025-07-27,2025-12-20,11.57,5,16.98,9.51,100,60,60.0,30,1
SIM-01461,2025-10-08,2025-12-20,12.9,5,16.36,11.56,150,90,60.0,45,1
SIM-01461,2025-12-10,2025-12-20,12.74,5,20.0,8.51,200,110,55.0,60,1
SIM-01462,2025-05-15,2025-12-20,12.42,5,16.36,9.46,50,40,80.0,15,0
SIM-01462,2025-07-27,2025-12-20,14.67,5,15.93,13.09,100,80,80.0,30,0
SIM-01462,2025-10-08,2025-12-20,16.79,5,18.1,15.15,150,120,80.0,45,0
SIM-01462,2025-12-10,2025-12-20,17.47,5,20.0,14.17,200,165,82.5,60,0
SIM-01463,2025-05-15,2025-12-20,10.21,5,11.68,8.44,50,45,90.0,15,1
SIM-01463,2025-07-27,2025-12-20,10.16,5,12.06,7.39,100,90,90.0,30,1
SIM-01463,2025-10-08,2025-12-20,11.87,5,14.17,10.09,150,120,80.0,45,1
SIM-01463,2025-12-10,2025-12-20,11.28,5,13.99,7.0,200,170,85.0,60,1
SIM-01464,2025-05-15,2025-12-20,11.24,5,14.3,9.55,50,35,70.0,15,1
SIM-01464,2025-07-27,2025-12-20,8.29,5,12.21,5.7,100,70,70.0,30,1
SIM-01464,2025-10-08,2025-12-20,5.88,5,6.74,5.02,150,105,70.0,45,1
SIM-01464,2025-12-10,2025-12-20,5.43,5,6.42,3.87,200,145,72.5,60,1
SIM-01465,2025-05-15,2025-12-20,11.4,5,14.15,9.92,50,40,80.0,15,0
SIM-01465,2025-07-27,2025-12-20,12.84,5,15.87,10.82,100,90,90.0,30,0
SIM-01465,2025-10-08,2025-12-20,13.22,5,14.64,10.49,150,135,90.0,45,0
SIM-01465,2025-12-10,2025-12-20,12.9,5,16.45,9.51,200,175,87.5,60,0
SIM-01466,2025-05-15,2025-12-20,12.11,5,13.99,10.0,50,40,80.0,15,0
SIM-01466,2025-07-27,2025-12-20,13.1,5,14.46,11.3,100,80,80.0,30,0
SIM-01466,2025-10-08,2025-12-20,16.7,5,19.62,12.91,150,115,76.67,45,0
SIM-01466,2025-12-10,2025-12-20,16.9,5,20.0,14.26,200,165,82.5,60,0
SIM-01467,2025-05-15,2025-12-20,12.26,5,13.7,10.95,50,45,90.0,15,0
SIM-01467,2025-07-27,2025-12-20,13.15,5,15.0,11.85,100,95,95.0,30,0
SIM-01467,2025-10-08,2025-12-20,15.25,5,17.51,13.66,150,140,93.33,45,0
SIM-01467,2025-12-10,2025-12-20,15.77,5,19.05,11.48,200,185,92.5,60,0
SIM-01468,2025-05-15,2025-12-20,10.13,5,12.8,7.97,50,40,80.0,15,1
SIM-01468,2025-07-27,2025-12-20,12.4,5,14.3,9.29,100,95,95.0,30,1
SIM-01468,2025-10-08,2025-12-20,13.28,5,17.7,9.64,150,135,90.0,45,1
SIM-01468,2025-12-10,2025-12-20,12.3,5,17.55,7.26,200,185,92.5,60,1
SIM-01469,2025-05-15,2025-12-20,9.81,5,11.67,7.67,50,40,80.0,15,1
SIM-01469,2025-07-27,2025-12-20,12.05,5,13.79,9.24,100,80,80.0,30,1
SIM-01469,2025-10-08,2025-12-20,10.69,5,13.78,7.28,150,120,80.0,45,1
SIM-01469,2025-12-10,2025-12-20,10.54,5,13.63,6.42,200,155,77.5,60,1
SIM-01470,2025-05-15,2025-12-20,11.83,5,16.13,8.57,50,30,60.0,15,1
SIM-01470,2025-07-27,2025-12-20,11.92,5,13.98,9.71,100,50,50.0,30,1
SIM-01470,2025-10-08,2025-12-20,12.97,5,19.85,6.54,150,80,53.33,45,1
SIM-01470,2025-12-10,2025-12-20,14.48,5,19.03,9.73,200,115,57.5,60,1
SIM-01471,2025-05-15,2025-12-20,13.33,5,16.77,11.61,50,45,90.0,15,0
SIM-01471,2025-07-27,2025-12-20,14.68,5,17.36,13.26,100,85,85.0,30,0
SIM-01471,2025-10-08,2025-12-20,15.66,5,18.22,11.39,150,140,93.33,45,0
SIM-01471,2025-12-10,2025-12-20,17.49,5,18.43,15.48,200,165,82.5,60,0
SIM-01472,2025-05-15,2025-12-20,10.57,5,12.95,9.26,50,50,100.0,15,0
SIM-01472,2025-07-27,2025-12-20,13.49,5,17.94,10.61,100,90,90.0,30,0
SIM-01472,2025-10-08,2025-12-20,13.39,5,20.0,10.31,150,140,93.33,45,0
SIM-01472,2025-12-10,2025-12-20,15.36,5,19.75,13.28,200,180,90.0,60,0
SIM-01473,2025-05-15,2025-12-20,10.46,5,12.97,8.3,50,45,90.0,15,1
SIM-01473,2025-07-27,2025-12-20,12.17,5,14.86,7.8,100,90,90.0,30,1
SIM-01473,2025-10-08,2025-12-20,9.72,5,15.74,3.58,150,130,86.67,45,1
SIM-01473,2025-12-10,2025-12-20,9.04,5,12.58,1.81,200,175,87.5,60,1
SIM-01474,2025-05-15,2025-12-20,12.58,5,16.04,11.04,50,40,80.0,15,1
SIM-01474,2025-07-27,2025-12-20,11.83,5,14.22,10.59,100,80,80.0,30,1
SIM-01474,2025-10-08,2025-12-20,11.85,5,14.14,10.08,150,125,83.33,45,1
SIM-01474,2025-12-10,2025-12-20,11.03,5,15.0,8.29,200,175,87.5,60,1
SIM-01475,2025-05-15,2025-12-20,11.63,5,13.06,10.07,50,45,90.0,15,1
SIM-01475,2025-07-27,2025-12-20,11.63,5,14.98,7.92,100,90,90.0,30,1
SIM-01475,2025-10-08,2025-12-20,12.85,5,15.99,9.22,150,130,86.67,45,1
SIM-01475,2025-12-10,2025-12-20,14.01,5,18.11,10.31,200,175,87.5,60,1
SIM-01476,2025-05-15,2025-12-20,11.83,5,14.96,9.14,50,35,70.0,15,1
SIM-01476,2025-07-27,2025-12-20,10.92,5,12.54,9.13,100,75,75.0,30,1
SIM-01476,2025-10-08,2025-12-20,11.88,5,14.51,9.66,150,110,73.33,45,1
SIM-01476,2025-12-10,2025-12-20,12.59,5,14.45,10.77,200,145,72.5,60,1
SIM-01477,2025-05-15,2025-12-20,10.44,5,12.14,9.1,50,40,80.0,15,1
SIM-01477,2025-07-27,2025-12-20,11.76,5,14.25,9.41,100,80,80.0,30,1
SIM-01477,2025-10-08,2025-12-20,11.13,5,13.62,9.28,150,125,83.33,45,1
SIM-01477,2025-12-10,2025-12-20,10.94,5,16.47,4.82,200,160,80.0,60,1
SIM-01478,2025-05-15,2025-12-20,11.6,5,15.66,8.52,50,35,70.0,15,1
SIM-01478,2025-07-27,2025-12-20,10.49,5,13.76,7.89,100,65,65.0,30,1
SIM-01478,2025-10-08,2025-12-20,13.86,5,19.35,9.38,150,110,73.33,45,1
SIM-01478,2025-12-10,2025-12-20,14.81,5,18.89,10.87,200,140,70.0,60,1
SIM-01479,2025-05-15,2025-12-20,10.97,5,13.39,9.42,50,40,80.0,15,1
SIM-01479,2025-07-27,2025-12-20,12.65,5,14.34,10.05,100,75,75.0,30,1
SIM-01479,2025-10-08,2025-12-20,14.28,5,18.65,10.59,150,115,76.67,45,1
SIM-01479,2025-12-10,2025-12-20,13.99,5,17.6,10.41,200,155,77.5,60,1
SIM-01480,2025-05-15,2025-12-20,11.75,5,13.38,9.31,50,40,80.0,15,0
SIM-01480,2025-07-27,2025-12-20,14.32,5,18.84,10.4,100,85,85.0,30,0
SIM-01480,2025-10-08,2025-12-20,13.68,5,16.2,11.7,150,120,80.0,45,0
SIM-01480,2025-12-10,2025-12-20,16.03,5,20.0,12.34,200,170,85.0,60,0
SIM-01481,2025-05-15,2025-12-20,12.05,5,13.59,10.36,50,40,80.0,15,1
SIM-01481,2025-07-27,2025-12-20,11.15,5,13.75,7.5,100,75,75.0,30,1
SIM-01481,2025-10-08,2025-12-20,13.06,5,16.39,9.09,150,120,80.0,45,1
SIM-01481,2025-12-10,2025-12-20,14.46,5,18.71,10.79,200,155,77.5,60,1
SIM-01482,2025-05-15,2025-12-20,11.49,5,13.12,9.81,50,40,80.0,15,0
SIM-01482,2025-07-27,2025-12-20,13.83,5,15.58,8.61,100,80,80.0,30,0
SIM-01482,2025-10-08,2025-12-20,14.67,5,17.32,10.78,150,115,76.67,45,0
SIM-01482,2025-12-10,2025-12-20,15.5,5,18.96,10.22,200,170,85.0,60,0
SIM-01483,2025-05-15,2025-12-20,13.37,5,15.45,9.85,50,40,80.0,15,0
SIM-01483,2025-07-27,2025-12-20,14.72,5,17.74,12.9,100,80,80.0,30,0
SIM-01483,2025-10-08,2025-12-20,17.17,5,20.0,13.91,150,105,70.0,45,0
SIM-01483,2025-12-10,2025-12-20,17.97,5,20.0,14.36,200,155,77.5,60,0
SIM-01484,2025-05-15,2025-12-20,11.81,5,13.78,10.2,50,50,100.0,15,0
SIM-01484,2025-07-27,2025-12-20,12.54,5,13.74,11.91,100,90,90.0,30,0
SIM-01484,2025-10-08,2025-12-20,13.93,5,16.57,11.15,150,150,100.0,45,0
SIM-01484,2025-12-10,2025-12-20,14.09,5,16.85,9.07,200,190,95.0,60,0
SIM-01485,2025-05-15,2025-12-20,11.74,5,13.5,9.86,50,35,70.0,15,0
SIM-01485,2025-07-27,2025-12-20,13.84,5,15.7,10.82,100,70,70.0,30,0
SIM-01485,2025-10-08,2025-12-20,14.87,5,16.33,11.65,150,105,70.0,45,0
SIM-01485,2025-12-10,2025-12-20,16.8,5,20.0,13.51,200,165,82.5,60,0
SIM-01486,2025-05-15,2025-12-20,10.86,5,12.39,9.01,50,40,80.0,15,0
SIM-01486,2025-07-27,2025-12-20,14.33,5,16.39,12.45,100,80,80.0,30,0
SIM-01486,2025-10-08,2025-12-20,15.56,5,19.0,12.32,150,125,83.33,45,0
SIM-01486,2025-12-10,2025-12-20,15.69,5,17.82,13.64,200,155,77.5,60,0
SIM-01487,2025-05-15,2025-12-20,13.16,5,14.61,10.44,50,40,80.0,15,1
SIM-01487,2025-07-27,2025-12-20,12.09,5,13.24,10.52,100,85,85.0,30,1
SIM-01487,2025-10-08,2025-12-20,12.27,5,15.97,10.01,150,125,83.33,45,1
SIM-01487,2025-12-10,2025-12-20,13.21,5,18.32,7.57,200,180,90.0,60,1
SIM-01488,2025-05-15,2025-12-20,11.06,5,12.71,8.74,50,35,70.0,15,1
SIM-01488,2025-07-27,2025-12-20,12.21,5,17.15,7.08,100,80,80.0,30,1
SIM-01488,2025-10-08,2025-12-20,13.24,5,15.68,7.13,150,115,76.67,45,1
SIM-01488,2025-12-10,2025-12-20,13.21,5,17.88,6.17,200,145,72.5,60,1
SIM-01489,2025-05-15,2025-12-20,10.28,5,13.58,9.01,50,45,90.0,15,1
SIM-01489,2025-07-27,2025-12-20,11.16,5,12.6,9.34,100,90,90.0,30,1
SIM-01489,2025-10-08,2025-12-20,11.67,5,15.05,7.53,150,130,86.67,45,1
SIM-01489,2025-12-10,2025-12-20,10.76,5,14.48,6.26,200,190,95.0,60,1
SIM-01490,2025-05-15,2025-12-20,11.22,5,12.94,8.51,50,40,80.0,15,0
SIM-01490,2025-07-27,2025-12-20,12.24,5,14.1,9.35,100,75,75.0,30,0
SIM-01490,2025-10-08,2025-12-20,12.92,5,16.85,10.78,150,115,76.67,45,0
SIM-01490,2025-12-10,2025-12-20,16.23,5,20.0,12.53,200,150,75.0,60,0
SIM-01491,2025-05-15,2025-12-20,11.52,5,13.48,8.79,50,35,70.0,15,1
SIM-01491,2025-07-27,2025-12-20,11.63,5,12.98,8.57,100,70,70.0,30,1
SIM-01491,2025-10-08,2025-12-20,11.4,5,14.75,5.28,150,110,73.33,45,1
SIM-01491,2025-12-10,2025-12-20,12.11,5,19.84,7.0,200,155,77.5,60,1
SIM-01492,2025-05-15,2025-12-20,12.52,5,13.7,11.66,50,35,70.0,15,0
SIM-01492,2025-07-27,2025-12-20,12.83,5,15.32,9.05,100,65,65.0,30,0
SIM-01492,2025-10-08,2025-12-20,15.49,5,18.85,12.61,150,100,66.67,45,0
SIM-01492,2025-12-10,2025-12-20,16.4,5,20.0,13.61,200,130,65.0,60,0
SIM-01493,2025-05-15,2025-12-20,10.66,5,14.18,8.58,50,30,60.0,15,1
SIM-01493,2025-07-27,2025-12-20,13.37,5,15.39,10.14,100,55,55.0,30,1
SIM-01493,2025-10-08,2025-12-20,12.2,5,14.24,9.26,150,90,60.0,45,1
SIM-01493,2025-12-10,2025-12-20,13.36,5,18.66,9.56,200,130,65.0,60,1
SIM-01494,2025-05-15,2025-12-20,12.28,5,12.9,11.51,50,30,60.0,15,0
SIM-01494,2025-07-27,2025-12-20,15.01,5,16.8,12.36,100,55,55.0,30,0
SIM-01494,2025-10-08,2025-12-20,16.38,5,20.0,11.8,150,70,46.67,45,0
SIM-01494,2025-12-10,2025-12-20,17.65,5,19.83,16.32,200,120,60.0,60,0
SIM-01495,2025-05-15,2025-12-20,12.71,5,15.57,9.85,50,40,80.0,15,0
SIM-01495,2025-07-27,2025-12-20,13.43,5,16.86,11.56,100,90,90.0,30,0
SIM-01495,2025-10-08,2025-12-20,13.74,5,14.94,12.44,150,135,90.0,45,0
SIM-01495,2025-12-10,2025-12-20,15.93,5,20.0,12.9,200,175,87.5,60,0
SIM-01496,2025-05-15,2025-12-20,12.05,5,13.37,10.85,50,25,50.0,15,1
SIM-01496,2025-07-27,2025-12-20,9.94,5,12.27,7.2,100,50,50.0,30,1
SIM-01496,2025-10-08,2025-12-20,10.81,5,13.82,6.86,150,75,50.0,45,1
SIM-01496,2025-12-10,2025-12-20,10.8,5,11.94,7.97,200,115,57.5,60,1
SIM-01497,2025-05-15,2025-12-20,11.73,5,12.8,10.92,50,45,90.0,15,0
SIM-01497,2025-07-27,2025-12-20,13.47,5,16.23,9.72,100,100,100.0,30,0
SIM-01497,2025-10-08,2025-12-20,13.48,5,15.7,12.23,150,135,90.0,45,0
SIM-01497,2025-12-10,2025-12-20,13.77,5,17.09,10.76,200,185,92.5,60,0
SIM-01498,2025-05-15,2025-12-20,12.0,5,14.44,10.5,50,25,50.0,15,1
SIM-01498,2025-07-27,2025-12-20,12.14,5,15.58,9.06,100,40,40.0,30,1
SIM-01498,2025-10-08,2025-12-20,14.91,5,18.41,11.65,150,80,53.33,45,1
SIM-01498,2025-12-10,2025-12-20,16.52,5,20.0,9.2,200,95,47.5,60,1
SIM-01499,2025-05-15,2025-12-20,12.09,5,13.72,11.27,50,30,60.0,15,1
SIM-01499,2025-07-27,2025-12-20,11.46,5,13.77,8.48,100,60,60.0,30,1
SIM-01499,2025-10-08,2025-12-20,12.87,5,15.86,9.53,150,90,60.0,45,1
SIM-01499,2025-12-10,2025-12-20,15.02,5,20.0,11.47,200,125,62.5,60,1
SIM-01500,2025-05-15,2025-12-20,10.01,5,12.12,8.87,50,45,90.0,15,1
SIM-01500,2025-07-27,2025-12-20,9.67,5,13.25,7.37,100,95,95.0,30,1
SIM-01500,2025-10-08,2025-12-20,7.48,5,9.23,5.53,150,130,86.67,45,1
SIM-01500,2025-12-10,2025-12-20,7.39,5,10.83,4.27,200,190,95.0,60,1
SIM-01501,2025-05-15,2025-12-20,6.9,5,7.89,6.02,50,45,90.0,15,1
SIM-01501,2025-07-27,2025-12-20,9.79,5,12.65,6.99,100,95,95.0,30,1
SIM-01501,2025-10-08,2025-12-20,8.42,5,10.42,5.74,150,135,90.0,45,1
SIM-01501,2025-12-10,2025-12-20,6.44,5,11.07,1.43,200,190,95.0,60,1
SIM-01502,2025-05-15,2025-12-20,12.11,5,15.3,9.36,50,50,100.0,15,0
SIM-01502,2025-07-27,2025-12-20,13.09,5,16.57,7.76,100,90,90.0,30,0
SIM-01502,2025-10-08,2025-12-20,16.02,5,19.71,11.02,150,135,90.0,45,0
SIM-01502,2025-12-10,2025-12-20,16.37,5,19.35,13.67,200,200,100.0,60,0
SIM-01503,2025-05-15,2025-12-20,10.93,5,12.03,8.29,50,45,90.0,15,1
SIM-01503,2025-07-27,2025-12-20,12.33,5,14.14,10.29,100,85,85.0,30,1
SIM-01503,2025-10-08,2025-12-20,12.08,5,15.19,9.94,150,140,93.33,45,1
SIM-01503,2025-12-10,2025-12-20,13.07,5,16.37,10.9,200,185,92.5,60,1
SIM-01504,2025-05-15,2025-12-20,12.13,5,13.6,10.8,50,45,90.0,15,1
SIM-01504,2025-07-27,2025-12-20,10.14,5,13.38,6.53,100,95,95.0,30,1
SIM-01504,2025-10-08,2025-12-20,12.35,5,16.52,9.2,150,140,93.33,45,1
SIM-01504,2025-12-10,2025-12-20,12.58,5,13.39,11.46,200,180,90.0,60,1
SIM-01505,2025-05-15,2025-12-20,10.91,5,12.54,9.99,50,40,80.0,15,1
SIM-01505,2025-07-27,2025-12-20,11.35,5,12.88,10.09,100,85,85.0,30,1
SIM-01505,2025-10-08,2025-12-20,11.32,5,13.09,7.39,150,135,90.0,45,1
SIM-01505,2025-12-10,2025-12-20,12.43,5,15.84,6.45,200,150,75.0,60,1
SIM-01506,2025-05-15,2025-12-20,10.93,5,13.9,8.07,50,40,80.0,15,1
SIM-01506,2025-07-27,2025-12-20,9.75,5,12.1,6.79,100,75,75.0,30,1
SIM-01506,2025-10-08,2025-12-20,9.66,5,13.43,5.35,150,120,80.0,45,1
SIM-01506,2025-12-10,2025-12-20,10.82,5,18.2,5.77,200,155,77.5,60,1
SIM-01507,2025-05-15,2025-12-20,10.02,5,12.9,8.08,50,30,60.0,15,1
SIM-01507,2025-07-27,2025-12-20,9.56,5,10.53,7.34,100,60,60.0,30,1
SIM-01507,2025-10-08,2025-12-20,8.96,5,11.01,5.73,150,85,56.67,45,1
SIM-01507,2025-12-10,2025-12-20,7.21,5,12.06,3.09,200,120,60.0,60,1
SIM-01508,2025-05-15,2025-12-20,12.47,5,15.79,10.12,50,45,90.0,15,1
SIM-01508,2025-07-27,2025-12-20,12.43,5,14.44,9.6,100,95,95.0,30,1
SIM-01508,2025-10-08,2025-12-20,12.03,5,13.79,10.3,150,135,90.0,45,1
SIM-01508,2025-12-10,2025-12-20,11.96,5,14.02,8.69,200,175,87.5,60,1
SIM-01509,2025-05-15,2025-12-20,11.42,5,13.99,8.54,50,35,70.0,15,1
SIM-01509,2025-07-27,2025-12-20,9.44,5,14.4,5.44,100,65,65.0,30,1
SIM-01509,2025-10-08,2025-12-20,8.58,5,12.67,4.01,150,95,63.33,45,1
SIM-01509,2025-12-10,2025-12-20,8.51,5,12.06,5.42,200,150,75.0,60,1
SIM-01510,2025-05-15,2025-12-20,10.34,5,12.84,7.37,50,30,60.0,15,1
SIM-01510,2025-07-27,2025-12-20,10.56,5,14.69,8.79,100,60,60.0,30,1
SIM-01510,2025-10-08,2025-12-20,10.21,5,12.74,7.66,150,90,60.0,45,1
SIM-01510,2025-12-10,2025-12-20,11.7,5,16.16,8.69,200,125,62.5,60,1
SIM-01511,2025-05-15,2025-12-20,13.13,5,15.97,9.67,50,45,90.0,15,0
SIM-01511,2025-07-27,2025-12-20,14.28,5,18.52,12.11,100,100,100.0,30,0
SIM-01511,2025-10-08,2025-12-20,14.83,5,19.26,9.54,150,135,90.0,45,0
SIM-01511,2025-12-10,2025-12-20,16.44,5,19.46,12.03,200,180,90.0,60,0
SIM-01512,2025-05-15,2025-12-20,11.34,5,13.0,9.15,50,25,50.0,15,1
SIM-01512,2025-07-27,2025-12-20,11.65,5,13.21,8.94,100,50,50.0,30,1
SIM-01512,2025-10-08,2025-12-20,11.78,5,14.29,8.36,150,90,60.0,45,1
SIM-01512,2025-12-10,2025-12-20,11.27,5,15.1,7.37,200,120,60.0,60,1
SIM-01513,2025-05-15,2025-12-20,11.57,5,13.69,8.29,50,45,90.0,15,1
SIM-01513,2025-07-27,2025-12-20,11.59,5,14.74,7.63,100,100,100.0,30,1
SIM-01513,2025-10-08,2025-12-20,11.51,5,16.28,4.61,150,150,100.0,45,1
SIM-01513,2025-12-10,2025-12-20,11.75,5,16.32,6.67,200,190,95.0,60,1
SIM-01514,2025-05-15,2025-12-20,10.63,5,13.29,8.67,50,35,70.0,15,1
SIM-01514,2025-07-27,2025-12-20,13.0,5,14.26,10.14,100,80,80.0,30,1
SIM-01514,2025-10-08,2025-12-20,10.44,5,13.6,7.73,150,115,76.67,45,1
SIM-01514,2025-12-10,2025-12-20,14.09,5,19.68,11.82,200,155,77.5,60,1
SIM-01515,2025-05-15,2025-12-20,13.49,5,16.36,10.68,50,45,90.0,15,0
SIM-01515,2025-07-27,2025-12-20,14.89,5,16.44,13.81,100,95,95.0,30,0
SIM-01515,2025-10-08,2025-12-20,17.71,5,20.0,15.07,150,140,93.33,45,0
SIM-01515,2025-12-10,2025-12-20,19.26,5,20.0,17.98,200,175,87.5,60,0
SIM-01516,2025-05-15,2025-12-20,8.29,5,10.37,4.31,50,20,40.0,15,1
SIM-01516,2025-07-27,2025-12-20,7.75,5,11.1,6.11,100,40,40.0,30,1
SIM-01516,2025-10-08,2025-12-20,6.88,5,9.94,4.03,150,70,46.67,45,1
SIM-01516,2025-12-10,2025-12-20,4.8,5,8.17,2.91,200,85,42.5,60,1
SIM-01517,2025-05-15,2025-12-20,11.14,5,13.29,9.6,50,30,60.0,15,1
SIM-01517,2025-07-27,2025-12-20,11.09,5,13.95,7.96,100,55,55.0,30,1
SIM-01517,2025-10-08,2025-12-20,8.7,5,9.96,6.57,150,90,60.0,45,1
SIM-01517,2025-12-10,2025-12-20,7.93,5,10.3,5.77,200,120,60.0,60,1
SIM-01518,2025-05-15,2025-12-20,13.14,5,16.85,11.73,50,35,70.0,15,0
SIM-01518,2025-07-27,2025-12-20,15.86,5,17.5,14.11,100,70,70.0,30,0
SIM-01518,2025-10-08,2025-12-20,17.35,5,19.5,14.41,150,110,73.33,45,0
SIM-01518,2025-12-10,2025-12-20,19.4,5,20.0,17.02,200,145,72.5,60,0
SIM-01519,2025-05-15,2025-12-20,10.14,5,12.62,7.08,50,50,100.0,15,1
SIM-01519,2025-07-27,2025-12-20,10.06,5,12.13,6.01,100,95,95.0,30,1
SIM-01519,2025-10-08,2025-12-20,9.82,5,11.74,7.6,150,145,96.67,45,1
SIM-01519,2025-12-10,2025-12-20,9.8,5,13.62,7.92,200,180,90.0,60,1
SIM-01520,2025-05-15,2025-12-20,10.64,5,11.81,7.68,50,45,90.0,15,1
SIM-01520,2025-07-27,2025-12-20,10.34,5,12.79,8.13,100,95,95.0,30,1
SIM-01520,2025-10-08,2025-12-20,8.93,5,15.27,5.53,150,125,83.33,45,1
SIM-01520,2025-12-10,2025-12-20,9.38,5,11.34,7.05,200,185,92.5,60,1
SIM-01521,2025-05-15,2025-12-20,13.29,5,14.38,10.73,50,30,60.0,15,1
SIM-01521,2025-07-27,2025-12-20,14.08,5,17.4,10.59,100,60,60.0,30,1
SIM-01521,2025-10-08,2025-12-20,15.94,5,20.0,13.0,150,95,63.33,45,1
SIM-01521,2025-12-10,2025-12-20,16.17,5,19.64,8.31,200,125,62.5,60,1
SIM-01522,2025-05-15,2025-12-20,8.95,5,10.76,7.53,50,25,50.0,15,1
SIM-01522,2025-07-27,2025-12-20,11.94,5,15.82,9.11,100,45,45.0,30,1
SIM-01522,2025-10-08,2025-12-20,11.21,5,16.28,8.33,150,65,43.33,45,1
SIM-01522,2025-12-10,2025-12-20,10.57,5,13.55,7.73,200,95,47.5,60,1
SIM-01523,2025-05-15,2025-12-20,12.82,5,14.9,10.88,50,45,90.0,15,0
SIM-01523,2025-07-27,2025-12-20,13.83,5,15.79,10.45,100,95,95.0,30,0
SIM-01523,2025-10-08,2025-12-20,17.07,5,19.79,13.83,150,140,93.33,45,0
SIM-01523,2025-12-10,2025-12-20,16.05,5,20.0,13.09,200,175,87.5,60,0
SIM-01524,2025-05-15,2025-12-20,9.36,5,11.39,6.24,50,45,90.0,15,1
SIM-01524,2025-07-27,2025-12-20,10.61,5,12.71,9.67,100,80,80.0,30,1
SIM-01524,2025-10-08,2025-12-20,10.65,5,16.72,5.3,150,125,83.33,45,1
SIM-01524,2025-12-10,2025-12-20,10.71,5,13.58,8.0,200,170,85.0,60,1
SIM-01525,2025-05-15,2025-12-20,11.38,5,14.11,9.83,50,50,100.0,15,1
SIM-01525,2025-07-27,2025-12-20,8.85,5,11.26,7.49,100,85,85.0,30,1
SIM-01525,2025-10-08,2025-12-20,8.11,5,9.95,6.16,150,145,96.67,45,1
SIM-01525,2025-12-10,2025-12-20,8.17,5,13.85,3.0,200,185,92.5,60,1
SIM-01526,2025-05-15,2025-12-20,10.2,5,11.92,8.02,50,45,90.0,15,1
SIM-01526,2025-07-27,2025-12-20,10.18,5,14.73,6.45,100,85,85.0,30,1
SIM-01526,2025-10-08,2025-12-20,10.45,5,12.13,6.75,150,130,86.67,45,1
SIM-01526,2025-12-10,2025-12-20,10.47,5,16.24,6.87,200,175,87.5,60,1
SIM-01527,2025-05-15,2025-12-20,11.93,5,14.52,9.56,50,45,90.0,15,0
SIM-01527,2025-07-27,2025-12-20,13.79,5,15.6,12.65,100,80,80.0,30,0
SIM-01527,2025-10-08,2025-12-20,15.32,5,19.18,12.71,150,135,90.0,45,0
SIM-01527,2025-12-10,2025-12-20,16.98,5,20.0,12.97,200,180,90.0,60,0
SIM-01528,2025-05-15,2025-12-20,13.07,5,13.72,12.3,50,30,60.0,15,0
SIM-01528,2025-07-27,2025-12-20,15.06,5,17.88,11.25,100,70,70.0,30,0
SIM-01528,2025-10-08,2025-12-20,17.36,5,20.0,15.71,150,110,73.33,45,0
SIM-01528,2025-12-10,2025-12-20,18.83,5,20.0,17.37,200,135,67.5,60,0
SIM-01529,2025-05-15,2025-12-20,10.92,5,13.19,8.51,50,40,80.0,15,1
SIM-01529,2025-07-27,2025-12-20,11.66,5,13.63,9.61,100,80,80.0,30,1
SIM-01529,2025-10-08,2025-12-20,11.87,5,14.38,7.47,150,100,66.67,45,1
SIM-01529,2025-12-10,2025-12-20,11.9,5,14.66,8.23,200,150,75.0,60,1
SIM-01530,2025-05-15,2025-12-20,11.51,5,13.68,9.08,50,40,80.0,15,0
SIM-01530,2025-07-27,2025-12-20,12.47,5,15.03,9.81,100,80,80.0,30,0
SIM-01530,2025-10-08,2025-12-20,15.21,5,18.51,11.37,150,125,83.33,45,0
SIM-01530,2025-12-10,2025-12-20,16.67,5,19.88,11.67,200,165,82.5,60,0
SIM-01531,2025-05-15,2025-12-20,11.64,5,14.13,9.3,50,40,80.0,15,0
SIM-01531,2025-07-27,2025-12-20,15.24,5,15.76,14.43,100,85,85.0,30,0
SIM-01531,2025-10-08,2025-12-20,14.76,5,17.05,13.39,150,135,90.0,45,0
SIM-01531,2025-12-10,2025-12-20,16.24,5,17.91,12.54,200,175,87.5,60,0
SIM-01532,2025-05-15,2025-12-20,10.83,5,13.47,7.51,50,50,100.0,15,1
SIM-01532,2025-07-27,2025-12-20,12.6,5,15.83,6.75,100,100,100.0,30,1
SIM-01532,2025-10-08,2025-12-20,12.86,5,13.91,10.48,150,145,96.67,45,1
SIM-01532,2025-12-10,2025-12-20,12.73,5,14.85,10.11,200,195,97.5,60,1
SIM-01533,2025-05-15,2025-12-20,12.64,5,16.12,8.39,50,35,70.0,15,0
SIM-01533,2025-07-27,2025-12-20,17.0,5,18.36,13.47,100,80,80.0,30,0
SIM-01533,2025-10-08,2025-12-20,16.6,5,17.87,15.34,150,115,76.67,45,0
SIM-01533,2025-12-10,2025-12-20,18.13,5,20.0,12.49,200,155,77.5,60,0
SIM-01534,2025-05-15,2025-12-20,10.78,5,13.01,7.09,50,40,80.0,15,1
SIM-01534,2025-07-27,2025-12-20,13.47,5,14.93,11.66,100,80,80.0,30,1
SIM-01534,2025-10-08,2025-12-20,11.18,5,13.7,8.84,150,120,80.0,45,1
SIM-01534,2025-12-10,2025-12-20,12.4,5,16.78,8.02,200,170,85.0,60,1
SIM-01535,2025-05-15,2025-12-20,10.93,5,13.96,6.74,50,40,80.0,15,1
SIM-01535,2025-07-27,2025-12-20,10.01,5,11.14,7.78,100,90,90.0,30,1
SIM-01535,2025-10-08,2025-12-20,10.4,5,13.99,7.01,150,135,90.0,45,1
SIM-01535,2025-12-10,2025-12-20,10.36,5,15.91,7.45,200,165,82.5,60,1
SIM-01536,2025-05-15,2025-12-20,10.65,5,12.72,7.87,50,45,90.0,15,1
SIM-01536,2025-07-27,2025-12-20,9.79,5,12.03,7.24,100,85,85.0,30,1
SIM-01536,2025-10-08,2025-12-20,10.57,5,14.28,6.8,150,130,86.67,45,1
SIM-01536,2025-12-10,2025-12-20,10.61,5,14.4,6.1,200,170,85.0,60,1
SIM-01537,2025-05-15,2025-12-20,11.66,5,14.71,9.95,50,35,70.0,15,0
SIM-01537,2025-07-27,2025-12-20,14.24,5,16.24,12.45,100,75,75.0,30,0
SIM-01537,2025-10-08,2025-12-20,14.11,5,16.04,11.32,150,115,76.67,45,0
SIM-01537,2025-12-10,2025-12-20,14.37,5,16.64,9.99,200,140,70.0,60,0
SIM-01538,2025-05-15,2025-12-20,12.25,5,14.22,10.01,50,45,90.0,15,1
SIM-01538,2025-07-27,2025-12-20,12.02,5,13.85,9.74,100,95,95.0,30,1
SIM-01538,2025-10-08,2025-12-20,14.6,5,19.71,9.27,150,140,93.33,45,1
SIM-01538,2025-12-10,2025-12-20,12.62,5,14.94,5.01,200,170,85.0,60,1
SIM-01539,2025-05-15,2025-12-20,11.75,5,14.05,9.63,50,45,90.0,15,0
SIM-01539,2025-07-27,2025-12-20,12.54,5,13.74,11.33,100,80,80.0,30,0
SIM-01539,2025-10-08,2025-12-20,13.61,5,16.14,11.33,150,130,86.67,45,0
SIM-01539,2025-12-10,2025-12-20,13.04,5,16.78,8.6,200,180,90.0,60,0
SIM-01540,2025-05-15,2025-12-20,11.02,5,13.57,8.59,50,45,90.0,15,1
SIM-01540,2025-07-27,2025-12-20,12.18,5,14.58,9.27,100,90,90.0,30,1
SIM-01540,2025-10-08,2025-12-20,11.28,5,13.75,8.91,150,125,83.33,45,1
SIM-01540,2025-12-10,2025-12-20,11.92,5,16.59,7.66,200,165,82.5,60,1
SIM-01541,2025-05-15,2025-12-20,9.93,5,12.46,6.97,50,40,80.0,15,1
SIM-01541,2025-07-27,2025-12-20,11.14,5,13.0,9.09,100,80,80.0,30,1
SIM-01541,2025-10-08,2025-12-20,8.58,5,12.09,4.37,150,130,86.67,45,1
SIM-01541,2025-12-10,2025-12-20,7.23,5,13.16,3.37,200,160,80.0,60,1
SIM-01542,2025-05-15,2025-12-20,14.85,5,16.29,12.93,50,50,100.0,15,0
SIM-01542,2025-07-27,2025-12-20,15.54,5,18.05,14.32,100,100,100.0,30,0
SIM-01542,2025-10-08,2025-12-20,16.38,5,19.15,12.73,150,125,83.33,45,0
SIM-01542,2025-12-10,2025-12-20,17.48,5,20.0,14.82,200,200,100.0,60,0
SIM-01543,2025-05-15,2025-12-20,11.69,5,14.09,7.71,50,50,100.0,15,1
SIM-01543,2025-07-27,2025-12-20,11.74,5,14.53,8.51,100,95,95.0,30,1
SIM-01543,2025-10-08,2025-12-20,12.07,5,17.35,6.74,150,130,86.67,45,1
SIM-01543,2025-12-10,2025-12-20,13.61,5,17.52,10.04,200,195,97.5,60,1
SIM-01544,2025-05-15,2025-12-20,10.84,5,14.75,7.72,50,40,80.0,15,1
SIM-01544,2025-07-27,2025-12-20,10.46,5,13.69,9.01,100,85,85.0,30,1
SIM-01544,2025-10-08,2025-12-20,10.98,5,13.94,6.92,150,120,80.0,45,1
SIM-01544,2025-12-10,2025-12-20,10.73,5,14.55,5.28,200,160,80.0,60,1
SIM-01545,2025-05-15,2025-12-20,11.94,5,13.9,9.43,50,35,70.0,15,0
SIM-01545,2025-07-27,2025-12-20,13.78,5,17.01,12.23,100,75,75.0,30,0
SIM-01545,2025-10-08,2025-12-20,15.0,5,16.58,14.02,150,100,66.67,45,0
SIM-01545,2025-12-10,2025-12-20,16.38,5,19.89,12.41,200,135,67.5,60,0
SIM-01546,2025-05-15,2025-12-20,10.24,5,11.64,8.84,50,35,70.0,15,1
SIM-01546,2025-07-27,2025-12-20,10.83,5,12.65,8.38,100,65,65.0,30,1
SIM-01546,2025-10-08,2025-12-20,10.55,5,12.79,7.43,150,100,66.67,45,1
SIM-01546,2025-12-10,2025-12-20,10.73,5,13.5,7.12,200,135,67.5,60,1
SIM-01547,2025-05-15,2025-12-20,10.15,5,13.2,7.45,50,45,90.0,15,1
SIM-01547,2025-07-27,2025-12-20,10.76,5,11.19,10.04,100,85,85.0,30,1
SIM-01547,2025-10-08,2025-12-20,11.5,5,14.14,5.92,150,125,83.33,45,1
SIM-01547,2025-12-10,2025-12-20,11.08,5,13.61,5.0,200,170,85.0,60,1
SIM-01548,2025-05-15,2025-12-20,13.22,5,15.87,11.07,50,45,90.0,15,1
SIM-01548,2025-07-27,2025-12-20,14.81,5,15.52,13.55,100,95,95.0,30,1
SIM-01548,2025-10-08,2025-12-20,13.12,5,17.1,9.57,150,125,83.33,45,1
SIM-01548,2025-12-10,2025-12-20,14.54,5,18.38,10.21,200,195,97.5,60,1
SIM-01549,2025-05-15,2025-12-20,10.29,5,11.91,8.77,50,35,70.0,15,1
SIM-01549,2025-07-27,2025-12-20,12.7,5,15.44,8.79,100,70,70.0,30,1
SIM-01549,2025-10-08,2025-12-20,10.25,5,12.34,6.39,150,100,66.67,45,1
SIM-01549,2025-12-10,2025-12-20,11.98,5,14.59,6.66,200,135,67.5,60,1
SIM-01550,2025-05-15,2025-12-20,11.72,5,13.59,9.42,50,45,90.0,15,0
SIM-01550,2025-07-27,2025-12-20,13.07,5,14.86,10.29,100,90,90.0,30,0
SIM-01550,2025-10-08,2025-12-20,14.32,5,15.6,11.57,150,135,90.0,45,0
SIM-01550,2025-12-10,2025-12-20,17.19,5,19.47,15.01,200,175,87.5,60,0
SIM-01551,2025-05-15,2025-12-20,12.07,5,14.68,7.63,50,40,80.0,15,0
SIM-01551,2025-07-27,2025-12-20,11.9,5,14.33,8.73,100,80,80.0,30,0
SIM-01551,2025-10-08,2025-12-20,12.32,5,13.46,11.06,150,130,86.67,45,0
SIM-01551,2025-12-10,2025-12-20,13.63,5,15.77,10.86,200,160,80.0,60,0
SIM-01552,2025-05-15,2025-12-20,11.73,5,13.08,10.67,50,40,80.0,15,1
SIM-01552,2025-07-27,2025-12-20,11.86,5,16.05,6.19,100,90,90.0,30,1
SIM-01552,2025-10-08,2025-12-20,13.19,5,14.96,10.44,150,130,86.67,45,1
SIM-01552,2025-12-10,2025-12-20,13.37,5,17.28,6.54,200,165,82.5,60,1
SIM-01553,2025-05-15,2025-12-20,11.65,5,13.29,10.66,50,50,100.0,15,1
SIM-01553,2025-07-27,2025-12-20,10.45,5,14.02,6.75,100,90,90.0,30,1
SIM-01553,2025-10-08,2025-12-20,10.46,5,15.37,5.39,150,125,83.33,45,1
SIM-01553,2025-12-10,2025-12-20,12.28,5,15.95,9.12,200,175,87.5,60,1
SIM-01554,2025-05-15,2025-12-20,10.31,5,13.4,7.28,50,45,90.0,15,1
SIM-01554,2025-07-27,2025-12-20,10.17,5,11.87,7.43,100,90,90.0,30,1
SIM-01554,2025-10-08,2025-12-20,12.23,5,15.27,10.81,150,125,83.33,45,1
SIM-01554,2025-12-10,2025-12-20,12.13,5,16.47,9.59,200,170,85.0,60,1
SIM-01555,2025-05-15,2025-12-20,10.55,5,13.06,7.39,50,45,90.0,15,1
SIM-01555,2025-07-27,2025-12-20,10.79,5,11.88,8.69,100,95,95.0,30,1
SIM-01555,2025-10-08,2025-12-20,10.78,5,13.69,7.83,150,150,100.0,45,1
SIM-01555,2025-12-10,2025-12-20,10.76,5,11.84,9.05,200,185,92.5,60,1
SIM-01556,2025-05-15,2025-12-20,11.46,5,13.09,10.6,50,45,90.0,15,1
SIM-01556,2025-07-27,2025-12-20,12.35,5,16.55,8.77,100,85,85.0,30,1
SIM-01556,2025-10-08,2025-12-20,12.53,5,15.91,9.01,150,130,86.67,45,1
SIM-01556,2025-12-10,2025-12-20,13.44,5,18.19,10.25,200,185,92.5,60,1
SIM-01557,2025-05-15,2025-12-20,12.5,5,15.32,9.96,50,50,100.0,15,1
SIM-01557,2025-07-27,2025-12-20,11.21,5,12.1,8.77,100,85,85.0,30,1
SIM-01557,2025-10-08,2025-12-20,10.59,5,12.91,8.09,150,135,90.0,45,1
SIM-01557,2025-12-10,2025-12-20,9.99,5,12.37,7.05,200,165,82.5,60,1
SIM-01558,2025-05-15,2025-12-20,10.99,5,14.05,9.71,50,50,100.0,15,0
SIM-01558,2025-07-27,2025-12-20,12.86,5,14.53,9.25,100,100,100.0,30,0
SIM-01558,2025-10-08,2025-12-20,12.62,5,16.87,10.53,150,145,96.67,45,0
SIM-01558,2025-12-10,2025-12-20,11.11,5,14.0,8.55,200,185,92.5,60,0
SIM-01559,2025-05-15,2025-12-20,10.08,5,14.33,7.1,50,35,70.0,15,1
SIM-01559,2025-07-27,2025-12-20,8.73,5,11.01,5.65,100,65,65.0,30,1
SIM-01559,2025-10-08,2025-12-20,7.7,5,11.52,4.42,150,100,66.67,45,1
SIM-01559,2025-12-10,2025-12-20,8.71,5,15.5,2.77,200,130,65.0,60,1
SIM-01560,2025-05-15,2025-12-20,10.86,5,12.66,8.37,50,45,90.0,15,1
SIM-01560,2025-07-27,2025-12-20,10.64,5,11.44,9.67,100,90,90.0,30,1
SIM-01560,2025-10-08,2025-12-20,11.45,5,15.63,9.35,150,140,93.33,45,1
SIM-01560,2025-12-10,2025-12-20,10.59,5,12.81,7.0,200,180,90.0,60,1
SIM-01561,2025-05-15,2025-12-20,12.38,5,14.75,11.23,50,40,80.0,15,0
SIM-01561,2025-07-27,2025-12-20,11.98,5,13.82,7.98,100,85,85.0,30,0
SIM-01561,2025-10-08,2025-12-20,12.76,5,14.82,10.11,150,135,90.0,45,0
SIM-01561,2025-12-10,2025-12-20,13.63,5,18.82,9.7,200,185,92.5,60,0
SIM-01562,2025-05-15,2025-12-20,11.58,5,13.17,9.41,50,30,60.0,15,0
SIM-01562,2025-07-27,2025-12-20,13.94,5,17.7,11.77,100,60,60.0,30,0
SIM-01562,2025-10-08,2025-12-20,15.85,5,17.06,12.54,150,85,56.67,45,0
SIM-01562,2025-12-10,2025-12-20,18.33,5,20.0,16.63,200,110,55.0,60,0
SIM-01563,2025-05-15,2025-12-20,11.5,5,13.25,9.49,50,40,80.0,15,1
SIM-01563,2025-07-27,2025-12-20,12.28,5,15.17,9.16,100,85,85.0,30,1
SIM-01563,2025-10-08,2025-12-20,13.5,5,15.78,10.74,150,130,86.67,45,1
SIM-01563,2025-12-10,2025-12-20,12.15,5,15.59,9.17,200,170,85.0,60,1
SIM-01564,2025-05-15,2025-12-20,11.76,5,14.94,7.54,50,40,80.0,15,0
SIM-01564,2025-07-27,2025-12-20,13.76,5,15.91,10.92,100,80,80.0,30,0
SIM-01564,2025-10-08,2025-12-20,13.91,5,15.76,11.51,150,115,76.67,45,0
SIM-01564,2025-12-10,2025-12-20,15.93,5,19.73,14.0,200,165,82.5,60,0
SIM-01565,2025-05-15,2025-12-20,12.13,5,13.38,8.82,50,40,80.0,15,0
SIM-01565,2025-07-27,2025-12-20,12.5,5,15.61,8.87,100,75,75.0,30,0
SIM-01565,2025-10-08,2025-12-20,14.77,5,17.97,9.58,150,110,73.33,45,0
SIM-01565,2025-12-10,2025-12-20,15.66,5,20.0,8.84,200,155,77.5,60,0
SIM-01566,2025-05-15,2025-12-20,12.05,5,14.85,9.21,50,40,80.0,15,1
SIM-01566,2025-07-27,2025-12-20,11.65,5,13.32,9.22,100,80,80.0,30,1
SIM-01566,2025-10-08,2025-12-20,11.83,5,14.31,8.53,150,115,76.67,45,1
SIM-01566,2025-12-10,2025-12-20,13.26,5,17.83,7.9,200,185,92.5,60,1
SIM-01567,2025-05-15,2025-12-20,10.71,5,12.94,8.11,50,50,100.0,15,1
SIM-01567,2025-07-27,2025-12-20,9.39,5,13.33,6.7,100,95,95.0,30,1
SIM-01567,2025-10-08,2025-12-20,9.46,5,12.44,6.3,150,130,86.67,45,1
SIM-01567,2025-12-10,2025-12-20,9.91,5,14.28,5.12,200,185,92.5,60,1
SIM-01568,2025-05-15,2025-12-20,12.13,5,14.27,10.77,50,45,90.0,15,0
SIM-01568,2025-07-27,2025-12-20,11.48,5,14.78,8.55,100,95,95.0,30,0
SIM-01568,2025-10-08,2025-12-20,13.24,5,14.4,11.59,150,140,93.33,45,0
SIM-01568,2025-12-10,2025-12-20,13.21,5,14.87,11.66,200,175,87.5,60,0
SIM-01569,2025-05-15,2025-12-20,10.78,5,11.59,9.19,50,50,100.0,15,1
SIM-01569,2025-07-27,2025-12-20,8.64,5,10.26,7.58,100,90,90.0,30,1
SIM-01569,2025-10-08,2025-12-20,8.87,5,10.98,6.65,150,140,93.33,45,1
SIM-01569,2025-12-10,2025-12-20,8.5,5,11.17,5.36,200,200,100.0,60,1
SIM-01570,2025-05-15,2025-12-20,9.37,5,13.74,6.49,50,45,90.0,15,1
SIM-01570,2025-07-27,2025-12-20,8.8,5,9.68,6.84,100,90,90.0,30,1
SIM-01570,2025-10-08,2025-12-20,6.55,5,11.91,3.7,150,145,96.67,45,1
SIM-01570,2025-12-10,2025-12-20,6.07,5,11.68,2.13,200,185,92.5,60,1
SIM-01571,2025-05-15,2025-12-20,11.4,5,12.54,10.04,50,40,80.0,15,0
SIM-01571,2025-07-27,2025-12-20,12.35,5,13.44,11.59,100,85,85.0,30,0
SIM-01571,2025-10-08,2025-12-20,11.35,5,13.16,8.47,150,120,80.0,45,0
SIM-01571,2025-12-10,2025-12-20,14.64,5,16.84,11.87,200,160,80.0,60,0
SIM-01572,2025-05-15,2025-12-20,11.29,5,12.69,9.34,50,40,80.0,15,1
SIM-01572,2025-07-27,2025-12-20,11.63,5,14.4,10.02,100,85,85.0,30,1
SIM-01572,2025-10-08,2025-12-20,12.38,5,15.57,8.93,150,125,83.33,45,1
SIM-01572,2025-12-10,2025-12-20,14.77,5,18.6,9.06,200,165,82.5,60,1
SIM-01573,2025-05-15,2025-12-20,10.92,5,14.83,8.94,50,35,70.0,15,1
SIM-01573,2025-07-27,2025-12-20,13.66,5,16.03,11.93,100,65,65.0,30,1
SIM-01573,2025-10-08,2025-12-20,14.38,5,17.25,12.05,150,105,70.0,45,1
SIM-01573,2025-12-10,2025-12-20,14.02,5,16.91,9.62,200,150,75.0,60,1
SIM-01574,2025-05-15,2025-12-20,10.56,5,11.48,9.55,50,50,100.0,15,1
SIM-01574,2025-07-27,2025-12-20,11.27,5,14.33,8.23,100,100,100.0,30,1
SIM-01574,2025-10-08,2025-12-20,9.86,5,14.35,7.92,150,150,100.0,45,1
SIM-01574,2025-12-10,2025-12-20,11.64,5,16.42,6.89,200,200,100.0,60,1
SIM-01575,2025-05-15,2025-12-20,10.57,5,15.11,5.61,50,50,100.0,15,1
SIM-01575,2025-07-27,2025-12-20,11.94,5,17.05,8.71,100,90,90.0,30,1
SIM-01575,2025-10-08,2025-12-20,11.84,5,15.18,9.54,150,145,96.67,45,1
SIM-01575,2025-12-10,2025-12-20,11.87,5,17.86,7.43,200,190,95.0,60,1
SIM-01576,2025-05-15,2025-12-20,11.52,5,14.01,9.26,50,35,70.0,15,1
SIM-01576,2025-07-27,2025-12-20,9.76,5,12.26,8.06,100,70,70.0,30,1
SIM-01576,2025-10-08,2025-12-20,10.88,5,14.11,7.62,150,105,70.0,45,1
SIM-01576,2025-12-10,2025-12-20,10.39,5,14.66,8.48,200,135,67.5,60,1
SIM-01577,2025-05-15,2025-12-20,9.4,5,14.17,7.24,50,45,90.0,15,1
SIM-01577,2025-07-27,2025-12-20,9.77,5,12.34,7.57,100,90,90.0,30,1
SIM-01577,2025-10-08,2025-12-20,8.98,5,13.55,4.16,150,130,86.67,45,1
SIM-01577,2025-12-10,2025-12-20,8.58,5,19.28,2.76,200,185,92.5,60,1
SIM-01578,2025-05-15,2025-12-20,11.59,5,15.07,9.11,50,30,60.0,15,0
SIM-01578,2025-07-27,2025-12-20,14.06,5,15.72,11.96,100,55,55.0,30,0
SIM-01578,2025-10-08,2025-12-20,14.41,5,15.73,13.24,150,95,63.33,45,0
SIM-01578,2025-12-10,2025-12-20,13.78,5,18.01,11.83,200,120,60.0,60,0
SIM-01579,2025-05-15,2025-12-20,11.85,5,13.49,10.55,50,35,70.0,15,0
SIM-01579,2025-07-27,2025-12-20,10.94,5,13.39,7.35,100,65,65.0,30,0
SIM-01579,2025-10-08,2025-12-20,9.53,5,9.97,9.0,150,120,80.0,45,0
SIM-01579,2025-12-10,2025-12-20,13.08,5,15.24,11.49,200,140,70.0,60,0
SIM-01580,2025-05-15,2025-12-20,10.73,5,12.5,8.95,50,45,90.0,15,0
SIM-01580,2025-07-27,2025-12-20,12.4,5,16.41,9.18,100,85,85.0,30,0
SIM-01580,2025-10-08,2025-12-20,12.89,5,14.93,10.86,150,135,90.0,45,0
SIM-01580,2025-12-10,2025-12-20,14.94,5,17.76,12.71,200,170,85.0,60,0
SIM-01581,2025-05-15,2025-12-20,10.07,5,13.81,8.11,50,30,60.0,15,1
SIM-01581,2025-07-27,2025-12-20,10.06,5,11.86,7.84,100,70,70.0,30,1
SIM-01581,2025-10-08,2025-12-20,10.4,5,14.0,7.2,150,95,63.33,45,1
SIM-01581,2025-12-10,2025-12-20,10.65,5,13.56,5.32,200,140,70.0,60,1
SIM-01582,2025-05-15,2025-12-20,12.7,5,15.52,10.45,50,45,90.0,15,0
SIM-01582,2025-07-27,2025-12-20,12.82,5,15.45,8.9,100,95,95.0,30,0
SIM-01582,2025-10-08,2025-12-20,14.33,5,17.68,11.34,150,145,96.67,45,0
SIM-01582,2025-12-10,2025-12-20,15.78,5,19.89,13.43,200,190,95.0,60,0
SIM-01583,2025-05-15,2025-12-20,10.82,5,12.89,8.67,50,35,70.0,15,1
SIM-01583,2025-07-27,2025-12-20,11.53,5,13.87,8.61,100,65,65.0,30,1
SIM-01583,2025-10-08,2025-12-20,11.96,5,14.11,8.56,150,110,73.33,45,1
SIM-01583,2025-12-10,2025-12-20,13.82,5,16.82,11.83,200,130,65.0,60,1
SIM-01584,2025-05-15,2025-12-20,12.08,5,13.26,10.42,50,30,60.0,15,0
SIM-01584,2025-07-27,2025-12-20,14.33,5,16.91,12.19,100,60,60.0,30,0
SIM-01584,2025-10-08,2025-12-20,15.24,5,18.38,12.38,150,85,56.67,45,0
SIM-01584,2025-12-10,2025-12-20,18.16,5,20.0,14.53,200,110,55.0,60,0
SIM-01585,2025-05-15,2025-12-20,11.92,5,14.5,10.27,50,30,60.0,15,1
SIM-01585,2025-07-27,2025-12-20,13.46,5,15.72,9.42,100,65,65.0,30,1
SIM-01585,2025-10-08,2025-12-20,14.57,5,17.92,11.56,150,95,63.33,45,1
SIM-01585,2025-12-10,2025-12-20,15.49,5,19.88,11.51,200,125,62.5,60,1
SIM-01586,2025-05-15,2025-12-20,9.73,5,13.24,5.78,50,20,40.0,15,1
SIM-01586,2025-07-27,2025-12-20,10.37,5,12.94,8.75,100,40,40.0,30,1
SIM-01586,2025-10-08,2025-12-20,11.09,5,16.05,8.42,150,60,40.0,45,1
SIM-01586,2025-12-10,2025-12-20,8.86,5,10.43,7.58,200,60,30.0,60,1
SIM-01587,2025-05-15,2025-12-20,10.91,5,12.47,8.64,50,40,80.0,15,1
SIM-01587,2025-07-27,2025-12-20,10.46,5,15.1,7.54,100,80,80.0,30,1
SIM-01587,2025-10-08,2025-12-20,10.37,5,16.16,6.22,150,125,83.33,45,1
SIM-01587,2025-12-10,2025-12-20,9.41,5,15.34,6.15,200,155,77.5,60,1
SIM-01588,2025-05-15,2025-12-20,10.07,5,11.88,5.89,50,45,90.0,15,1
SIM-01588,2025-07-27,2025-12-20,12.15,5,14.0,10.14,100,80,80.0,30,1
SIM-01588,2025-10-08,2025-12-20,11.73,5,14.76,7.87,150,120,80.0,45,1
SIM-01588,2025-12-10,2025-12-20,13.64,5,17.44,8.68,200,150,75.0,60,1
SIM-01589,2025-05-15,2025-12-20,10.22,5,12.39,6.66,50,25,50.0,15,1
SIM-01589,2025-07-27,2025-12-20,10.57,5,15.57,7.17,100,60,60.0,30,1
SIM-01589,2025-10-08,2025-12-20,9.13,5,11.18,5.75,150,85,56.67,45,1
SIM-01589,2025-12-10,2025-12-20,8.46,5,12.6,3.03,200,110,55.0,60,1
SIM-01590,2025-05-15,2025-12-20,12.66,5,13.91,10.71,50,35,70.0,15,1
SIM-01590,2025-07-27,2025-12-20,9.64,5,13.15,7.18,100,70,70.0,30,1
SIM-01590,2025-10-08,2025-12-20,11.47,5,15.18,8.18,150,100,66.67,45,1
SIM-01590,2025-12-10,2025-12-20,11.01,5,15.99,7.23,200,130,65.0,60,1
SIM-01591,2025-05-15,2025-12-20,10.71,5,12.35,9.46,50,35,70.0,15,1
SIM-01591,2025-07-27,2025-12-20,11.91,5,14.59,9.58,100,60,60.0,30,1
SIM-01591,2025-10-08,2025-12-20,11.88,5,14.7,10.83,150,90,60.0,45,1
SIM-01591,2025-12-10,2025-12-20,10.87,5,19.92,4.27,200,140,70.0,60,1
SIM-01592,2025-05-15,2025-12-20,9.98,5,11.6,7.1,50,45,90.0,15,1
SIM-01592,2025-07-27,2025-12-20,10.96,5,13.27,9.02,100,90,90.0,30,1
SIM-01592,2025-10-08,2025-12-20,9.98,5,12.36,4.94,150,135,90.0,45,1
SIM-01592,2025-12-10,2025-12-20,11.36,5,15.83,7.96,200,180,90.0,60,1
SIM-01593,2025-05-15,2025-12-20,12.85,5,15.8,10.19,50,40,80.0,15,0
SIM-01593,2025-07-27,2025-12-20,15.37,5,18.73,12.05,100,85,85.0,30,0
SIM-01593,2025-10-08,2025-12-20,14.86,5,16.92,10.83,150,125,83.33,45,0
SIM-01593,2025-12-10,2025-12-20,16.14,5,18.26,12.43,200,155,77.5,60,0
SIM-01594,2025-05-15,2025-12-20,11.16,5,13.57,8.84,50,25,50.0,15,0
SIM-01594,2025-07-27,2025-12-20,12.7,5,15.06,11.26,100,65,65.0,30,0
SIM-01594,2025-10-08,2025-12-20,12.63,5,15.4,10.09,150,95,63.33,45,0
SIM-01594,2025-12-10,2025-12-20,14.29,5,20.0,12.38,200,140,70.0,60,0
SIM-01595,2025-05-15,2025-12-20,13.76,5,16.09,11.1,50,40,80.0,15,0
SIM-01595,2025-07-27,2025-12-20,15.04,5,16.88,13.29,100,80,80.0,30,0
SIM-01595,2025-10-08,2025-12-20,14.65,5,17.09,13.51,150,115,76.67,45,0
SIM-01595,2025-12-10,2025-12-20,19.09,5,20.0,17.64,200,165,82.5,60,0
SIM-01596,2025-05-15,2025-12-20,11.91,5,15.39,9.95,50,35,70.0,15,0
SIM-01596,2025-07-27,2025-12-20,13.94,5,15.27,11.8,100,70,70.0,30,0
SIM-01596,2025-10-08,2025-12-20,15.58,5,18.2,11.19,150,100,66.67,45,0
SIM-01596,2025-12-10,2025-12-20,18.0,5,19.75,16.36,200,125,62.5,60,0
SIM-01597,2025-05-15,2025-12-20,14.76,5,15.55,14.02,50,35,70.0,15,0
SIM-01597,2025-07-27,2025-12-20,14.06,5,16.66,12.06,100,75,75.0,30,0
SIM-01597,2025-10-08,2025-12-20,14.8,5,20.0,12.41,150,110,73.33,45,0
SIM-01597,2025-12-10,2025-12-20,15.19,5,19.37,10.41,200,160,80.0,60,0
SIM-01598,2025-05-15,2025-12-20,10.85,5,14.46,8.84,50,45,90.0,15,1
SIM-01598,2025-07-27,2025-12-20,11.5,5,15.23,8.96,100,90,90.0,30,1
SIM-01598,2025-10-08,2025-12-20,11.52,5,13.71,8.83,150,150,100.0,45,1
SIM-01598,2025-12-10,2025-12-20,10.28,5,13.4,6.69,200,195,97.5,60,1
SIM-01599,2025-05-15,2025-12-20,11.65,5,14.13,9.46,50,45,90.0,15,1
SIM-01599,2025-07-27,2025-12-20,12.43,5,14.18,10.79,100,100,100.0,30,1
SIM-01599,2025-10-08,2025-12-20,10.92,5,13.98,9.27,150,145,96.67,45,1
SIM-01599,2025-12-10,2025-12-20,11.8,5,13.38,10.62,200,185,92.5,60,1
SIM-01600,2025-05-15,2025-12-20,12.65,5,17.12,9.64,50,45,90.0,15,1
SIM-01600,2025-07-27,2025-12-20,11.08,5,13.74,8.26,100,90,90.0,30,1
SIM-01600,2025-10-08,2025-12-20,12.07,5,15.42,7.92,150,140,93.33,45,1
SIM-01600,2025-12-10,2025-12-20,12.68,5,16.47,9.39,200,170,85.0,60,1
SIM-01601,2025-05-15,2025-12-20,11.88,5,12.98,9.7,50,35,70.0,15,0
SIM-01601,2025-07-27,2025-12-20,12.25,5,15.64,9.82,100,75,75.0,30,0
SIM-01601,2025-10-08,2025-12-20,12.74,5,16.64,9.82,150,120,80.0,45,0
SIM-01601,2025-12-10,2025-12-20,14.05,5,16.66,12.86,200,155,77.5,60,0
SIM-01602,2025-05-15,2025-12-20,10.72,5,13.36,8.85,50,50,100.0,15,1
SIM-01602,2025-07-27,2025-12-20,10.51,5,15.05,6.81,100,85,85.0,30,1
SIM-01602,2025-10-08,2025-12-20,10.41,5,13.96,6.66,150,135,90.0,45,1
SIM-01602,2025-12-10,2025-12-20,9.69,5,12.9,7.23,200,180,90.0,60,1
SIM-01603,2025-05-15,2025-12-20,11.57,5,14.06,9.22,50,40,80.0,15,1
SIM-01603,2025-07-27,2025-12-20,9.63,5,15.5,5.3,100,85,85.0,30,1
SIM-01603,2025-10-08,2025-12-20,9.92,5,13.08,7.3,150,120,80.0,45,1
SIM-01603,2025-12-10,2025-12-20,10.31,5,13.66,3.73,200,165,82.5,60,1
SIM-01604,2025-05-15,2025-12-20,12.13,5,14.88,8.28,50,40,80.0,15,1
SIM-01604,2025-07-27,2025-12-20,12.06,5,14.99,7.65,100,85,85.0,30,1
SIM-01604,2025-10-08,2025-12-20,14.12,5,16.96,10.98,150,130,86.67,45,1
SIM-01604,2025-12-10,2025-12-20,14.74,5,20.0,7.9,200,160,80.0,60,1
SIM-01605,2025-05-15,2025-12-20,12.27,5,15.3,10.26,50,40,80.0,15,1
SIM-01605,2025-07-27,2025-12-20,11.92,5,15.55,7.99,100,85,85.0,30,1
SIM-01605,2025-10-08,2025-12-20,11.91,5,14.34,10.56,150,125,83.33,45,1
SIM-01605,2025-12-10,2025-12-20,15.05,5,18.34,11.65,200,165,82.5,60,1
SIM-01606,2025-05-15,2025-12-20,10.04,5,12.5,7.84,50,30,60.0,15,1
SIM-01606,2025-07-27,2025-12-20,11.08,5,12.99,9.26,100,65,65.0,30,1
SIM-01606,2025-10-08,2025-12-20,10.12,5,14.25,8.64,150,85,56.67,45,1
SIM-01606,2025-12-10,2025-12-20,10.08,5,14.54,7.64,200,125,62.5,60,1
SIM-01607,2025-05-15,2025-12-20,13.26,5,16.03,10.98,50,45,90.0,15,0
SIM-01607,2025-07-27,2025-12-20,13.32,5,15.29,11.09,100,90,90.0,30,0
SIM-01607,2025-10-08,2025-12-20,14.5,5,17.13,13.14,150,140,93.33,45,0
SIM-01607,2025-12-10,2025-12-20,15.42,5,19.62,10.35,200,190,95.0,60,0
SIM-01608,2025-05-15,2025-12-20,12.83,5,14.51,10.48,50,45,90.0,15,0
SIM-01608,2025-07-27,2025-12-20,15.01,5,16.71,11.94,100,90,90.0,30,0
SIM-01608,2025-10-08,2025-12-20,17.28,5,18.53,14.55,150,135,90.0,45,0
SIM-01608,2025-12-10,2025-12-20,19.12,5,20.0,17.95,200,185,92.5,60,0
SIM-01609,2025-05-15,2025-12-20,12.14,5,14.59,10.41,50,45,90.0,15,0
SIM-01609,2025-07-27,2025-12-20,12.45,5,15.71,9.0,100,85,85.0,30,0
SIM-01609,2025-10-08,2025-12-20,14.44,5,18.06,11.61,150,130,86.67,45,0
SIM-01609,2025-12-10,2025-12-20,14.7,5,20.0,12.13,200,185,92.5,60,0
SIM-01610,2025-05-15,2025-12-20,11.64,5,12.24,11.0,50,45,90.0,15,0
SIM-01610,2025-07-27,2025-12-20,12.84,5,13.83,12.22,100,90,90.0,30,0
SIM-01610,2025-10-08,2025-12-20,13.85,5,16.39,11.14,150,135,90.0,45,0
SIM-01610,2025-12-10,2025-12-20,15.23,5,16.96,12.7,200,185,92.5,60,0
SIM-01611,2025-05-15,2025-12-20,11.27,5,12.91,9.02,50,40,80.0,15,0
SIM-01611,2025-07-27,2025-12-20,14.41,5,18.16,12.01,100,90,90.0,30,0
SIM-01611,2025-10-08,2025-12-20,15.91,5,19.63,13.93,150,125,83.33,45,0
SIM-01611,2025-12-10,2025-12-20,17.32,5,20.0,12.73,200,170,85.0,60,0
SIM-01612,2025-05-15,2025-12-20,9.81,5,11.79,5.88,50,35,70.0,15,1
SIM-01612,2025-07-27,2025-12-20,11.84,5,14.34,8.32,100,70,70.0,30,1
SIM-01612,2025-10-08,2025-12-20,10.65,5,13.89,4.45,150,110,73.33,45,1
SIM-01612,2025-12-10,2025-12-20,12.94,5,17.65,7.63,200,135,67.5,60,1
SIM-01613,2025-05-15,2025-12-20,10.35,5,11.0,9.29,50,50,100.0,15,0
SIM-01613,2025-07-27,2025-12-20,11.74,5,13.8,9.98,100,100,100.0,30,0
SIM-01613,2025-10-08,2025-12-20,12.62,5,16.12,8.83,150,150,100.0,45,0
SIM-01613,2025-12-10,2025-12-20,11.84,5,13.63,9.81,200,200,100.0,60,0
SIM-01614,2025-05-15,2025-12-20,10.51,5,12.46,8.71,50,45,90.0,15,1
SIM-01614,2025-07-27,2025-12-20,10.58,5,14.77,7.9,100,90,90.0,30,1
SIM-01614,2025-10-08,2025-12-20,8.01,5,12.1,4.27,150,135,90.0,45,1
SIM-01614,2025-12-10,2025-12-20,9.36,5,12.61,7.18,200,180,90.0,60,1
SIM-01615,2025-05-15,2025-12-20,11.93,5,13.4,10.33,50,40,80.0,15,1
SIM-01615,2025-07-27,2025-12-20,10.82,5,12.52,6.88,100,85,85.0,30,1
SIM-01615,2025-10-08,2025-12-20,11.9,5,15.28,7.03,150,130,86.67,45,1
SIM-01615,2025-12-10,2025-12-20,13.58,5,15.79,10.15,200,160,80.0,60,1
SIM-01616,2025-05-15,2025-12-20,10.58,5,12.17,7.75,50,45,90.0,15,1
SIM-01616,2025-07-27,2025-12-20,9.16,5,11.73,6.72,100,85,85.0,30,1
SIM-01616,2025-10-08,2025-12-20,8.35,5,14.49,4.22,150,125,83.33,45,1
SIM-01616,2025-12-10,2025-12-20,5.94,5,11.5,1.18,200,180,90.0,60,1
SIM-01617,2025-05-15,2025-12-20,10.56,5,13.11,8.71,50,45,90.0,15,0
SIM-01617,2025-07-27,2025-12-20,11.33,5,12.23,9.35,100,90,90.0,30,0
SIM-01617,2025-10-08,2025-12-20,13.54,5,14.62,12.21,150,150,100.0,45,0
SIM-01617,2025-12-10,2025-12-20,13.63,5,15.05,10.67,200,185,92.5,60,0
SIM-01618,2025-05-15,2025-12-20,11.27,5,12.87,8.41,50,50,100.0,15,1
SIM-01618,2025-07-27,2025-12-20,10.62,5,13.99,6.13,100,95,95.0,30,1
SIM-01618,2025-10-08,2025-12-20,9.67,5,13.22,6.39,150,145,96.67,45,1
SIM-01618,2025-12-10,2025-12-20,10.73,5,16.14,5.51,200,200,100.0,60,1
SIM-01619,2025-05-15,2025-12-20,10.79,5,13.59,7.2,50,45,90.0,15,0
SIM-01619,2025-07-27,2025-12-20,13.5,5,15.39,12.09,100,95,95.0,30,0
SIM-01619,2025-10-08,2025-12-20,14.09,5,16.81,11.12,150,130,86.67,45,0
SIM-01619,2025-12-10,2025-12-20,14.48,5,17.26,12.35,200,195,97.5,60,0
SIM-01620,2025-05-15,2025-12-20,11.72,5,12.81,10.15,50,40,80.0,15,1
SIM-01620,2025-07-27,2025-12-20,12.72,5,15.59,9.13,100,80,80.0,30,1
SIM-01620,2025-10-08,2025-12-20,13.1,5,18.25,10.22,150,125,83.33,45,1
SIM-01620,2025-12-10,2025-12-20,13.89,5,18.83,12.29,200,155,77.5,60,1
SIM-01621,2025-05-15,2025-12-20,11.61,5,14.17,9.99,50,45,90.0,15,1
SIM-01621,2025-07-27,2025-12-20,9.56,5,12.63,5.98,100,85,85.0,30,1
SIM-01621,2025-10-08,2025-12-20,9.09,5,10.63,6.71,150,130,86.67,45,1
SIM-01621,2025-12-10,2025-12-20,10.11,5,14.46,6.91,200,170,85.0,60,1
SIM-01622,2025-05-15,2025-12-20,11.17,5,12.69,9.32,50,45,90.0,15,1
SIM-01622,2025-07-27,2025-12-20,13.72,5,16.66,10.72,100,80,80.0,30,1
SIM-01622,2025-10-08,2025-12-20,14.33,5,18.6,8.36,150,130,86.67,45,1
SIM-01622,2025-12-10,2025-12-20,14.04,5,18.58,8.86,200,180,90.0,60,1
SIM-01623,2025-05-15,2025-12-20,9.95,5,12.15,8.18,50,45,90.0,15,1
SIM-01623,2025-07-27,2025-12-20,10.67,5,12.92,7.12,100,95,95.0,30,1
SIM-01623,2025-10-08,2025-12-20,11.92,5,14.34,7.98,150,140,93.33,45,1
SIM-01623,2025-12-10,2025-12-20,11.59,5,15.38,6.48,200,195,97.5,60,1
SIM-01624,2025-05-15,2025-12-20,10.52,5,11.78,9.41,50,35,70.0,15,0
SIM-01624,2025-07-27,2025-12-20,11.61,5,13.87,9.56,100,65,65.0,30,0
SIM-01624,2025-10-08,2025-12-20,13.98,5,15.37,12.86,150,115,76.67,45,0
SIM-01624,2025-12-10,2025-12-20,16.29,5,19.51,11.74,200,130,65.0,60,0
SIM-01625,2025-05-15,2025-12-20,11.15,5,11.95,9.31,50,25,50.0,15,1
SIM-01625,2025-07-27,2025-12-20,11.54,5,14.33,9.39,100,60,60.0,30,1
SIM-01625,2025-10-08,2025-12-20,12.0,5,15.58,10.16,150,75,50.0,45,1
SIM-01625,2025-12-10,2025-12-20,11.19,5,14.07,8.56,200,105,52.5,60,1
SIM-01626,2025-05-15,2025-12-20,10.71,5,13.22,8.78,50,45,90.0,15,1
SIM-01626,2025-07-27,2025-12-20,10.84,5,13.05,7.68,100,90,90.0,30,1
SIM-01626,2025-10-08,2025-12-20,10.58,5,11.96,9.84,150,125,83.33,45,1
SIM-01626,2025-12-10,2025-12-20,11.06,5,12.04,10.32,200,175,87.5,60,1
SIM-01627,2025-05-15,2025-12-20,10.44,5,14.34,7.76,50,45,90.0,15,1
SIM-01627,2025-07-27,2025-12-20,10.62,5,12.76,7.2,100,90,90.0,30,1
SIM-01627,2025-10-08,2025-12-20,10.35,5,12.08,7.35,150,145,96.67,45,1
SIM-01627,2025-12-10,2025-12-20,9.55,5,12.92,5.99,200,180,90.0,60,1
SIM-01628,2025-05-15,2025-12-20,11.74,5,14.19,9.01,50,45,90.0,15,1
SIM-01628,2025-07-27,2025-12-20,11.52,5,13.14,9.42,100,85,85.0,30,1
SIM-01628,2025-10-08,2025-12-20,12.04,5,13.72,9.53,150,125,83.33,45,1
SIM-01628,2025-12-10,2025-12-20,13.02,5,16.02,9.9,200,175,87.5,60,1
SIM-01629,2025-05-15,2025-12-20,10.58,5,14.11,7.79,50,35,70.0,15,0
SIM-01629,2025-07-27,2025-12-20,13.99,5,20.0,9.34,100,70,70.0,30,0
SIM-01629,2025-10-08,2025-12-20,14.61,5,18.39,10.87,150,115,76.67,45,0
SIM-01629,2025-12-10,2025-12-20,16.37,5,20.0,14.43,200,140,70.0,60,0
SIM-01630,2025-05-15,2025-12-20,9.87,5,12.31,8.3,50,45,90.0,15,1
SIM-01630,2025-07-27,2025-12-20,10.37,5,13.51,7.75,100,90,90.0,30,1
SIM-01630,2025-10-08,2025-12-20,10.2,5,12.44,8.86,150,120,80.0,45,1
SIM-01630,2025-12-10,2025-12-20,11.35,5,13.26,9.07,200,175,87.5,60,1
SIM-01631,2025-05-15,2025-12-20,11.7,5,13.81,8.13,50,45,90.0,15,0
SIM-01631,2025-07-27,2025-12-20,12.69,5,14.2,10.53,100,95,95.0,30,0
SIM-01631,2025-10-08,2025-12-20,12.67,5,15.78,10.42,150,150,100.0,45,0
SIM-01631,2025-12-10,2025-12-20,16.84,5,20.0,13.18,200,200,100.0,60,0
SIM-01632,2025-05-15,2025-12-20,10.9,5,12.82,8.65,50,35,70.0,15,0
SIM-01632,2025-07-27,2025-12-20,12.19,5,13.42,10.98,100,75,75.0,30,0
SIM-01632,2025-10-08,2025-12-20,12.38,5,15.8,10.17,150,100,66.67,45,0
SIM-01632,2025-12-10,2025-12-20,14.56,5,19.06,11.78,200,130,65.0,60,0
SIM-01633,2025-05-15,2025-12-20,10.83,5,12.63,7.77,50,35,70.0,15,1
SIM-01633,2025-07-27,2025-12-20,10.9,5,15.35,6.8,100,70,70.0,30,1
SIM-01633,2025-10-08,2025-12-20,13.78,5,18.93,8.6,150,110,73.33,45,1
SIM-01633,2025-12-10,2025-12-20,14.37,5,20.0,9.92,200,145,72.5,60,1
SIM-01634,2025-05-15,2025-12-20,11.05,5,14.35,8.57,50,45,90.0,15,0
SIM-01634,2025-07-27,2025-12-20,13.75,5,17.23,10.26,100,90,90.0,30,0
SIM-01634,2025-10-08,2025-12-20,14.58,5,18.66,9.89,150,135,90.0,45,0
SIM-01634,2025-12-10,2025-12-20,15.08,5,20.0,11.72,200,180,90.0,60,0
SIM-01635,2025-05-15,2025-12-20,12.94,5,15.91,9.57,50,40,80.0,15,0
SIM-01635,2025-07-27,2025-12-20,14.44,5,16.6,10.96,100,75,75.0,30,0
SIM-01635,2025-10-08,2025-12-20,15.29,5,16.35,14.38,150,110,73.33,45,0
SIM-01635,2025-12-10,2025-12-20,16.0,5,18.05,13.06,200,145,72.5,60,0
SIM-01636,2025-05-15,2025-12-20,12.25,5,13.56,10.08,50,45,90.0,15,1
SIM-01636,2025-07-27,2025-12-20,12.47,5,14.23,9.43,100,95,95.0,30,1
SIM-01636,2025-10-08,2025-12-20,14.4,5,17.94,11.64,150,140,93.33,45,1
SIM-01636,2025-12-10,2025-12-20,13.9,5,17.31,9.63,200,185,92.5,60,1
SIM-01637,2025-05-15,2025-12-20,11.31,5,13.42,9.47,50,35,70.0,15,1
SIM-01637,2025-07-27,2025-12-20,9.99,5,11.43,7.27,100,65,65.0,30,1
SIM-01637,2025-10-08,2025-12-20,12.55,5,16.31,9.92,150,95,63.33,45,1
SIM-01637,2025-12-10,2025-12-20,10.39,5,12.5,5.99,200,130,65.0,60,1
SIM-01638,2025-05-15,2025-12-20,10.16,5,11.17,8.44,50,40,80.0,15,1
SIM-01638,2025-07-27,2025-12-20,10.91,5,13.22,9.19,100,80,80.0,30,1
SIM-01638,2025-10-08,2025-12-20,11.64,5,14.49,8.11,150,120,80.0,45,1
SIM-01638,2025-12-10,2025-12-20,8.65,5,10.07,7.37,200,175,87.5,60,1
SIM-01639,2025-05-15,2025-12-20,11.27,5,15.27,9.9,50,40,80.0,15,1
SIM-01639,2025-07-27,2025-12-20,11.71,5,13.12,9.67,100,80,80.0,30,1
SIM-01639,2025-10-08,2025-12-20,11.45,5,13.25,8.23,150,120,80.0,45,1
SIM-01639,2025-12-10,2025-12-20,11.59,5,16.99,5.69,200,160,80.0,60,1
SIM-01640,2025-05-15,2025-12-20,10.14,5,13.67,7.28,50,45,90.0,15,1
SIM-01640,2025-07-27,2025-12-20,11.29,5,14.31,8.12,100,95,95.0,30,1
SIM-01640,2025-10-08,2025-12-20,10.32,5,16.28,4.82,150,140,93.33,45,1
SIM-01640,2025-12-10,2025-12-20,10.29,5,13.56,7.52,200,190,95.0,60,1
SIM-01641,2025-05-15,2025-12-20,12.01,5,13.2,10.25,50,45,90.0,15,0
SIM-01641,2025-07-27,2025-12-20,12.75,5,15.25,11.03,100,100,100.0,30,0
SIM-01641,2025-10-08,2025-12-20,12.64,5,15.41,10.59,150,140,93.33,45,0
SIM-01641,2025-12-10,2025-12-20,14.11,5,15.31,13.27,200,190,95.0,60,0
SIM-01642,2025-05-15,2025-12-20,11.27,5,13.02,8.23,50,35,70.0,15,1
SIM-01642,2025-07-27,2025-12-20,11.01,5,13.2,9.7,100,75,75.0,30,1
SIM-01642,2025-10-08,2025-12-20,11.62,5,13.71,7.29,150,105,70.0,45,1
SIM-01642,2025-12-10,2025-12-20,12.85,5,15.81,7.18,200,160,80.0,60,1
SIM-01643,2025-05-15,2025-12-20,12.42,5,15.35,9.14,50,40,80.0,15,0
SIM-01643,2025-07-27,2025-12-20,13.31,5,15.35,8.56,100,80,80.0,30,0
SIM-01643,2025-10-08,2025-12-20,13.97,5,16.86,11.03,150,115,76.67,45,0
SIM-01643,2025-12-10,2025-12-20,15.99,5,18.77,14.08,200,170,85.0,60,0
SIM-01644,2025-05-15,2025-12-20,11.27,5,15.82,7.63,50,45,90.0,15,1
SIM-01644,2025-07-27,2025-12-20,12.21,5,14.54,7.6,100,80,80.0,30,1
SIM-01644,2025-10-08,2025-12-20,13.51,5,16.35,9.79,150,125,83.33,45,1
SIM-01644,2025-12-10,2025-12-20,13.2,5,16.33,4.37,200,180,90.0,60,1
SIM-01645,2025-05-15,2025-12-20,10.36,5,13.91,8.39,50,40,80.0,15,1
SIM-01645,2025-07-27,2025-12-20,13.6,5,16.66,10.7,100,80,80.0,30,1
SIM-01645,2025-10-08,2025-12-20,13.76,5,16.93,9.85,150,115,76.67,45,1
SIM-01645,2025-12-10,2025-12-20,13.72,5,16.58,10.96,200,150,75.0,60,1
SIM-01646,2025-05-15,2025-12-20,11.64,5,12.73,10.47,50,45,90.0,15,1
SIM-01646,2025-07-27,2025-12-20,9.22,5,12.78,7.09,100,85,85.0,30,1
SIM-01646,2025-10-08,2025-12-20,12.08,5,17.34,6.94,150,130,86.67,45,1
SIM-01646,2025-12-10,2025-12-20,10.17,5,15.56,7.09,200,165,82.5,60,1
SIM-01647,2025-05-15,2025-12-20,11.89,5,14.12,10.39,50,50,100.0,15,0
SIM-01647,2025-07-27,2025-12-20,12.85,5,14.4,11.05,100,100,100.0,30,0
SIM-01647,2025-10-08,2025-12-20,14.09,5,14.57,13.19,150,150,100.0,45,0
SIM-01647,2025-12-10,2025-12-20,14.79,5,18.25,11.8,200,190,95.0,60,0
SIM-01648,2025-05-15,2025-12-20,9.94,5,12.21,6.87,50,45,90.0,15,1
SIM-01648,2025-07-27,2025-12-20,9.78,5,11.94,6.16,100,95,95.0,30,1
SIM-01648,2025-10-08,2025-12-20,10.26,5,11.83,8.09,150,130,86.67,45,1
SIM-01648,2025-12-10,2025-12-20,10.24,5,15.4,5.18,200,180,90.0,60,1
SIM-01649,2025-05-15,2025-12-20,10.94,5,12.91,8.89,50,50,100.0,15,1
SIM-01649,2025-07-27,2025-12-20,10.42,5,15.47,6.21,100,100,100.0,30,1
SIM-01649,2025-10-08,2025-12-20,8.8,5,10.76,7.0,150,135,90.0,45,1
SIM-01649,2025-12-10,2025-12-20,8.06,5,11.3,1.7,200,175,87.5,60,1
SIM-01650,2025-05-15,2025-12-20,12.24,5,14.5,9.48,50,45,90.0,15,0
SIM-01650,2025-07-27,2025-12-20,12.62,5,15.78,8.85,100,85,85.0,30,0
SIM-01650,2025-10-08,2025-12-20,15.17,5,17.42,11.86,150,130,86.67,45,0
SIM-01650,2025-12-10,2025-12-20,15.91,5,18.94,11.78,200,175,87.5,60,0
SIM-01651,2025-05-15,2025-12-20,12.7,5,14.49,10.6,50,35,70.0,15,1
SIM-01651,2025-07-27,2025-12-20,13.7,5,15.32,11.12,100,70,70.0,30,1
SIM-01651,2025-10-08,2025-12-20,11.9,5,15.06,7.29,150,105,70.0,45,1
SIM-01651,2025-12-10,2025-12-20,15.86,5,18.88,9.61,200,140,70.0,60,1
SIM-01652,2025-05-15,2025-12-20,10.07,5,11.0,8.22,50,40,80.0,15,1
SIM-01652,2025-07-27,2025-12-20,10.99,5,14.62,7.46,100,80,80.0,30,1
SIM-01652,2025-10-08,2025-12-20,11.07,5,12.48,9.89,150,125,83.33,45,1
SIM-01652,2025-12-10,2025-12-20,11.02,5,15.3,8.42,200,170,85.0,60,1
SIM-01653,2025-05-15,2025-12-20,10.53,5,12.68,5.8,50,30,60.0,15,1
SIM-01653,2025-07-27,2025-12-20,12.46,5,13.76,11.56,100,60,60.0,30,1
SIM-01653,2025-10-08,2025-12-20,11.03,5,12.93,8.64,150,95,63.33,45,1
SIM-01653,2025-12-10,2025-12-20,12.13,5,13.86,9.0,200,120,60.0,60,1
SIM-01654,2025-05-15,2025-12-20,12.26,5,14.22,10.75,50,45,90.0,15,0
SIM-01654,2025-07-27,2025-12-20,14.05,5,15.85,10.02,100,100,100.0,30,0
SIM-01654,2025-10-08,2025-12-20,14.22,5,18.1,10.96,150,135,90.0,45,0
SIM-01654,2025-12-10,2025-12-20,13.54,5,17.11,10.84,200,200,100.0,60,0
SIM-01655,2025-05-15,2025-12-20,10.88,5,11.48,9.74,50,45,90.0,15,0
SIM-01655,2025-07-27,2025-12-20,12.27,5,12.78,11.46,100,90,90.0,30,0
SIM-01655,2025-10-08,2025-12-20,15.91,5,17.97,13.23,150,130,86.67,45,0
SIM-01655,2025-12-10,2025-12-20,15.67,5,18.73,12.71,200,165,82.5,60,0
SIM-01656,2025-05-15,2025-12-20,12.29,5,13.0,10.97,50,40,80.0,15,0
SIM-01656,2025-07-27,2025-12-20,13.3,5,16.57,10.6,100,80,80.0,30,0
SIM-01656,2025-10-08,2025-12-20,13.84,5,16.02,12.01,150,115,76.67,45,0
SIM-01656,2025-12-10,2025-12-20,14.01,5,16.46,11.78,200,160,80.0,60,0
SIM-01657,2025-05-15,2025-12-20,12.76,5,14.5,11.36,50,30,60.0,15,0
SIM-01657,2025-07-27,2025-12-20,11.57,5,13.89,9.87,100,65,65.0,30,0
SIM-01657,2025-10-08,2025-12-20,12.03,5,14.3,8.75,150,100,66.67,45,0
SIM-01657,2025-12-10,2025-12-20,13.93,5,18.36,11.85,200,135,67.5,60,0
SIM-01658,2025-05-15,2025-12-20,11.94,5,14.28,9.74,50,50,100.0,15,0
SIM-01658,2025-07-27,2025-12-20,15.38,5,18.04,12.9,100,100,100.0,30,0
SIM-01658,2025-10-08,2025-12-20,16.71,5,18.52,14.8,150,150,100.0,45,0
SIM-01658,2025-12-10,2025-12-20,17.65,5,20.0,15.27,200,195,97.5,60,0
SIM-01659,2025-05-15,2025-12-20,12.35,5,15.12,9.9,50,50,100.0,15,0
SIM-01659,2025-07-27,2025-12-20,11.35,5,12.77,9.4,100,90,90.0,30,0
SIM-01659,2025-10-08,2025-12-20,14.39,5,17.86,12.42,150,130,86.67,45,0
SIM-01659,2025-12-10,2025-12-20,14.66,5,16.41,13.18,200,175,87.5,60,0
SIM-01660,2025-05-15,2025-12-20,10.31,5,12.09,5.49,50,45,90.0,15,0
SIM-01660,2025-07-27,2025-12-20,13.94,5,16.28,11.65,100,85,85.0,30,0
SIM-01660,2025-10-08,2025-12-20,14.17,5,17.77,9.15,150,120,80.0,45,0
SIM-01660,2025-12-10,2025-12-20,15.06,5,18.69,10.21,200,160,80.0,60,0
SIM-01661,2025-05-15,2025-12-20,12.47,5,15.97,9.36,50,40,80.0,15,1
SIM-01661,2025-07-27,2025-12-20,9.31,5,12.43,7.11,100,75,75.0,30,1
SIM-01661,2025-10-08,2025-12-20,9.06,5,11.72,5.82,150,125,83.33,45,1
SIM-01661,2025-12-10,2025-12-20,8.11,5,10.44,6.55,200,160,80.0,60,1
SIM-01662,2025-05-15,2025-12-20,10.5,5,11.67,9.29,50,35,70.0,15,1
SIM-01662,2025-07-27,2025-12-20,11.79,5,12.8,10.15,100,65,65.0,30,1
SIM-01662,2025-10-08,2025-12-20,11.55,5,14.28,9.85,150,95,63.33,45,1
SIM-01662,2025-12-10,2025-12-20,12.52,5,14.86,10.8,200,120,60.0,60,1
SIM-01663,2025-05-15,2025-12-20,10.12,5,12.25,5.74,50,45,90.0,15,1
SIM-01663,2025-07-27,2025-12-20,12.56,5,17.19,9.32,100,90,90.0,30,1
SIM-01663,2025-10-08,2025-12-20,11.49,5,16.78,7.76,150,140,93.33,45,1
SIM-01663,2025-12-10,2025-12-20,12.39,5,15.67,5.29,200,170,85.0,60,1
SIM-01664,2025-05-15,2025-12-20,11.28,5,13.48,6.01,50,40,80.0,15,0
SIM-01664,2025-07-27,2025-12-20,13.88,5,16.12,9.06,100,85,85.0,30,0
SIM-01664,2025-10-08,2025-12-20,14.17,5,16.54,11.51,150,120,80.0,45,0
SIM-01664,2025-12-10,2025-12-20,14.25,5,20.0,10.25,200,155,77.5,60,0
SIM-01665,2025-05-15,2025-12-20,12.0,5,15.11,9.44,50,35,70.0,15,0
SIM-01665,2025-07-27,2025-12-20,10.57,5,12.62,7.0,100,70,70.0,30,0
SIM-01665,2025-10-08,2025-12-20,12.69,5,13.58,11.1,150,105,70.0,45,0
SIM-01665,2025-12-10,2025-12-20,12.56,5,15.54,9.72,200,145,72.5,60,0
SIM-01666,2025-05-15,2025-12-20,11.21,5,14.05,9.22,50,40,80.0,15,1
SIM-01666,2025-07-27,2025-12-20,12.05,5,14.36,8.76,100,90,90.0,30,1
SIM-01666,2025-10-08,2025-12-20,9.41,5,12.87,5.33,150,120,80.0,45,1
SIM-01666,2025-12-10,2025-12-20,10.5,5,13.14,8.05,200,170,85.0,60,1
SIM-01667,2025-05-15,2025-12-20,12.02,5,15.03,9.51,50,45,90.0,15,1
SIM-01667,2025-07-27,2025-12-20,11.47,5,15.33,7.66,100,95,95.0,30,1
SIM-01667,2025-10-08,2025-12-20,9.83,5,12.88,6.18,150,145,96.67,45,1
SIM-01667,2025-12-10,2025-12-20,10.18,5,13.61,7.31,200,195,97.5,60,1
SIM-01668,2025-05-15,2025-12-20,10.89,5,12.07,8.76,50,40,80.0,15,1
SIM-01668,2025-07-27,2025-12-20,11.03,5,14.46,8.89,100,80,80.0,30,1
SIM-01668,2025-10-08,2025-12-20,11.57,5,14.24,8.81,150,115,76.67,45,1
SIM-01668,2025-12-10,2025-12-20,11.99,5,14.8,9.69,200,160,80.0,60,1
SIM-01669,2025-05-15,2025-12-20,12.66,5,16.07,8.79,50,45,90.0,15,0
SIM-01669,2025-07-27,2025-12-20,13.63,5,15.81,12.1,100,95,95.0,30,0
SIM-01669,2025-10-08,2025-12-20,14.49,5,18.0,10.84,150,145,96.67,45,0
SIM-01669,2025-12-10,2025-12-20,14.51,5,18.06,10.61,200,200,100.0,60,0
SIM-01670,2025-05-15,2025-12-20,10.15,5,13.01,7.85,50,35,70.0,15,1
SIM-01670,2025-07-27,2025-12-20,9.64,5,13.06,7.34,100,70,70.0,30,1
SIM-01670,2025-10-08,2025-12-20,9.53,5,12.65,5.04,150,115,76.67,45,1
SIM-01670,2025-12-10,2025-12-20,9.45,5,14.48,4.02,200,125,62.5,60,1
SIM-01671,2025-05-15,2025-12-20,10.94,5,14.44,6.48,50,45,90.0,15,1
SIM-01671,2025-07-27,2025-12-20,9.78,5,12.03,7.24,100,90,90.0,30,1
SIM-01671,2025-10-08,2025-12-20,9.71,5,12.41,3.55,150,135,90.0,45,1
SIM-01671,2025-12-10,2025-12-20,8.06,5,12.63,0.64,200,175,87.5,60,1
SIM-01672,2025-05-15,2025-12-20,12.26,5,14.42,10.68,50,40,80.0,15,0
SIM-01672,2025-07-27,2025-12-20,12.48,5,14.52,9.77,100,90,90.0,30,0
SIM-01672,2025-10-08,2025-12-20,13.41,5,16.58,9.99,150,135,90.0,45,0
SIM-01672,2025-12-10,2025-12-20,15.36,5,19.65,11.64,200,155,77.5,60,0
SIM-01673,2025-05-15,2025-12-20,11.44,5,13.47,10.25,50,45,90.0,15,1
SIM-01673,2025-07-27,2025-12-20,12.32,5,16.09,7.17,100,90,90.0,30,1
SIM-01673,2025-10-08,2025-12-20,12.46,5,16.14,9.56,150,130,86.67,45,1
SIM-01673,2025-12-10,2025-12-20,12.99,5,17.42,10.2,200,170,85.0,60,1
SIM-01674,2025-05-15,2025-12-20,12.6,5,15.14,9.99,50,35,70.0,15,0
SIM-01674,2025-07-27,2025-12-20,13.72,5,17.53,9.32,100,70,70.0,30,0
SIM-01674,2025-10-08,2025-12-20,16.1,5,17.96,13.93,150,105,70.0,45,0
SIM-01674,2025-12-10,2025-12-20,16.66,5,19.55,14.05,200,150,75.0,60,0
SIM-01675,2025-05-15,2025-12-20,11.62,5,12.94,10.73,50,40,80.0,15,1
SIM-01675,2025-07-27,2025-12-20,11.0,5,13.95,9.09,100,90,90.0,30,1
SIM-01675,2025-10-08,2025-12-20,9.62,5,11.84,7.05,150,135,90.0,45,1
SIM-01675,2025-12-10,2025-12-20,8.7,5,12.28,6.38,200,175,87.5,60,1
SIM-01676,2025-05-15,2025-12-20,9.61,5,10.81,8.58,50,40,80.0,15,1
SIM-01676,2025-07-27,2025-12-20,8.76,5,11.11,3.3,100,80,80.0,30,1
SIM-01676,2025-10-08,2025-12-20,8.63,5,11.77,3.74,150,120,80.0,45,1
SIM-01676,2025-12-10,2025-12-20,6.58,5,9.65,0.66,200,170,85.0,60,1
SIM-01677,2025-05-15,2025-12-20,13.61,5,16.22,10.04,50,30,60.0,15,0
SIM-01677,2025-07-27,2025-12-20,13.85,5,16.59,12.13,100,65,65.0,30,0
SIM-01677,2025-10-08,2025-12-20,15.72,5,18.1,11.03,150,95,63.33,45,0
SIM-01677,2025-12-10,2025-12-20,16.35,5,20.0,13.46,200,135,67.5,60,0
SIM-01678,2025-05-15,2025-12-20,10.78,5,14.31,8.32,50,25,50.0,15,1
SIM-01678,2025-07-27,2025-12-20,11.5,5,13.35,9.8,100,55,55.0,30,1
SIM-01678,2025-10-08,2025-12-20,10.09,5,13.85,3.36,150,85,56.67,45,1
SIM-01678,2025-12-10,2025-12-20,10.62,5,12.7,8.44,200,135,67.5,60,1
SIM-01679,2025-05-15,2025-12-20,10.79,5,13.32,8.81,50,45,90.0,15,1
SIM-01679,2025-07-27,2025-12-20,10.41,5,11.96,7.34,100,80,80.0,30,1
SIM-01679,2025-10-08,2025-12-20,11.09,5,12.74,10.03,150,125,83.33,45,1
SIM-01679,2025-12-10,2025-12-20,12.36,5,16.0,9.26,200,175,87.5,60,1
SIM-01680,2025-05-15,2025-12-20,12.0,5,12.35,11.82,50,35,70.0,15,1
SIM-01680,2025-07-27,2025-12-20,11.03,5,12.9,8.41,100,65,65.0,30,1
SIM-01680,2025-10-08,2025-12-20,12.63,5,16.18,8.73,150,95,63.33,45,1
SIM-01680,2025-12-10,2025-12-20,10.19,5,11.85,8.79,200,140,70.0,60,1
SIM-01681,2025-05-15,2025-12-20,11.48,5,12.79,10.27,50,40,80.0,15,1
SIM-01681,2025-07-27,2025-12-20,9.35,5,13.43,7.52,100,85,85.0,30,1
SIM-01681,2025-10-08,2025-12-20,10.61,5,15.45,6.1,150,140,93.33,45,1
SIM-01681,2025-12-10,2025-12-20,11.5,5,18.66,4.17,200,165,82.5,60,1
SIM-01682,2025-05-15,2025-12-20,10.93,5,14.03,8.17,50,45,90.0,15,1
SIM-01682,2025-07-27,2025-12-20,12.18,5,13.61,11.13,100,100,100.0,30,1
SIM-01682,2025-10-08,2025-12-20,9.55,5,12.92,7.77,150,135,90.0,45,1
SIM-01682,2025-12-10,2025-12-20,11.79,5,13.95,10.64,200,185,92.5,60,1
SIM-01683,2025-05-15,2025-12-20,10.87,5,12.45,8.19,50,40,80.0,15,1
SIM-01683,2025-07-27,2025-12-20,13.18,5,15.92,9.47,100,85,85.0,30,1
SIM-01683,2025-10-08,2025-12-20,11.23,5,13.74,7.39,150,120,80.0,45,1
SIM-01683,2025-12-10,2025-12-20,14.02,5,18.24,9.17,200,165,82.5,60,1
SIM-01684,2025-05-15,2025-12-20,11.02,5,13.32,8.05,50,35,70.0,15,1
SIM-01684,2025-07-27,2025-12-20,7.69,5,9.74,4.89,100,70,70.0,30,1
SIM-01684,2025-10-08,2025-12-20,6.3,5,8.68,3.93,150,95,63.33,45,1
SIM-01684,2025-12-10,2025-12-20,6.69,5,8.62,4.02,200,130,65.0,60,1
SIM-01685,2025-05-15,2025-12-20,9.92,5,13.63,6.31,50,40,80.0,15,1
SIM-01685,2025-07-27,2025-12-20,9.21,5,11.86,7.63,100,80,80.0,30,1
SIM-01685,2025-10-08,2025-12-20,8.62,5,12.33,5.81,150,115,76.67,45,1
SIM-01685,2025-12-10,2025-12-20,6.78,5,11.1,3.99,200,165,82.5,60,1
SIM-01686,2025-05-15,2025-12-20,9.61,5,13.82,6.06,50,50,100.0,15,1
SIM-01686,2025-07-27,2025-12-20,8.92,5,11.82,5.64,100,90,90.0,30,1
SIM-01686,2025-10-08,2025-12-20,6.92,5,11.82,1.58,150,145,96.67,45,1
SIM-01686,2025-12-10,2025-12-20,8.27,5,12.55,0.0,200,200,100.0,60,1
SIM-01687,2025-05-15,2025-12-20,11.5,5,13.88,9.11,50,40,80.0,15,1
SIM-01687,2025-07-27,2025-12-20,10.89,5,12.43,8.69,100,80,80.0,30,1
SIM-01687,2025-10-08,2025-12-20,13.08,5,14.54,12.41,150,110,73.33,45,1
SIM-01687,2025-12-10,2025-12-20,12.69,5,15.28,9.68,200,150,75.0,60,1
SIM-01688,2025-05-15,2025-12-20,12.25,5,15.68,9.55,50,40,80.0,15,0
SIM-01688,2025-07-27,2025-12-20,13.05,5,15.97,10.28,100,90,90.0,30,0
SIM-01688,2025-10-08,2025-12-20,14.56,5,16.23,10.65,150,130,86.67,45,0
SIM-01688,2025-12-10,2025-12-20,15.41,5,19.03,13.1,200,185,92.5,60,0
SIM-01689,2025-05-15,2025-12-20,12.31,5,13.88,9.99,50,45,90.0,15,0
SIM-01689,2025-07-27,2025-12-20,15.6,5,17.57,12.1,100,90,90.0,30,0
SIM-01689,2025-10-08,2025-12-20,17.33,5,20.0,13.84,150,150,100.0,45,0
SIM-01689,2025-12-10,2025-12-20,18.3,5,20.0,14.64,200,195,97.5,60,0
SIM-01690,2025-05-15,2025-12-20,11.13,5,13.1,9.72,50,40,80.0,15,0
SIM-01690,2025-07-27,2025-12-20,10.79,5,14.81,8.24,100,85,85.0,30,0
SIM-01690,2025-10-08,2025-12-20,13.82,5,16.62,8.91,150,135,90.0,45,0
SIM-01690,2025-12-10,2025-12-20,13.06,5,15.36,11.83,200,170,85.0,60,0
SIM-01691,2025-05-15,2025-12-20,10.98,5,15.1,7.78,50,35,70.0,15,1
SIM-01691,2025-07-27,2025-12-20,10.99,5,14.58,8.23,100,70,70.0,30,1
SIM-01691,2025-10-08,2025-12-20,9.08,5,13.11,7.13,150,110,73.33,45,1
SIM-01691,2025-12-10,2025-12-20,10.59,5,15.13,8.9,200,140,70.0,60,1
SIM-01692,2025-05-15,2025-12-20,9.63,5,11.56,8.29,50,45,90.0,15,1
SIM-01692,2025-07-27,2025-12-20,10.78,5,14.12,7.19,100,85,85.0,30,1
SIM-01692,2025-10-08,2025-12-20,9.68,5,12.6,5.69,150,120,80.0,45,1
SIM-01692,2025-12-10,2025-12-20,10.04,5,11.99,5.15,200,170,85.0,60,1
SIM-01693,2025-05-15,2025-12-20,10.79,5,12.73,9.21,50,35,70.0,15,1
SIM-01693,2025-07-27,2025-12-20,10.7,5,12.96,8.75,100,80,80.0,30,1
SIM-01693,2025-10-08,2025-12-20,11.3,5,14.06,7.56,150,115,76.67,45,1
SIM-01693,2025-12-10,2025-12-20,10.04,5,15.41,3.41,200,155,77.5,60,1
SIM-01694,2025-05-15,2025-12-20,10.05,5,12.05,6.59,50,45,90.0,15,1
SIM-01694,2025-07-27,2025-12-20,10.71,5,11.71,10.23,100,80,80.0,30,1
SIM-01694,2025-10-08,2025-12-20,11.04,5,14.35,6.38,150,125,83.33,45,1
SIM-01694,2025-12-10,2025-12-20,11.31,5,13.66,9.03,200,160,80.0,60,1
SIM-01695,2025-05-15,2025-12-20,11.25,5,13.32,10.46,50,40,80.0,15,1
SIM-01695,2025-07-27,2025-12-20,12.76,5,16.96,8.54,100,80,80.0,30,1
SIM-01695,2025-10-08,2025-12-20,12.38,5,15.57,10.32,150,115,76.67,45,1
SIM-01695,2025-12-10,2025-12-20,13.96,5,18.92,11.47,200,165,82.5,60,1
SIM-01696,2025-05-15,2025-12-20,10.53,5,13.07,8.26,50,40,80.0,15,1
SIM-01696,2025-07-27,2025-12-20,11.89,5,12.85,10.93,100,75,75.0,30,1
SIM-01696,2025-10-08,2025-12-20,12.79,5,14.92,9.41,150,130,86.67,45,1
SIM-01696,2025-12-10,2025-12-20,13.82,5,18.52,8.94,200,160,80.0,60,1
SIM-01697,2025-05-15,2025-12-20,9.86,5,10.92,8.68,50,35,70.0,15,1
SIM-01697,2025-07-27,2025-12-20,11.18,5,13.15,7.49,100,85,85.0,30,1
SIM-01697,2025-10-08,2025-12-20,9.61,5,11.46,8.4,150,120,80.0,45,1
SIM-01697,2025-12-10,2025-12-20,11.1,5,12.07,9.21,200,155,77.5,60,1
SIM-01698,2025-05-15,2025-12-20,11.2,5,12.78,8.97,50,35,70.0,15,0
SIM-01698,2025-07-27,2025-12-20,13.12,5,15.64,7.91,100,65,65.0,30,0
SIM-01698,2025-10-08,2025-12-20,11.83,5,13.93,10.3,150,105,70.0,45,0
SIM-01698,2025-12-10,2025-12-20,13.37,5,17.13,9.04,200,135,67.5,60,0
SIM-01699,2025-05-15,2025-12-20,11.25,5,13.46,7.72,50,45,90.0,15,1
SIM-01699,2025-07-27,2025-12-20,12.27,5,14.2,7.83,100,90,90.0,30,1
SIM-01699,2025-10-08,2025-12-20,13.96,5,20.0,11.63,150,145,96.67,45,1
SIM-01699,2025-12-10,2025-12-20,15.13,5,19.14,9.96,200,175,87.5,60,1
SIM-01700,2025-05-15,2025-12-20,11.11,5,12.99,10.06,50,35,70.0,15,1
SIM-01700,2025-07-27,2025-12-20,11.8,5,13.25,8.78,100,65,65.0,30,1
SIM-01700,2025-10-08,2025-12-20,12.24,5,15.27,7.61,150,95,63.33,45,1
SIM-01700,2025-12-10,2025-12-20,12.89,5,17.11,10.52,200,140,70.0,60,1
SIM-01701,2025-05-15,2025-12-20,11.12,5,14.01,7.16,50,35,70.0,15,1
SIM-01701,2025-07-27,2025-12-20,10.88,5,12.09,9.82,100,70,70.0,30,1
SIM-01701,2025-10-08,2025-12-20,11.55,5,14.94,7.01,150,110,73.33,45,1
SIM-01701,2025-12-10,2025-12-20,10.03,5,12.05,8.28,200,150,75.0,60,1
SIM-01702,2025-05-15,2025-12-20,11.98,5,14.51,8.23,50,40,80.0,15,0
SIM-01702,2025-07-27,2025-12-20,11.96,5,13.61,9.78,100,80,80.0,30,0
SIM-01702,2025-10-08,2025-12-20,16.4,5,20.0,12.74,150,110,73.33,45,0
SIM-01702,2025-12-10,2025-12-20,16.73,5,20.0,13.53,200,160,80.0,60,0
SIM-01703,2025-05-15,2025-12-20,11.11,5,15.11,6.98,50,40,80.0,15,0
SIM-01703,2025-07-27,2025-12-20,13.51,5,15.9,10.55,100,90,90.0,30,0
SIM-01703,2025-10-08,2025-12-20,14.19,5,16.42,11.07,150,130,86.67,45,0
SIM-01703,2025-12-10,2025-12-20,15.86,5,17.68,14.04,200,165,82.5,60,0
SIM-01704,2025-05-15,2025-12-20,11.83,5,12.76,11.07,50,45,90.0,15,0
SIM-01704,2025-07-27,2025-12-20,15.78,5,17.06,14.07,100,95,95.0,30,0
SIM-01704,2025-10-08,2025-12-20,16.26,5,17.45,14.97,150,130,86.67,45,0
SIM-01704,2025-12-10,2025-12-20,18.8,5,20.0,16.85,200,185,92.5,60,0
SIM-01705,2025-05-15,2025-12-20,9.89,5,11.91,7.79,50,35,70.0,15,1
SIM-01705,2025-07-27,2025-12-20,9.57,5,13.21,6.01,100,75,75.0,30,1
SIM-01705,2025-10-08,2025-12-20,9.18,5,14.16,4.9,150,125,83.33,45,1
SIM-01705,2025-12-10,2025-12-20,7.87,5,12.4,3.59,200,145,72.5,60,1
SIM-01706,2025-05-15,2025-12-20,9.12,5,12.58,6.07,50,40,80.0,15,1
SIM-01706,2025-07-27,2025-12-20,9.26,5,15.4,4.95,100,75,75.0,30,1
SIM-01706,2025-10-08,2025-12-20,9.49,5,14.46,4.63,150,115,76.67,45,1
SIM-01706,2025-12-10,2025-12-20,8.07,5,15.09,2.84,200,160,80.0,60,1
SIM-01707,2025-05-15,2025-12-20,12.17,5,16.87,5.94,50,35,70.0,15,1
SIM-01707,2025-07-27,2025-12-20,12.65,5,16.91,9.74,100,75,75.0,30,1
SIM-01707,2025-10-08,2025-12-20,13.23,5,18.35,6.46,150,120,80.0,45,1
SIM-01707,2025-12-10,2025-12-20,14.4,5,19.68,9.64,200,150,75.0,60,1
SIM-01708,2025-05-15,2025-12-20,9.31,5,13.5,6.29,50,25,50.0,15,1
SIM-01708,2025-07-27,2025-12-20,10.39,5,11.76,8.24,100,50,50.0,30,1
SIM-01708,2025-10-08,2025-12-20,6.32,5,9.07,2.97,150,70,46.67,45,1
SIM-01708,2025-12-10,2025-12-20,7.7,5,11.66,4.73,200,100,50.0,60,1
SIM-01709,2025-05-15,2025-12-20,12.47,5,15.39,10.33,50,45,90.0,15,1
SIM-01709,2025-07-27,2025-12-20,9.65,5,11.71,8.2,100,85,85.0,30,1
SIM-01709,2025-10-08,2025-12-20,11.39,5,14.04,8.98,150,125,83.33,45,1
SIM-01709,2025-12-10,2025-12-20,11.65,5,13.38,8.13,200,170,85.0,60,1
SIM-01710,2025-05-15,2025-12-20,10.23,5,11.7,8.47,50,40,80.0,15,1
SIM-01710,2025-07-27,2025-12-20,8.72,5,10.61,6.85,100,85,85.0,30,1
SIM-01710,2025-10-08,2025-12-20,10.01,5,11.88,8.98,150,125,83.33,45,1
SIM-01710,2025-12-10,2025-12-20,9.67,5,14.92,6.41,200,175,87.5,60,1
SIM-01711,2025-05-15,2025-12-20,10.22,5,13.05,7.83,50,45,90.0,15,0
SIM-01711,2025-07-27,2025-12-20,12.44,5,14.27,10.09,100,100,100.0,30,0
SIM-01711,2025-10-08,2025-12-20,14.49,5,18.05,8.98,150,150,100.0,45,0
SIM-01711,2025-12-10,2025-12-20,16.47,5,19.69,13.55,200,180,90.0,60,0
SIM-01712,2025-05-15,2025-12-20,11.07,5,13.09,9.54,50,15,30.0,15,1
SIM-01712,2025-07-27,2025-12-20,12.58,5,16.28,8.26,100,35,35.0,30,1
SIM-01712,2025-10-08,2025-12-20,13.81,5,18.94,10.79,150,55,36.67,45,1
SIM-01712,2025-12-10,2025-12-20,12.72,5,16.6,10.38,200,70,35.0,60,1
SIM-01713,2025-05-15,2025-12-20,11.51,5,13.53,6.8,50,40,80.0,15,0
SIM-01713,2025-07-27,2025-12-20,12.59,5,16.36,10.66,100,80,80.0,30,0
SIM-01713,2025-10-08,2025-12-20,11.59,5,12.48,10.55,150,135,90.0,45,0
SIM-01713,2025-12-10,2025-12-20,15.02,5,19.84,13.53,200,165,82.5,60,0
SIM-01714,2025-05-15,2025-12-20,12.29,5,13.5,11.33,50,50,100.0,15,0
SIM-01714,2025-07-27,2025-12-20,11.43,5,14.04,7.21,100,100,100.0,30,0
SIM-01714,2025-10-08,2025-12-20,15.21,5,16.87,12.77,150,150,100.0,45,0
SIM-01714,2025-12-10,2025-12-20,14.32,5,18.72,10.94,200,200,100.0,60,0
SIM-01715,2025-05-15,2025-12-20,11.15,5,14.14,8.65,50,45,90.0,15,1
SIM-01715,2025-07-27,2025-12-20,12.0,5,17.54,9.07,100,95,95.0,30,1
SIM-01715,2025-10-08,2025-12-20,11.99,5,15.18,9.85,150,135,90.0,45,1
SIM-01715,2025-12-10,2025-12-20,11.52,5,14.63,6.72,200,185,92.5,60,1
SIM-01716,2025-05-15,2025-12-20,9.84,5,11.17,7.67,50,35,70.0,15,1
SIM-01716,2025-07-27,2025-12-20,9.75,5,11.68,6.68,100,75,75.0,30,1
SIM-01716,2025-10-08,2025-12-20,10.2,5,12.68,5.46,150,100,66.67,45,1
SIM-01716,2025-12-10,2025-12-20,9.05,5,12.33,4.98,200,145,72.5,60,1
SIM-01717,2025-05-15,2025-12-20,10.65,5,12.61,5.35,50,40,80.0,15,0
SIM-01717,2025-07-27,2025-12-20,11.91,5,14.05,8.16,100,75,75.0,30,0
SIM-01717,2025-10-08,2025-12-20,13.11,5,15.96,8.94,150,110,73.33,45,0
SIM-01717,2025-12-10,2025-12-20,14.25,5,20.0,10.57,200,155,77.5,60,0
SIM-01718,2025-05-15,2025-12-20,12.38,5,13.89,11.26,50,40,80.0,15,0
SIM-01718,2025-07-27,2025-12-20,15.49,5,19.25,11.89,100,75,75.0,30,0
SIM-01718,2025-10-08,2025-12-20,14.85,5,20.0,12.11,150,120,80.0,45,0
SIM-01718,2025-12-10,2025-12-20,17.58,5,20.0,15.04,200,165,82.5,60,0
SIM-01719,2025-05-15,2025-12-20,9.58,5,11.87,6.35,50,45,90.0,15,1
SIM-01719,2025-07-27,2025-12-20,11.38,5,13.82,9.28,100,95,95.0,30,1
SIM-01719,2025-10-08,2025-12-20,11.47,5,15.06,7.73,150,140,93.33,45,1
SIM-01719,2025-12-10,2025-12-20,12.03,5,13.93,8.61,200,180,90.0,60,1
SIM-01720,2025-05-15,2025-12-20,11.35,5,14.52,7.46,50,30,60.0,15,0
SIM-01720,2025-07-27,2025-12-20,12.95,5,13.71,12.46,100,65,65.0,30,0
SIM-01720,2025-10-08,2025-12-20,13.65,5,17.53,9.41,150,100,66.67,45,0
SIM-01720,2025-12-10,2025-12-20,14.36,5,16.37,12.42,200,140,70.0,60,0
SIM-01721,2025-05-15,2025-12-20,11.27,5,12.69,9.82,50,35,70.0,15,0
SIM-01721,2025-07-27,2025-12-20,13.27,5,16.0,11.26,100,75,75.0,30,0
SIM-01721,2025-10-08,2025-12-20,14.13,5,16.12,10.57,150,115,76.67,45,0
SIM-01721,2025-12-10,2025-12-20,13.75,5,16.04,11.08,200,150,75.0,60,0
SIM-01722,2025-05-15,2025-12-20,11.62,5,12.48,10.33,50,50,100.0,15,1
SIM-01722,2025-07-27,2025-12-20,10.55,5,11.86,9.3,100,90,90.0,30,1
SIM-01722,2025-10-08,2025-12-20,11.61,5,13.35,10.19,150,140,93.33,45,1
SIM-01722,2025-12-10,2025-12-20,11.47,5,14.89,8.38,200,195,97.5,60,1
SIM-01723,2025-05-15,2025-12-20,11.56,5,14.07,9.22,50,30,60.0,15,0
SIM-01723,2025-07-27,2025-12-20,13.65,5,15.66,11.19,100,60,60.0,30,0
SIM-01723,2025-10-08,2025-12-20,13.82,5,14.9,11.9,150,90,60.0,45,0
SIM-01723,2025-12-10,2025-12-20,15.63,5,18.82,12.43,200,130,65.0,60,0
SIM-01724,2025-05-15,2025-12-20,11.21,5,13.09,8.59,50,45,90.0,15,1
SIM-01724,2025-07-27,2025-12-20,12.25,5,14.22,10.23,100,95,95.0,30,1
SIM-01724,2025-10-08,2025-12-20,13.56,5,18.76,9.35,150,145,96.67,45,1
SIM-01724,2025-12-10,2025-12-20,11.0,5,15.5,6.48,200,190,95.0,60,1
SIM-01725,2025-05-15,2025-12-20,11.4,5,12.9,9.45,50,35,70.0,15,1
SIM-01725,2025-07-27,2025-12-20,11.62,5,13.31,8.83,100,75,75.0,30,1
SIM-01725,2025-10-08,2025-12-20,10.29,5,13.06,5.97,150,115,76.67,45,1
SIM-01725,2025-12-10,2025-12-20,11.59,5,12.33,11.07,200,135,67.5,60,1
SIM-01726,2025-05-15,2025-12-20,9.98,5,12.06,7.44,50,40,80.0,15,1
SIM-01726,2025-07-27,2025-12-20,9.02,5,11.14,6.27,100,80,80.0,30,1
SIM-01726,2025-10-08,2025-12-20,8.84,5,13.22,3.91,150,110,73.33,45,1
SIM-01726,2025-12-10,2025-12-20,6.81,5,9.72,4.05,200,160,80.0,60,1
SIM-01727,2025-05-15,2025-12-20,9.76,5,12.71,8.11,50,45,90.0,15,1
SIM-01727,2025-07-27,2025-12-20,12.88,5,15.03,10.52,100,95,95.0,30,1
SIM-01727,2025-10-08,2025-12-20,11.85,5,14.55,8.68,150,135,90.0,45,1
SIM-01727,2025-12-10,2025-12-20,13.79,5,17.55,11.21,200,185,92.5,60,1
SIM-01728,2025-05-15,2025-12-20,12.38,5,15.09,10.03,50,40,80.0,15,0
SIM-01728,2025-07-27,2025-12-20,14.92,5,16.97,12.38,100,85,85.0,30,0
SIM-01728,2025-10-08,2025-12-20,15.43,5,17.98,13.3,150,145,96.67,45,0
SIM-01728,2025-12-10,2025-12-20,15.44,5,16.75,12.94,200,170,85.0,60,0
SIM-01729,2025-05-15,2025-12-20,12.95,5,18.2,9.08,50,25,50.0,15,0
SIM-01729,2025-07-27,2025-12-20,14.73,5,18.14,12.35,100,45,45.0,30,0
SIM-01729,2025-10-08,2025-12-20,17.34,5,19.71,14.52,150,70,46.67,45,0
SIM-01729,2025-12-10,2025-12-20,17.45,5,20.0,13.9,200,95,47.5,60,0
SIM-01730,2025-05-15,2025-12-20,12.78,5,16.22,9.4,50,40,80.0,15,0
SIM-01730,2025-07-27,2025-12-20,15.01,5,16.28,13.7,100,85,85.0,30,0
SIM-01730,2025-10-08,2025-12-20,17.33,5,19.53,14.26,150,125,83.33,45,0
SIM-01730,2025-12-10,2025-12-20,17.71,5,20.0,15.96,200,170,85.0,60,0
SIM-01731,2025-05-15,2025-12-20,12.85,5,14.65,10.17,50,25,50.0,15,0
SIM-01731,2025-07-27,2025-12-20,14.17,5,15.27,13.04,100,50,50.0,30,0
SIM-01731,2025-10-08,2025-12-20,16.17,5,18.5,14.39,150,65,43.33,45,0
SIM-01731,2025-12-10,2025-12-20,19.18,5,20.0,17.39,200,90,45.0,60,0
SIM-01732,2025-05-15,2025-12-20,11.36,5,12.85,9.47,50,30,60.0,15,1
SIM-01732,2025-07-27,2025-12-20,8.77,5,12.31,6.91,100,65,65.0,30,1
SIM-01732,2025-10-08,2025-12-20,9.07,5,11.31,5.43,150,95,63.33,45,1
SIM-01732,2025-12-10,2025-12-20,6.81,5,8.85,4.05,200,140,70.0,60,1
SIM-01733,2025-05-15,2025-12-20,11.02,5,14.7,6.19,50,30,60.0,15,1
SIM-01733,2025-07-27,2025-12-20,9.45,5,12.8,6.46,100,70,70.0,30,1
SIM-01733,2025-10-08,2025-12-20,11.08,5,13.88,9.64,150,100,66.67,45,1
SIM-01733,2025-12-10,2025-12-20,9.46,5,13.09,7.87,200,125,62.5,60,1
SIM-01734,2025-05-15,2025-12-20,12.95,5,15.92,10.64,50,30,60.0,15,0
SIM-01734,2025-07-27,2025-12-20,14.88,5,17.13,12.44,100,65,65.0,30,0
SIM-01734,2025-10-08,2025-12-20,16.41,5,20.0,12.37,150,90,60.0,45,0
SIM-01734,2025-12-10,2025-12-20,18.41,5,20.0,15.72,200,135,67.5,60,0
SIM-01735,2025-05-15,2025-12-20,10.18,5,13.01,7.82,50,40,80.0,15,1
SIM-01735,2025-07-27,2025-12-20,9.19,5,12.65,6.77,100,85,85.0,30,1
SIM-01735,2025-10-08,2025-12-20,9.55,5,13.78,4.5,150,120,80.0,45,1
SIM-01735,2025-12-10,2025-12-20,7.31,5,9.42,4.14,200,160,80.0,60,1
SIM-01736,2025-05-15,2025-12-20,11.22,5,12.76,8.17,50,45,90.0,15,1
SIM-01736,2025-07-27,2025-12-20,9.99,5,15.0,6.32,100,100,100.0,30,1
SIM-01736,2025-10-08,2025-12-20,10.69,5,13.27,6.73,150,150,100.0,45,1
SIM-01736,2025-12-10,2025-12-20,11.31,5,15.54,6.39,200,190,95.0,60,1
SIM-01737,2025-05-15,2025-12-20,11.14,5,13.64,8.63,50,40,80.0,15,1
SIM-01737,2025-07-27,2025-12-20,11.71,5,13.63,8.38,100,85,85.0,30,1
SIM-01737,2025-10-08,2025-12-20,11.91,5,13.7,9.45,150,125,83.33,45,1
SIM-01737,2025-12-10,2025-12-20,12.61,5,16.51,7.3,200,175,87.5,60,1
SIM-01738,2025-05-15,2025-12-20,13.9,5,17.09,10.58,50,30,60.0,15,0
SIM-01738,2025-07-27,2025-12-20,13.86,5,15.0,12.65,100,65,65.0,30,0
SIM-01738,2025-10-08,2025-12-20,14.89,5,19.18,8.23,150,85,56.67,45,0
SIM-01738,2025-12-10,2025-12-20,15.83,5,19.36,12.65,200,110,55.0,60,0
SIM-01739,2025-05-15,2025-12-20,11.91,5,12.81,9.12,50,40,80.0,15,0
SIM-01739,2025-07-27,2025-12-20,11.59,5,12.69,10.74,100,80,80.0,30,0
SIM-01739,2025-10-08,2025-12-20,13.52,5,16.16,11.23,150,110,73.33,45,0
SIM-01739,2025-12-10,2025-12-20,13.8,5,17.92,9.45,200,160,80.0,60,0
SIM-01740,2025-05-15,2025-12-20,11.36,5,13.2,10.01,50,50,100.0,15,0
SIM-01740,2025-07-27,2025-12-20,12.41,5,15.08,8.91,100,95,95.0,30,0
SIM-01740,2025-10-08,2025-12-20,14.09,5,17.26,10.03,150,145,96.67,45,0
SIM-01740,2025-12-10,2025-12-20,14.69,5,18.93,11.71,200,185,92.5,60,0
SIM-01741,2025-05-15,2025-12-20,10.82,5,12.95,8.97,50,50,100.0,15,1
SIM-01741,2025-07-27,2025-12-20,10.32,5,13.41,8.03,100,100,100.0,30,1
SIM-01741,2025-10-08,2025-12-20,8.95,5,10.62,6.34,150,145,96.67,45,1
SIM-01741,2025-12-10,2025-12-20,7.44,5,9.26,6.31,200,190,95.0,60,1
SIM-01742,2025-05-15,2025-12-20,8.79,5,9.69,8.14,50,35,70.0,15,1
SIM-01742,2025-07-27,2025-12-20,8.37,5,10.8,7.16,100,70,70.0,30,1
SIM-01742,2025-10-08,2025-12-20,9.0,5,10.93,6.76,150,110,73.33,45,1
SIM-01742,2025-12-10,2025-12-20,8.27,5,10.4,5.74,200,145,72.5,60,1
SIM-01743,2025-05-15,2025-12-20,11.2,5,12.47,10.52,50,35,70.0,15,1
SIM-01743,2025-07-27,2025-12-20,10.31,5,14.26,5.9,100,65,65.0,30,1
SIM-01743,2025-10-08,2025-12-20,10.12,5,13.3,7.28,150,105,70.0,45,1
SIM-01743,2025-12-10,2025-12-20,10.54,5,13.93,6.72,200,135,67.5,60,1
SIM-01744,2025-05-15,2025-12-20,8.76,5,10.95,4.55,50,45,90.0,15,1
SIM-01744,2025-07-27,2025-12-20,7.19,5,9.58,2.78,100,95,95.0,30,1
SIM-01744,2025-10-08,2025-12-20,4.78,5,6.94,3.15,150,135,90.0,45,1
SIM-01744,2025-12-10,2025-12-20,6.5,5,8.05,3.83,200,195,97.5,60,1
SIM-01745,2025-05-15,2025-12-20,11.31,5,12.96,9.98,50,45,90.0,15,0
SIM-01745,2025-07-27,2025-12-20,12.85,5,15.21,11.08,100,90,90.0,30,0
SIM-01745,2025-10-08,2025-12-20,13.9,5,16.79,12.38,150,135,90.0,45,0
SIM-01745,2025-12-10,2025-12-20,14.49,5,17.61,9.8,200,190,95.0,60,0
SIM-01746,2025-05-15,2025-12-20,8.61,5,11.47,5.51,50,45,90.0,15,1
SIM-01746,2025-07-27,2025-12-20,10.38,5,11.86,9.51,100,100,100.0,30,1
SIM-01746,2025-10-08,2025-12-20,8.68,5,10.49,7.01,150,140,93.33,45,1
SIM-01746,2025-12-10,2025-12-20,7.96,5,11.58,2.61,200,200,100.0,60,1
SIM-01747,2025-05-15,2025-12-20,11.54,5,15.61,8.53,50,40,80.0,15,0
SIM-01747,2025-07-27,2025-12-20,12.44,5,16.2,9.75,100,75,75.0,30,0
SIM-01747,2025-10-08,2025-12-20,12.35,5,14.77,10.36,150,115,76.67,45,0
SIM-01747,2025-12-10,2025-12-20,13.18,5,18.89,10.12,200,155,77.5,60,0
SIM-01748,2025-05-15,2025-12-20,10.77,5,12.42,8.14,50,25,50.0,15,0
SIM-01748,2025-07-27,2025-12-20,11.32,5,11.74,10.63,100,50,50.0,30,0
SIM-01748,2025-10-08,2025-12-20,13.48,5,15.03,10.79,150,85,56.67,45,0
SIM-01748,2025-12-10,2025-12-20,13.38,5,18.69,10.34,200,105,52.5,60,0
SIM-01749,2025-05-15,2025-12-20,10.93,5,13.22,8.18,50,35,70.0,15,1
SIM-01749,2025-07-27,2025-12-20,10.93,5,13.93,8.19,100,80,80.0,30,1
SIM-01749,2025-10-08,2025-12-20,10.92,5,15.48,6.64,150,115,76.67,45,1
SIM-01749,2025-12-10,2025-12-20,11.04,5,16.59,7.92,200,145,72.5,60,1
SIM-01750,2025-05-15,2025-12-20,12.04,5,15.11,10.55,50,40,80.0,15,0
SIM-01750,2025-07-27,2025-12-20,11.96,5,14.78,9.94,100,75,75.0,30,0
SIM-01750,2025-10-08,2025-12-20,12.34,5,16.59,10.06,150,120,80.0,45,0
SIM-01750,2025-12-10,2025-12-20,14.09,5,17.67,10.86,200,160,80.0,60,0
SIM-01751,2025-05-15,2025-12-20,11.46,5,12.41,10.44,50,25,50.0,15,0
SIM-01751,2025-07-27,2025-12-20,12.87,5,14.6,10.78,100,45,45.0,30,0
SIM-01751,2025-10-08,2025-12-20,12.19,5,15.64,9.8,150,80,53.33,45,0
SIM-01751,2025-12-10,2025-12-20,12.63,5,17.2,9.37,200,105,52.5,60,0
SIM-01752,2025-05-15,2025-12-20,12.4,5,13.53,10.82,50,45,90.0,15,0
SIM-01752,2025-07-27,2025-12-20,12.43,5,15.53,10.53,100,95,95.0,30,0
SIM-01752,2025-10-08,2025-12-20,12.86,5,15.58,10.5,150,135,90.0,45,0
SIM-01752,2025-12-10,2025-12-20,13.91,5,16.42,11.48,200,190,95.0,60,0
SIM-01753,2025-05-15,2025-12-20,12.61,5,14.58,11.13,50,45,90.0,15,1
SIM-01753,2025-07-27,2025-12-20,14.08,5,16.39,11.69,100,90,90.0,30,1
SIM-01753,2025-10-08,2025-12-20,15.24,5,18.4,11.51,150,130,86.67,45,1
SIM-01753,2025-12-10,2025-12-20,14.39,5,17.69,9.3,200,175,87.5,60,1
SIM-01754,2025-05-15,2025-12-20,12.01,5,14.87,10.47,50,40,80.0,15,0
SIM-01754,2025-07-27,2025-12-20,14.23,5,16.5,12.43,100,80,80.0,30,0
SIM-01754,2025-10-08,2025-12-20,14.82,5,17.25,13.21,150,110,73.33,45,0
SIM-01754,2025-12-10,2025-12-20,17.08,5,20.0,14.52,200,155,77.5,60,0
SIM-01755,2025-05-15,2025-12-20,13.29,5,14.46,11.08,50,45,90.0,15,1
SIM-01755,2025-07-27,2025-12-20,11.35,5,14.35,8.55,100,80,80.0,30,1
SIM-01755,2025-10-08,2025-12-20,12.11,5,14.26,9.49,150,120,80.0,45,1
SIM-01755,2025-12-10,2025-12-20,11.68,5,15.45,7.91,200,170,85.0,60,1
SIM-01756,2025-05-15,2025-12-20,11.08,5,12.07,10.33,50,45,90.0,15,1
SIM-01756,2025-07-27,2025-12-20,9.54,5,13.33,5.4,100,90,90.0,30,1
SIM-01756,2025-10-08,2025-12-20,10.06,5,15.3,4.57,150,125,83.33,45,1
SIM-01756,2025-12-10,2025-12-20,8.5,5,11.79,2.06,200,165,82.5,60,1
SIM-01757,2025-05-15,2025-12-20,11.54,5,13.2,10.0,50,40,80.0,15,0
SIM-01757,2025-07-27,2025-12-20,10.89,5,12.38,9.1,100,80,80.0,30,0
SIM-01757,2025-10-08,2025-12-20,13.39,5,16.61,10.06,150,125,83.33,45,0
SIM-01757,2025-12-10,2025-12-20,12.42,5,16.44,9.85,200,155,77.5,60,0
SIM-01758,2025-05-15,2025-12-20,12.21,5,14.54,10.64,50,45,90.0,15,0
SIM-01758,2025-07-27,2025-12-20,14.02,5,16.64,11.68,100,80,80.0,30,0
SIM-01758,2025-10-08,2025-12-20,12.74,5,14.69,11.16,150,130,86.67,45,0
SIM-01758,2025-12-10,2025-12-20,14.33,5,18.31,10.23,200,165,82.5,60,0
SIM-01759,2025-05-15,2025-12-20,11.36,5,13.9,8.51,50,45,90.0,15,0
SIM-01759,2025-07-27,2025-12-20,13.72,5,16.61,9.65,100,95,95.0,30,0
SIM-01759,2025-10-08,2025-12-20,15.55,5,18.88,10.26,150,140,93.33,45,0
SIM-01759,2025-12-10,2025-12-20,16.61,5,20.0,12.48,200,175,87.5,60,0
SIM-01760,2025-05-15,2025-12-20,11.33,5,14.65,8.78,50,40,80.0,15,0
SIM-01760,2025-07-27,2025-12-20,12.82,5,15.09,10.93,100,80,80.0,30,0
SIM-01760,2025-10-08,2025-12-20,13.15,5,16.02,9.82,150,135,90.0,45,0
SIM-01760,2025-12-10,2025-12-20,14.04,5,19.03,9.74,200,185,92.5,60,0
SIM-01761,2025-05-15,2025-12-20,11.82,5,14.85,8.45,50,40,80.0,15,1
SIM-01761,2025-07-27,2025-12-20,12.91,5,17.79,10.4,100,80,80.0,30,1
SIM-01761,2025-10-08,2025-12-20,11.5,5,12.44,10.03,150,120,80.0,45,1
SIM-01761,2025-12-10,2025-12-20,12.45,5,14.85,10.4,200,165,82.5,60,1
SIM-01762,2025-05-15,2025-12-20,11.64,5,14.32,9.02,50,40,80.0,15,0
SIM-01762,2025-07-27,2025-12-20,16.15,5,18.53,13.21,100,85,85.0,30,0
SIM-01762,2025-10-08,2025-12-20,16.89,5,19.71,12.18,150,135,90.0,45,0
SIM-01762,2025-12-10,2025-12-20,17.47,5,19.4,15.29,200,155,77.5,60,0
SIM-01763,2025-05-15,2025-12-20,11.92,5,14.66,6.81,50,35,70.0,15,0
SIM-01763,2025-07-27,2025-12-20,12.56,5,14.44,10.86,100,70,70.0,30,0
SIM-01763,2025-10-08,2025-12-20,14.33,5,19.48,9.58,150,120,80.0,45,0
SIM-01763,2025-12-10,2025-12-20,12.99,5,15.53,9.97,200,155,77.5,60,0
SIM-01764,2025-05-15,2025-12-20,11.18,5,13.26,9.57,50,40,80.0,15,0
SIM-01764,2025-07-27,2025-12-20,13.05,5,15.65,11.05,100,80,80.0,30,0
SIM-01764,2025-10-08,2025-12-20,13.72,5,16.14,10.34,150,105,70.0,45,0
SIM-01764,2025-12-10,2025-12-20,13.63,5,16.49,9.96,200,150,75.0,60,0
SIM-01765,2025-05-15,2025-12-20,11.17,5,12.79,8.74,50,45,90.0,15,1
SIM-01765,2025-07-27,2025-12-20,10.69,5,14.48,8.43,100,100,100.0,30,1
SIM-01765,2025-10-08,2025-12-20,8.57,5,11.19,5.77,150,145,96.67,45,1
SIM-01765,2025-12-10,2025-12-20,10.62,5,14.95,7.67,200,200,100.0,60,1
SIM-01766,2025-05-15,2025-12-20,9.92,5,11.98,7.75,50,30,60.0,15,1
SIM-01766,2025-07-27,2025-12-20,11.8,5,14.87,8.74,100,70,70.0,30,1
SIM-01766,2025-10-08,2025-12-20,10.15,5,11.39,8.59,150,110,73.33,45,1
SIM-01766,2025-12-10,2025-12-20,13.56,5,15.5,10.91,200,135,67.5,60,1
SIM-01767,2025-05-15,2025-12-20,10.76,5,12.67,8.32,50,30,60.0,15,1
SIM-01767,2025-07-27,2025-12-20,11.82,5,14.89,9.36,100,65,65.0,30,1
SIM-01767,2025-10-08,2025-12-20,12.15,5,15.96,9.39,150,100,66.67,45,1
SIM-01767,2025-12-10,2025-12-20,11.66,5,16.62,8.78,200,120,60.0,60,1
SIM-01768,2025-05-15,2025-12-20,12.06,5,13.18,10.83,50,45,90.0,15,1
SIM-01768,2025-07-27,2025-12-20,11.06,5,11.75,9.64,100,95,95.0,30,1
SIM-01768,2025-10-08,2025-12-20,10.65,5,13.32,8.89,150,135,90.0,45,1
SIM-01768,2025-12-10,2025-12-20,10.16,5,12.14,8.06,200,190,95.0,60,1
SIM-01769,2025-05-15,2025-12-20,12.07,5,13.06,11.37,50,45,90.0,15,1
SIM-01769,2025-07-27,2025-12-20,11.33,5,13.62,8.58,100,80,80.0,30,1
SIM-01769,2025-10-08,2025-12-20,13.11,5,18.11,10.27,150,135,90.0,45,1
SIM-01769,2025-12-10,2025-12-20,14.82,5,19.28,12.04,200,175,87.5,60,1
SIM-01770,2025-05-15,2025-12-20,12.3,5,14.78,10.17,50,35,70.0,15,1
SIM-01770,2025-07-27,2025-12-20,12.34,5,13.96,10.77,100,70,70.0,30,1
SIM-01770,2025-10-08,2025-12-20,12.8,5,15.57,10.18,150,120,80.0,45,1
SIM-01770,2025-12-10,2025-12-20,13.69,5,15.99,9.77,200,150,75.0,60,1
SIM-01771,2025-05-15,2025-12-20,12.76,5,15.17,9.78,50,35,70.0,15,0
SIM-01771,2025-07-27,2025-12-20,14.02,5,16.53,9.26,100,70,70.0,30,0
SIM-01771,2025-10-08,2025-12-20,15.55,5,18.09,11.48,150,115,76.67,45,0
SIM-01771,2025-12-10,2025-12-20,16.98,5,20.0,11.81,200,150,75.0,60,0
SIM-01772,2025-05-15,2025-12-20,10.93,5,14.4,6.76,50,40,80.0,15,0
SIM-01772,2025-07-27,2025-12-20,14.03,5,16.83,12.31,100,80,80.0,30,0
SIM-01772,2025-10-08,2025-12-20,16.05,5,17.51,13.76,150,115,76.67,45,0
SIM-01772,2025-12-10,2025-12-20,13.65,5,17.42,10.97,200,175,87.5,60,0
SIM-01773,2025-05-15,2025-12-20,11.61,5,13.46,9.6,50,45,90.0,15,0
SIM-01773,2025-07-27,2025-12-20,13.03,5,15.26,10.31,100,90,90.0,30,0
SIM-01773,2025-10-08,2025-12-20,15.01,5,16.68,13.8,150,130,86.67,45,0
SIM-01773,2025-12-10,2025-12-20,14.19,5,17.71,12.28,200,185,92.5,60,0
SIM-01774,2025-05-15,2025-12-20,9.56,5,11.45,5.83,50,40,80.0,15,1
SIM-01774,2025-07-27,2025-12-20,11.33,5,13.59,9.16,100,85,85.0,30,1
SIM-01774,2025-10-08,2025-12-20,10.1,5,14.02,5.68,150,135,90.0,45,1
SIM-01774,2025-12-10,2025-12-20,8.69,5,11.56,4.51,200,190,95.0,60,1
SIM-01775,2025-05-15,2025-12-20,11.2,5,14.6,7.59,50,45,90.0,15,1
SIM-01775,2025-07-27,2025-12-20,12.09,5,14.55,7.87,100,90,90.0,30,1
SIM-01775,2025-10-08,2025-12-20,14.02,5,16.13,12.16,150,125,83.33,45,1
SIM-01775,2025-12-10,2025-12-20,14.92,5,18.98,8.92,200,180,90.0,60,1
SIM-01776,2025-05-15,2025-12-20,13.17,5,17.88,10.35,50,45,90.0,15,0
SIM-01776,2025-07-27,2025-12-20,12.99,5,15.25,9.35,100,85,85.0,30,0
SIM-01776,2025-10-08,2025-12-20,13.19,5,15.28,9.5,150,145,96.67,45,0
SIM-01776,2025-12-10,2025-12-20,15.95,5,19.76,9.59,200,175,87.5,60,0
SIM-01777,2025-05-15,2025-12-20,9.86,5,15.04,5.8,50,45,90.0,15,1
SIM-01777,2025-07-27,2025-12-20,10.17,5,14.64,7.39,100,95,95.0,30,1
SIM-01777,2025-10-08,2025-12-20,8.37,5,13.59,5.57,150,130,86.67,45,1
SIM-01777,2025-12-10,2025-12-20,9.81,5,12.07,7.08,200,180,90.0,60,1
SIM-01778,2025-05-15,2025-12-20,12.73,5,15.0,11.5,50,40,80.0,15,1
SIM-01778,2025-07-27,2025-12-20,12.65,5,14.51,9.76,100,95,95.0,30,1
SIM-01778,2025-10-08,2025-12-20,12.95,5,16.02,8.91,150,135,90.0,45,1
SIM-01778,2025-12-10,2025-12-20,12.74,5,15.64,4.91,200,175,87.5,60,1
SIM-01779,2025-05-15,2025-12-20,12.74,5,15.91,9.29,50,50,100.0,15,1
SIM-01779,2025-07-27,2025-12-20,11.18,5,12.1,9.77,100,90,90.0,30,1
SIM-01779,2025-10-08,2025-12-20,13.65,5,15.62,11.96,150,145,96.67,45,1
SIM-01779,2025-12-10,2025-12-20,12.86,5,17.84,8.51,200,190,95.0,60,1
SIM-01780,2025-05-15,2025-12-20,12.38,5,16.69,10.43,50,45,90.0,15,0
SIM-01780,2025-07-27,2025-12-20,15.24,5,16.21,14.26,100,95,95.0,30,0
SIM-01780,2025-10-08,2025-12-20,15.33,5,18.64,12.98,150,140,93.33,45,0
SIM-01780,2025-12-10,2025-12-20,17.62,5,20.0,15.75,200,180,90.0,60,0
SIM-01781,2025-05-15,2025-12-20,11.74,5,15.8,9.33,50,50,100.0,15,0
SIM-01781,2025-07-27,2025-12-20,13.41,5,16.08,10.83,100,100,100.0,30,0
SIM-01781,2025-10-08,2025-12-20,13.65,5,17.58,10.86,150,145,96.67,45,0
SIM-01781,2025-12-10,2025-12-20,16.36,5,18.34,13.61,200,200,100.0,60,0
SIM-01782,2025-05-15,2025-12-20,11.12,5,13.67,8.15,50,45,90.0,15,1
SIM-01782,2025-07-27,2025-12-20,12.0,5,13.7,8.17,100,95,95.0,30,1
SIM-01782,2025-10-08,2025-12-20,12.11,5,17.64,8.0,150,150,100.0,45,1
SIM-01782,2025-12-10,2025-12-20,14.59,5,19.55,11.25,200,195,97.5,60,1
SIM-01783,2025-05-15,2025-12-20,9.93,5,11.93,8.06,50,35,70.0,15,1
SIM-01783,2025-07-27,2025-12-20,9.87,5,12.3,5.1,100,80,80.0,30,1
SIM-01783,2025-10-08,2025-12-20,8.2,5,11.23,5.37,150,110,73.33,45,1
SIM-01783,2025-12-10,2025-12-20,6.1,5,10.69,0.34,200,150,75.0,60,1
SIM-01784,2025-05-15,2025-12-20,10.9,5,13.44,9.08,50,40,80.0,15,1
SIM-01784,2025-07-27,2025-12-20,12.45,5,15.18,10.7,100,75,75.0,30,1
SIM-01784,2025-10-08,2025-12-20,11.0,5,15.92,7.53,150,120,80.0,45,1
SIM-01784,2025-12-10,2025-12-20,9.3,5,12.02,4.78,200,160,80.0,60,1
SIM-01785,2025-05-15,2025-12-20,11.71,5,14.44,9.34,50,45,90.0,15,1
SIM-01785,2025-07-27,2025-12-20,12.87,5,15.74,9.65,100,100,100.0,30,1
SIM-01785,2025-10-08,2025-12-20,13.08,5,17.86,8.08,150,135,90.0,45,1
SIM-01785,2025-12-10,2025-12-20,14.81,5,19.55,7.82,200,190,95.0,60,1
SIM-01786,2025-05-15,2025-12-20,12.87,5,15.58,8.84,50,40,80.0,15,0
SIM-01786,2025-07-27,2025-12-20,15.82,5,20.0,13.41,100,70,70.0,30,0
SIM-01786,2025-10-08,2025-12-20,16.47,5,19.38,13.86,150,120,80.0,45,0
SIM-01786,2025-12-10,2025-12-20,17.11,5,20.0,14.79,200,155,77.5,60,0
SIM-01787,2025-05-15,2025-12-20,11.97,5,13.78,10.8,50,35,70.0,15,1
SIM-01787,2025-07-27,2025-12-20,12.32,5,15.45,7.79,100,60,60.0,30,1
SIM-01787,2025-10-08,2025-12-20,11.11,5,15.81,7.21,150,95,63.33,45,1
SIM-01787,2025-12-10,2025-12-20,11.73,5,16.62,5.55,200,135,67.5,60,1
SIM-01788,2025-05-15,2025-12-20,12.94,5,13.7,12.05,50,35,70.0,15,1
SIM-01788,2025-07-27,2025-12-20,11.26,5,13.95,8.77,100,75,75.0,30,1
SIM-01788,2025-10-08,2025-12-20,11.63,5,14.4,9.15,150,110,73.33,45,1
SIM-01788,2025-12-10,2025-12-20,10.95,5,13.12,6.9,200,160,80.0,60,1
SIM-01789,2025-05-15,2025-12-20,10.49,5,11.95,9.1,50,40,80.0,15,1
SIM-01789,2025-07-27,2025-12-20,9.76,5,11.77,6.28,100,85,85.0,30,1
SIM-01789,2025-10-08,2025-12-20,5.89,5,8.79,0.2,150,125,83.33,45,1
SIM-01789,2025-12-10,2025-12-20,6.0,5,9.92,1.86,200,165,82.5,60,1
SIM-01790,2025-05-15,2025-12-20,12.0,5,13.66,10.2,50,40,80.0,15,0
SIM-01790,2025-07-27,2025-12-20,11.96,5,14.62,7.78,100,85,85.0,30,0
SIM-01790,2025-10-08,2025-12-20,12.45,5,14.96,9.22,150,140,93.33,45,0
SIM-01790,2025-12-10,2025-12-20,11.61,5,13.06,8.22,200,155,77.5,60,0
SIM-01791,2025-05-15,2025-12-20,10.37,5,12.49,7.0,50,40,80.0,15,1
SIM-01791,2025-07-27,2025-12-20,11.52,5,13.64,9.81,100,70,70.0,30,1
SIM-01791,2025-10-08,2025-12-20,10.63,5,14.61,7.86,150,110,73.33,45,1
SIM-01791,2025-12-10,2025-12-20,10.5,5,13.16,5.99,200,170,85.0,60,1
SIM-01792,2025-05-15,2025-12-20,11.68,5,13.17,9.59,50,45,90.0,15,0
SIM-01792,2025-07-27,2025-12-20,12.62,5,16.13,9.33,100,85,85.0,30,0
SIM-01792,2025-10-08,2025-12-20,14.09,5,16.59,11.57,150,130,86.67,45,0
SIM-01792,2025-12-10,2025-12-20,14.54,5,16.32,12.77,200,165,82.5,60,0
SIM-01793,2025-05-15,2025-12-20,11.06,5,12.72,8.89,50,40,80.0,15,0
SIM-01793,2025-07-27,2025-12-20,12.53,5,16.05,10.52,100,70,70.0,30,0
SIM-01793,2025-10-08,2025-12-20,13.65,5,16.35,11.41,150,100,66.67,45,0
SIM-01793,2025-12-10,2025-12-20,16.05,5,20.0,14.28,200,150,75.0,60,0
SIM-01794,2025-05-15,2025-12-20,11.56,5,15.26,8.52,50,45,90.0,15,1
SIM-01794,2025-07-27,2025-12-20,12.54,5,15.45,9.72,100,90,90.0,30,1
SIM-01794,2025-10-08,2025-12-20,12.56,5,14.23,10.79,150,135,90.0,45,1
SIM-01794,2025-12-10,2025-12-20,14.29,5,18.94,9.47,200,180,90.0,60,1
SIM-01795,2025-05-15,2025-12-20,10.92,5,13.22,7.49,50,45,90.0,15,0
SIM-01795,2025-07-27,2025-12-20,13.22,5,16.0,9.72,100,90,90.0,30,0
SIM-01795,2025-10-08,2025-12-20,13.03,5,15.16,10.73,150,140,93.33,45,0
SIM-01795,2025-12-10,2025-12-20,14.83,5,16.75,10.54,200,180,90.0,60,0
SIM-01796,2025-05-15,2025-12-20,10.05,5,11.69,8.8,50,35,70.0,15,1
SIM-01796,2025-07-27,2025-12-20,9.48,5,12.42,7.97,100,85,85.0,30,1
SIM-01796,2025-10-08,2025-12-20,11.47,5,16.32,8.3,150,115,76.67,45,1
SIM-01796,2025-12-10,2025-12-20,11.29,5,17.35,8.37,200,160,80.0,60,1
SIM-01797,2025-05-15,2025-12-20,11.4,5,15.2,8.66,50,35,70.0,15,1
SIM-01797,2025-07-27,2025-12-20,11.22,5,13.6,9.46,100,70,70.0,30,1
SIM-01797,2025-10-08,2025-12-20,10.41,5,15.57,6.2,150,105,70.0,45,1
SIM-01797,2025-12-10,2025-12-20,10.09,5,12.88,5.99,200,145,72.5,60,1
SIM-01798,2025-05-15,2025-12-20,11.75,5,13.21,10.51,50,40,80.0,15,1
SIM-01798,2025-07-27,2025-12-20,10.61,5,13.35,8.72,100,85,85.0,30,1
SIM-01798,2025-10-08,2025-12-20,10.55,5,12.94,9.26,150,135,90.0,45,1
SIM-01798,2025-12-10,2025-12-20,11.28,5,15.59,5.72,200,170,85.0,60,1
SIM-01799,2025-05-15,2025-12-20,11.13,5,12.2,9.1,50,45,90.0,15,1
SIM-01799,2025-07-27,2025-12-20,9.98,5,10.92,7.97,100,90,90.0,30,1
SIM-01799,2025-10-08,2025-12-20,9.79,5,12.04,8.23,150,125,83.33,45,1
SIM-01799,2025-12-10,2025-12-20,9.74,5,10.9,8.08,200,175,87.5,60,1
SIM-01800,2025-05-15,2025-12-20,9.67,5,11.43,8.01,50,45,90.0,15,1
SIM-01800,2025-07-27,2025-12-20,10.94,5,13.31,6.95,100,90,90.0,30,1
SIM-01800,2025-10-08,2025-12-20,12.16,5,14.88,8.21,150,135,90.0,45,1
SIM-01800,2025-12-10,2025-12-20,11.06,5,16.9,6.55,200,180,90.0,60,1
SIM-01801,2025-05-15,2025-12-20,11.33,5,13.97,7.78,50,35,70.0,15,0
SIM-01801,2025-07-27,2025-12-20,12.02,5,15.03,10.3,100,75,75.0,30,0
SIM-01801,2025-10-08,2025-12-20,14.92,5,19.91,11.64,150,110,73.33,45,0
SIM-01801,2025-12-10,2025-12-20,15.16,5,20.0,12.49,200,140,70.0,60,0
SIM-01802,2025-05-15,2025-12-20,10.95,5,12.65,8.46,50,40,80.0,15,0
SIM-01802,2025-07-27,2025-12-20,12.05,5,14.75,10.22,100,80,80.0,30,0
SIM-01802,2025-10-08,2025-12-20,14.77,5,16.93,12.66,150,125,83.33,45,0
SIM-01802,2025-12-10,2025-12-20,14.91,5,18.39,12.15,200,160,80.0,60,0
SIM-01803,2025-05-15,2025-12-20,11.08,5,11.83,9.28,50,40,80.0,15,1
SIM-01803,2025-07-27,2025-12-20,11.92,5,12.91,10.23,100,85,85.0,30,1
SIM-01803,2025-10-08,2025-12-20,12.81,5,17.05,10.89,150,115,76.67,45,1
SIM-01803,2025-12-10,2025-12-20,13.06,5,14.25,9.83,200,150,75.0,60,1
SIM-01804,2025-05-15,2025-12-20,12.47,5,13.36,11.05,50,45,90.0,15,0
SIM-01804,2025-07-27,2025-12-20,13.15,5,16.0,9.75,100,90,90.0,30,0
SIM-01804,2025-10-08,2025-12-20,14.07,5,15.96,10.63,150,140,93.33,45,0
SIM-01804,2025-12-10,2025-12-20,12.43,5,15.66,10.71,200,190,95.0,60,0
SIM-01805,2025-05-15,2025-12-20,11.67,5,13.87,7.69,50,40,80.0,15,0
SIM-01805,2025-07-27,2025-12-20,12.73,5,15.18,8.28,100,85,85.0,30,0
SIM-01805,2025-10-08,2025-12-20,14.39,5,15.44,13.33,150,135,90.0,45,0
SIM-01805,2025-12-10,2025-12-20,15.28,5,18.25,9.43,200,170,85.0,60,0
SIM-01806,2025-05-15,2025-12-20,12.24,5,14.21,9.65,50,35,70.0,15,0
SIM-01806,2025-07-27,2025-12-20,10.67,5,12.91,8.15,100,70,70.0,30,0
SIM-01806,2025-10-08,2025-12-20,13.49,5,16.87,8.89,150,100,66.67,45,0
SIM-01806,2025-12-10,2025-12-20,14.89,5,18.12,11.78,200,135,67.5,60,0
SIM-01807,2025-05-15,2025-12-20,10.78,5,12.42,9.41,50,40,80.0,15,0
SIM-01807,2025-07-27,2025-12-20,11.94,5,13.17,10.49,100,85,85.0,30,0
SIM-01807,2025-10-08,2025-12-20,11.29,5,14.34,8.22,150,125,83.33,45,0
SIM-01807,2025-12-10,2025-12-20,13.3,5,15.03,10.58,200,155,77.5,60,0
SIM-01808,2025-05-15,2025-12-20,11.62,5,13.24,9.79,50,40,80.0,15,1
SIM-01808,2025-07-27,2025-12-20,13.3,5,15.11,10.07,100,80,80.0,30,1
SIM-01808,2025-10-08,2025-12-20,12.97,5,14.03,10.43,150,115,76.67,45,1
SIM-01808,2025-12-10,2025-12-20,14.43,5,17.01,12.61,200,150,75.0,60,1
SIM-01809,2025-05-15,2025-12-20,10.04,5,11.92,8.41,50,35,70.0,15,1
SIM-01809,2025-07-27,2025-12-20,12.53,5,16.2,10.0,100,70,70.0,30,1
SIM-01809,2025-10-08,2025-12-20,10.95,5,15.35,7.15,150,100,66.67,45,1
SIM-01809,2025-12-10,2025-12-20,12.78,5,16.21,9.42,200,135,67.5,60,1
SIM-01810,2025-05-15,2025-12-20,10.56,5,11.96,8.12,50,40,80.0,15,1
SIM-01810,2025-07-27,2025-12-20,11.05,5,12.63,8.07,100,75,75.0,30,1
SIM-01810,2025-10-08,2025-12-20,10.08,5,11.93,9.14,150,120,80.0,45,1
SIM-01810,2025-12-10,2025-12-20,8.31,5,12.69,4.76,200,165,82.5,60,1
SIM-01811,2025-05-15,2025-12-20,11.07,5,15.41,9.28,50,35,70.0,15,1
SIM-01811,2025-07-27,2025-12-20,12.97,5,15.42,10.97,100,75,75.0,30,1
SIM-01811,2025-10-08,2025-12-20,12.19,5,15.66,7.9,150,110,73.33,45,1
SIM-01811,2025-12-10,2025-12-20,12.99,5,15.9,8.57,200,145,72.5,60,1
SIM-01812,2025-05-15,2025-12-20,12.48,5,13.9,11.26,50,35,70.0,15,0
SIM-01812,2025-07-27,2025-12-20,13.75,5,15.53,11.55,100,65,65.0,30,0
SIM-01812,2025-10-08,2025-12-20,13.68,5,15.73,11.55,150,95,63.33,45,0
SIM-01812,2025-12-10,2025-12-20,14.71,5,18.51,12.86,200,125,62.5,60,0
SIM-01813,2025-05-15,2025-12-20,11.64,5,13.67,8.67,50,40,80.0,15,1
SIM-01813,2025-07-27,2025-12-20,10.04,5,13.98,5.48,100,85,85.0,30,1
SIM-01813,2025-10-08,2025-12-20,8.74,5,10.86,3.55,150,115,76.67,45,1
SIM-01813,2025-12-10,2025-12-20,9.22,5,11.66,3.57,200,165,82.5,60,1
SIM-01814,2025-05-15,2025-12-20,11.73,5,13.22,8.89,50,40,80.0,15,0
SIM-01814,2025-07-27,2025-12-20,13.25,5,14.91,10.38,100,85,85.0,30,0
SIM-01814,2025-10-08,2025-12-20,13.73,5,15.44,11.54,150,125,83.33,45,0
SIM-01814,2025-12-10,2025-12-20,13.65,5,16.4,9.07,200,165,82.5,60,0
SIM-01815,2025-05-15,2025-12-20,11.07,5,14.33,7.71,50,30,60.0,15,1
SIM-01815,2025-07-27,2025-12-20,10.69,5,14.83,7.66,100,60,60.0,30,1
SIM-01815,2025-10-08,2025-12-20,10.46,5,13.83,7.85,150,90,60.0,45,1
SIM-01815,2025-12-10,2025-12-20,9.38,5,13.0,7.11,200,125,62.5,60,1
SIM-01816,2025-05-15,2025-12-20,11.58,5,14.28,8.82,50,45,90.0,15,1
SIM-01816,2025-07-27,2025-12-20,12.83,5,13.39,12.08,100,85,85.0,30,1
SIM-01816,2025-10-08,2025-12-20,14.69,5,17.47,12.27,150,130,86.67,45,1
SIM-01816,2025-12-10,2025-12-20,12.92,5,15.91,6.38,200,180,90.0,60,1
SIM-01817,2025-05-15,2025-12-20,11.72,5,12.73,10.62,50,40,80.0,15,0
SIM-01817,2025-07-27,2025-12-20,14.28,5,15.67,12.81,100,75,75.0,30,0
SIM-01817,2025-10-08,2025-12-20,12.89,5,14.48,11.01,150,105,70.0,45,0
SIM-01817,2025-12-10,2025-12-20,13.56,5,17.72,10.02,200,150,75.0,60,0
SIM-01818,2025-05-15,2025-12-20,10.58,5,12.65,9.38,50,40,80.0,15,1
SIM-01818,2025-07-27,2025-12-20,10.73,5,13.34,7.14,100,80,80.0,30,1
SIM-01818,2025-10-08,2025-12-20,13.01,5,17.07,8.8,150,125,83.33,45,1
SIM-01818,2025-12-10,2025-12-20,11.69,5,17.54,7.92,200,160,80.0,60,1
SIM-01819,2025-05-15,2025-12-20,10.91,5,12.6,8.89,50,40,80.0,15,1
SIM-01819,2025-07-27,2025-12-20,10.29,5,15.4,5.21,100,75,75.0,30,1
SIM-01819,2025-10-08,2025-12-20,7.87,5,11.02,5.97,150,115,76.67,45,1
SIM-01819,2025-12-10,2025-12-20,8.11,5,13.06,2.48,200,150,75.0,60,1
SIM-01820,2025-05-15,2025-12-20,13.11,5,16.49,9.95,50,50,100.0,15,0
SIM-01820,2025-07-27,2025-12-20,13.2,5,17.13,10.21,100,95,95.0,30,0
SIM-01820,2025-10-08,2025-12-20,14.41,5,16.27,12.95,150,145,96.67,45,0
SIM-01820,2025-12-10,2025-12-20,16.56,5,20.0,10.45,200,175,87.5,60,0
SIM-01821,2025-05-15,2025-12-20,11.37,5,12.82,9.93,50,40,80.0,15,1
SIM-01821,2025-07-27,2025-12-20,9.96,5,12.68,6.45,100,90,90.0,30,1
SIM-01821,2025-10-08,2025-12-20,10.81,5,16.37,6.85,150,140,93.33,45,1
SIM-01821,2025-12-10,2025-12-20,8.82,5,10.48,4.99,200,185,92.5,60,1
SIM-01822,2025-05-15,2025-12-20,11.81,5,12.94,9.94,50,40,80.0,15,1
SIM-01822,2025-07-27,2025-12-20,10.91,5,13.57,7.71,100,80,80.0,30,1
SIM-01822,2025-10-08,2025-12-20,10.91,5,14.57,5.12,150,120,80.0,45,1
SIM-01822,2025-12-10,2025-12-20,12.36,5,16.5,5.37,200,155,77.5,60,1
SIM-01823,2025-05-15,2025-12-20,12.76,5,13.48,11.99,50,35,70.0,15,0
SIM-01823,2025-07-27,2025-12-20,14.1,5,16.81,10.66,100,65,65.0,30,0
SIM-01823,2025-10-08,2025-12-20,15.87,5,20.0,11.32,150,100,66.67,45,0
SIM-01823,2025-12-10,2025-12-20,17.51,5,20.0,15.3,200,140,70.0,60,0
SIM-01824,2025-05-15,2025-12-20,12.09,5,13.76,10.75,50,45,90.0,15,1
SIM-01824,2025-07-27,2025-12-20,11.9,5,15.34,9.55,100,85,85.0,30,1
SIM-01824,2025-10-08,2025-12-20,14.55,5,17.52,8.87,150,125,83.33,45,1
SIM-01824,2025-12-10,2025-12-20,13.26,5,17.3,4.09,200,165,82.5,60,1
SIM-01825,2025-05-15,2025-12-20,13.54,5,14.64,12.78,50,40,80.0,15,0
SIM-01825,2025-07-27,2025-12-20,11.13,5,14.64,8.77,100,80,80.0,30,0
SIM-01825,2025-10-08,2025-12-20,15.33,5,19.35,13.08,150,125,83.33,45,0
SIM-01825,2025-12-10,2025-12-20,16.0,5,18.42,13.68,200,160,80.0,60,0
SIM-01826,2025-05-15,2025-12-20,10.55,5,12.25,8.08,50,40,80.0,15,1
SIM-01826,2025-07-27,2025-12-20,10.08,5,13.84,8.07,100,75,75.0,30,1
SIM-01826,2025-10-08,2025-12-20,9.93,5,13.07,7.38,150,115,76.67,45,1
SIM-01826,2025-12-10,2025-12-20,9.88,5,15.47,5.01,200,150,75.0,60,1
SIM-01827,2025-05-15,2025-12-20,12.23,5,13.58,10.93,50,50,100.0,15,1
SIM-01827,2025-07-27,2025-12-20,10.24,5,13.0,7.74,100,95,95.0,30,1
SIM-01827,2025-10-08,2025-12-20,11.92,5,15.96,8.53,150,130,86.67,45,1
SIM-01827,2025-12-10,2025-12-20,13.88,5,16.3,10.93,200,180,90.0,60,1
SIM-01828,2025-05-15,2025-12-20,10.86,5,14.13,8.73,50,45,90.0,15,0
SIM-01828,2025-07-27,2025-12-20,14.02,5,16.25,11.36,100,90,90.0,30,0
SIM-01828,2025-10-08,2025-12-20,14.28,5,18.55,7.97,150,135,90.0,45,0
SIM-01828,2025-12-10,2025-12-20,15.17,5,20.0,12.49,200,180,90.0,60,0
SIM-01829,2025-05-15,2025-12-20,9.8,5,13.55,5.8,50,45,90.0,15,1
SIM-01829,2025-07-27,2025-12-20,12.29,5,15.14,8.18,100,90,90.0,30,1
SIM-01829,2025-10-08,2025-12-20,10.15,5,15.21,5.1,150,140,93.33,45,1
SIM-01829,2025-12-10,2025-12-20,9.71,5,13.67,4.74,200,185,92.5,60,1
SIM-01830,2025-05-15,2025-12-20,9.84,5,11.15,8.86,50,35,70.0,15,1
SIM-01830,2025-07-27,2025-12-20,13.09,5,15.48,10.02,100,70,70.0,30,1
SIM-01830,2025-10-08,2025-12-20,10.68,5,15.09,7.53,150,100,66.67,45,1
SIM-01830,2025-12-10,2025-12-20,10.56,5,14.32,4.76,200,125,62.5,60,1
SIM-01831,2025-05-15,2025-12-20,9.96,5,11.84,8.37,50,40,80.0,15,1
SIM-01831,2025-07-27,2025-12-20,10.82,5,12.26,9.2,100,85,85.0,30,1
SIM-01831,2025-10-08,2025-12-20,10.84,5,13.64,7.51,150,120,80.0,45,1
SIM-01831,2025-12-10,2025-12-20,11.82,5,15.17,8.61,200,150,75.0,60,1
SIM-01832,2025-05-15,2025-12-20,10.2,5,15.08,6.28,50,40,80.0,15,1
SIM-01832,2025-07-27,2025-12-20,13.77,5,15.55,11.13,100,75,75.0,30,1
SIM-01832,2025-10-08,2025-12-20,12.36,5,14.14,9.73,150,115,76.67,45,1
SIM-01832,2025-12-10,2025-12-20,13.85,5,17.38,10.59,200,155,77.5,60,1
SIM-01833,2025-05-15,2025-12-20,12.64,5,15.75,10.49,50,50,100.0,15,0
SIM-01833,2025-07-27,2025-12-20,12.7,5,14.37,9.56,100,95,95.0,30,0
SIM-01833,2025-10-08,2025-12-20,12.21,5,13.97,11.12,150,130,86.67,45,0
SIM-01833,2025-12-10,2025-12-20,13.36,5,17.19,10.26,200,195,97.5,60,0
SIM-01834,2025-05-15,2025-12-20,11.84,5,14.12,9.87,50,30,60.0,15,0
SIM-01834,2025-07-27,2025-12-20,12.1,5,15.53,8.63,100,70,70.0,30,0
SIM-01834,2025-10-08,2025-12-20,10.71,5,14.07,8.17,150,95,63.33,45,0
SIM-01834,2025-12-10,2025-12-20,14.64,5,16.96,12.54,200,135,67.5,60,0
SIM-01835,2025-05-15,2025-12-20,10.82,5,13.11,8.01,50,40,80.0,15,1
SIM-01835,2025-07-27,2025-12-20,12.58,5,15.02,10.69,100,80,80.0,30,1
SIM-01835,2025-10-08,2025-12-20,14.13,5,20.0,11.15,150,125,83.33,45,1
SIM-01835,2025-12-10,2025-12-20,12.85,5,19.1,9.23,200,160,80.0,60,1
SIM-01836,2025-05-15,2025-12-20,12.41,5,14.11,10.6,50,35,70.0,15,0
SIM-01836,2025-07-27,2025-12-20,14.23,5,17.19,11.1,100,70,70.0,30,0
SIM-01836,2025-10-08,2025-12-20,16.2,5,18.39,14.41,150,105,70.0,45,0
SIM-01836,2025-12-10,2025-12-20,16.94,5,20.0,11.3,200,150,75.0,60,0
SIM-01837,2025-05-15,2025-12-20,12.39,5,15.36,10.38,50,45,90.0,15,0
SIM-01837,2025-07-27,2025-12-20,15.06,5,16.53,11.48,100,85,85.0,30,0
SIM-01837,2025-10-08,2025-12-20,16.42,5,18.96,13.78,150,130,86.67,45,0
SIM-01837,2025-12-10,2025-12-20,18.08,5,19.54,16.99,200,170,85.0,60,0
SIM-01838,2025-05-15,2025-12-20,13.37,5,15.93,10.7,50,30,60.0,15,0
SIM-01838,2025-07-27,2025-12-20,14.05,5,15.8,12.57,100,60,60.0,30,0
SIM-01838,2025-10-08,2025-12-20,15.9,5,19.26,13.32,150,95,63.33,45,0
SIM-01838,2025-12-10,2025-12-20,15.7,5,19.17,9.3,200,130,65.0,60,0
SIM-01839,2025-05-15,2025-12-20,11.47,5,15.28,8.89,50,45,90.0,15,0
SIM-01839,2025-07-27,2025-12-20,11.88,5,13.24,8.29,100,85,85.0,30,0
SIM-01839,2025-10-08,2025-12-20,14.26,5,16.95,11.97,150,125,83.33,45,0
SIM-01839,2025-12-10,2025-12-20,15.16,5,16.82,13.95,200,175,87.5,60,0
SIM-01840,2025-05-15,2025-12-20,10.66,5,12.42,8.14,50,30,60.0,15,1
SIM-01840,2025-07-27,2025-12-20,9.3,5,12.82,6.95,100,60,60.0,30,1
SIM-01840,2025-10-08,2025-12-20,8.22,5,12.03,5.51,150,95,63.33,45,1
SIM-01840,2025-12-10,2025-12-20,7.04,5,9.09,3.71,200,125,62.5,60,1
SIM-01841,2025-05-15,2025-12-20,12.15,5,13.81,9.79,50,40,80.0,15,1
SIM-01841,2025-07-27,2025-12-20,12.23,5,14.09,10.53,100,85,85.0,30,1
SIM-01841,2025-10-08,2025-12-20,12.98,5,15.39,10.68,150,120,80.0,45,1
SIM-01841,2025-12-10,2025-12-20,13.01,5,17.5,7.65,200,160,80.0,60,1
SIM-01842,2025-05-15,2025-12-20,10.12,5,12.61,5.73,50,40,80.0,15,1
SIM-01842,2025-07-27,2025-12-20,8.96,5,12.13,7.84,100,75,75.0,30,1
SIM-01842,2025-10-08,2025-12-20,8.89,5,11.63,7.1,150,115,76.67,45,1
SIM-01842,2025-12-10,2025-12-20,8.47,5,13.54,4.49,200,175,87.5,60,1
SIM-01843,2025-05-15,2025-12-20,11.12,5,12.44,8.5,50,40,80.0,15,0
SIM-01843,2025-07-27,2025-12-20,13.6,5,15.61,11.45,100,70,70.0,30,0
SIM-01843,2025-10-08,2025-12-20,15.03,5,16.34,13.34,150,115,76.67,45,0
SIM-01843,2025-12-10,2025-12-20,16.15,5,20.0,11.45,200,150,75.0,60,0
SIM-01844,2025-05-15,2025-12-20,10.59,5,12.1,8.25,50,45,90.0,15,1
SIM-01844,2025-07-27,2025-12-20,8.37,5,10.98,6.12,100,90,90.0,30,1
SIM-01844,2025-10-08,2025-12-20,6.3,5,8.8,4.86,150,130,86.67,45,1
SIM-01844,2025-12-10,2025-12-20,5.51,5,9.92,0.3,200,180,90.0,60,1
SIM-01845,2025-05-15,2025-12-20,10.1,5,11.4,8.71,50,45,90.0,15,1
SIM-01845,2025-07-27,2025-12-20,9.1,5,14.13,6.26,100,95,95.0,30,1
SIM-01845,2025-10-08,2025-12-20,8.25,5,11.23,4.82,150,145,96.67,45,1
SIM-01845,2025-12-10,2025-12-20,8.86,5,14.17,5.26,200,180,90.0,60,1
SIM-01846,2025-05-15,2025-12-20,9.95,5,11.95,6.21,50,40,80.0,15,1
SIM-01846,2025-07-27,2025-12-20,11.31,5,13.69,6.87,100,85,85.0,30,1
SIM-01846,2025-10-08,2025-12-20,9.29,5,10.96,5.62,150,125,83.33,45,1
SIM-01846,2025-12-10,2025-12-20,12.32,5,15.99,5.99,200,175,87.5,60,1
SIM-01847,2025-05-15,2025-12-20,12.06,5,15.47,9.66,50,40,80.0,15,0
SIM-01847,2025-07-27,2025-12-20,13.69,5,16.65,12.13,100,80,80.0,30,0
SIM-01847,2025-10-08,2025-12-20,14.95,5,18.21,11.61,150,120,80.0,45,0
SIM-01847,2025-12-10,2025-12-20,14.34,5,16.74,9.38,200,160,80.0,60,0
SIM-01848,2025-05-15,2025-12-20,9.89,5,12.26,7.07,50,45,90.0,15,1
SIM-01848,2025-07-27,2025-12-20,12.31,5,14.94,9.02,100,90,90.0,30,1
SIM-01848,2025-10-08,2025-12-20,11.81,5,12.74,9.93,150,135,90.0,45,1
SIM-01848,2025-12-10,2025-12-20,13.03,5,15.97,11.51,200,195,97.5,60,1
SIM-01849,2025-05-15,2025-12-20,9.12,5,11.83,7.84,50,30,60.0,15,1
SIM-01849,2025-07-27,2025-12-20,9.97,5,13.6,7.58,100,65,65.0,30,1
SIM-01849,2025-10-08,2025-12-20,9.28,5,14.25,5.48,150,90,60.0,45,1
SIM-01849,2025-12-10,2025-12-20,8.8,5,15.02,5.22,200,130,65.0,60,1
SIM-01850,2025-05-15,2025-12-20,10.59,5,14.13,9.0,50,40,80.0,15,1
SIM-01850,2025-07-27,2025-12-20,9.61,5,12.91,6.77,100,75,75.0,30,1
SIM-01850,2025-10-08,2025-12-20,9.32,5,13.62,4.3,150,110,73.33,45,1
SIM-01850,2025-12-10,2025-12-20,7.72,5,11.13,3.35,200,165,82.5,60,1
SIM-01851,2025-05-15,2025-12-20,11.96,5,14.47,9.61,50,50,100.0,15,1
SIM-01851,2025-07-27,2025-12-20,12.48,5,14.04,10.91,100,95,95.0,30,1
SIM-01851,2025-10-08,2025-12-20,11.24,5,12.53,9.98,150,150,100.0,45,1
SIM-01851,2025-12-10,2025-12-20,11.56,5,14.07,8.35,200,200,100.0,60,1
SIM-01852,2025-05-15,2025-12-20,12.18,5,14.96,9.43,50,40,80.0,15,0
SIM-01852,2025-07-27,2025-12-20,13.29,5,17.17,10.6,100,90,90.0,30,0
SIM-01852,2025-10-08,2025-12-20,12.11,5,17.25,7.21,150,120,80.0,45,0
SIM-01852,2025-12-10,2025-12-20,13.56,5,18.47,10.34,200,165,82.5,60,0
SIM-01853,2025-05-15,2025-12-20,11.02,5,14.11,9.15,50,45,90.0,15,1
SIM-01853,2025-07-27,2025-12-20,11.63,5,15.1,9.69,100,85,85.0,30,1
SIM-01853,2025-10-08,2025-12-20,10.24,5,12.71,6.75,150,120,80.0,45,1
SIM-01853,2025-12-10,2025-12-20,10.86,5,12.6,9.12,200,165,82.5,60,1
SIM-01854,2025-05-15,2025-12-20,11.93,5,14.65,8.64,50,40,80.0,15,0
SIM-01854,2025-07-27,2025-12-20,13.59,5,14.89,11.48,100,80,80.0,30,0
SIM-01854,2025-10-08,2025-12-20,13.01,5,15.38,10.74,150,120,80.0,45,0
SIM-01854,2025-12-10,2025-12-20,15.11,5,17.44,12.59,200,160,80.0,60,0
SIM-01855,2025-05-15,2025-12-20,12.86,5,13.83,12.0,50,45,90.0,15,0
SIM-01855,2025-07-27,2025-12-20,12.8,5,14.64,11.25,100,90,90.0,30,0
SIM-01855,2025-10-08,2025-12-20,15.49,5,17.87,13.8,150,135,90.0,45,0
SIM-01855,2025-12-10,2025-12-20,16.01,5,20.0,12.33,200,185,92.5,60,0
SIM-01856,2025-05-15,2025-12-20,10.32,5,12.8,8.7,50,35,70.0,15,1
SIM-01856,2025-07-27,2025-12-20,10.1,5,11.83,9.05,100,70,70.0,30,1
SIM-01856,2025-10-08,2025-12-20,10.31,5,12.84,7.46,150,110,73.33,45,1
SIM-01856,2025-12-10,2025-12-20,9.85,5,11.1,8.93,200,140,70.0,60,1
SIM-01857,2025-05-15,2025-12-20,10.87,5,12.35,9.65,50,40,80.0,15,1
SIM-01857,2025-07-27,2025-12-20,11.21,5,13.18,10.03,100,85,85.0,30,1
SIM-01857,2025-10-08,2025-12-20,13.05,5,14.95,11.82,150,120,80.0,45,1
SIM-01857,2025-12-10,2025-12-20,13.25,5,14.49,11.16,200,165,82.5,60,1
SIM-01858,2025-05-15,2025-12-20,11.56,5,13.1,9.89,50,45,90.0,15,0
SIM-01858,2025-07-27,2025-12-20,13.22,5,15.32,11.22,100,90,90.0,30,0
SIM-01858,2025-10-08,2025-12-20,14.54,5,16.3,13.06,150,145,96.67,45,0
SIM-01858,2025-12-10,2025-12-20,15.42,5,16.61,14.11,200,180,90.0,60,0
SIM-01859,2025-05-15,2025-12-20,10.62,5,12.65,9.27,50,45,90.0,15,1
SIM-01859,2025-07-27,2025-12-20,13.14,5,14.38,12.02,100,90,90.0,30,1
SIM-01859,2025-10-08,2025-12-20,12.21,5,15.37,9.51,150,130,86.67,45,1
SIM-01859,2025-12-10,2025-12-20,12.19,5,14.93,8.22,200,165,82.5,60,1
SIM-01860,2025-05-15,2025-12-20,11.77,5,13.13,10.18,50,35,70.0,15,1
SIM-01860,2025-07-27,2025-12-20,11.66,5,14.32,8.59,100,70,70.0,30,1
SIM-01860,2025-10-08,2025-12-20,12.84,5,15.64,11.05,150,110,73.33,45,1
SIM-01860,2025-12-10,2025-12-20,12.7,5,18.64,9.03,200,140,70.0,60,1
SIM-01861,2025-05-15,2025-12-20,11.18,5,13.05,9.94,50,30,60.0,15,1
SIM-01861,2025-07-27,2025-12-20,13.23,5,15.58,10.76,100,70,70.0,30,1
SIM-01861,2025-10-08,2025-12-20,14.51,5,17.05,12.88,150,90,60.0,45,1
SIM-01861,2025-12-10,2025-12-20,15.97,5,18.7,11.17,200,115,57.5,60,1
SIM-01862,2025-05-15,2025-12-20,12.29,5,13.91,10.57,50,50,100.0,15,1
SIM-01862,2025-07-27,2025-12-20,12.01,5,13.69,9.17,100,90,90.0,30,1
SIM-01862,2025-10-08,2025-12-20,10.44,5,13.53,7.79,150,145,96.67,45,1
SIM-01862,2025-12-10,2025-12-20,9.36,5,12.87,7.12,200,200,100.0,60,1
SIM-01863,2025-05-15,2025-12-20,12.32,5,16.51,10.46,50,45,90.0,15,1
SIM-01863,2025-07-27,2025-12-20,11.5,5,15.37,8.55,100,85,85.0,30,1
SIM-01863,2025-10-08,2025-12-20,12.05,5,17.59,6.65,150,145,96.67,45,1
SIM-01863,2025-12-10,2025-12-20,14.2,5,17.85,9.52,200,180,90.0,60,1
SIM-01864,2025-05-15,2025-12-20,10.64,5,12.74,8.89,50,50,100.0,15,1
SIM-01864,2025-07-27,2025-12-20,11.01,5,11.6,10.23,100,95,95.0,30,1
SIM-01864,2025-10-08,2025-12-20,13.31,5,17.12,10.68,150,145,96.67,45,1
SIM-01864,2025-12-10,2025-12-20,11.36,5,15.26,9.08,200,190,95.0,60,1
SIM-01865,2025-05-15,2025-12-20,11.31,5,12.99,9.56,50,35,70.0,15,0
SIM-01865,2025-07-27,2025-12-20,14.96,5,16.48,12.26,100,55,55.0,30,0
SIM-01865,2025-10-08,2025-12-20,13.81,5,16.23,10.75,150,110,73.33,45,0
SIM-01865,2025-12-10,2025-12-20,17.53,5,20.0,15.16,200,125,62.5,60,0
SIM-01866,2025-05-15,2025-12-20,10.85,5,11.97,8.1,50,50,100.0,15,1
SIM-01866,2025-07-27,2025-12-20,10.1,5,12.07,6.67,100,95,95.0,30,1
SIM-01866,2025-10-08,2025-12-20,10.48,5,14.66,7.29,150,145,96.67,45,1
SIM-01866,2025-12-10,2025-12-20,9.97,5,12.93,5.81,200,185,92.5,60,1
SIM-01867,2025-05-15,2025-12-20,11.51,5,13.08,10.96,50,45,90.0,15,1
SIM-01867,2025-07-27,2025-12-20,7.71,5,10.5,4.82,100,95,95.0,30,1
SIM-01867,2025-10-08,2025-12-20,12.05,5,13.3,10.58,150,135,90.0,45,1
SIM-01867,2025-12-10,2025-12-20,9.25,5,12.0,6.28,200,180,90.0,60,1
SIM-01868,2025-05-15,2025-12-20,11.2,5,15.75,6.85,50,35,70.0,15,0
SIM-01868,2025-07-27,2025-12-20,13.23,5,15.94,11.31,100,70,70.0,30,0
SIM-01868,2025-10-08,2025-12-20,15.18,5,19.58,11.87,150,105,70.0,45,0
SIM-01868,2025-12-10,2025-12-20,17.39,5,18.4,15.96,200,145,72.5,60,0
SIM-01869,2025-05-15,2025-12-20,9.89,5,12.74,7.6,50,30,60.0,15,0
SIM-01869,2025-07-27,2025-12-20,12.65,5,13.37,11.43,100,60,60.0,30,0
SIM-01869,2025-10-08,2025-12-20,14.0,5,16.98,10.5,150,90,60.0,45,0
SIM-01869,2025-12-10,2025-12-20,13.84,5,17.55,9.85,200,115,57.5,60,0
SIM-01870,2025-05-15,2025-12-20,12.9,5,17.15,10.59,50,45,90.0,15,1
SIM-01870,2025-07-27,2025-12-20,12.12,5,13.81,8.66,100,95,95.0,30,1
SIM-01870,2025-10-08,2025-12-20,13.18,5,15.99,7.33,150,135,90.0,45,1
SIM-01870,2025-12-10,2025-12-20,14.17,5,16.07,12.46,200,165,82.5,60,1
SIM-01871,2025-05-15,2025-12-20,12.42,5,13.43,10.35,50,40,80.0,15,1
SIM-01871,2025-07-27,2025-12-20,12.47,5,13.96,10.91,100,80,80.0,30,1
SIM-01871,2025-10-08,2025-12-20,13.66,5,20.0,9.23,150,110,73.33,45,1
SIM-01871,2025-12-10,2025-12-20,14.66,5,18.93,10.18,200,150,75.0,60,1
SIM-01872,2025-05-15,2025-12-20,12.26,5,13.54,10.4,50,45,90.0,15,1
SIM-01872,2025-07-27,2025-12-20,12.26,5,15.25,11.05,100,95,95.0,30,1
SIM-01872,2025-10-08,2025-12-20,14.18,5,16.25,13.0,150,145,96.67,45,1
SIM-01872,2025-12-10,2025-12-20,14.96,5,18.35,9.99,200,185,92.5,60,1
SIM-01873,2025-05-15,2025-12-20,10.62,5,11.41,8.8,50,30,60.0,15,1
SIM-01873,2025-07-27,2025-12-20,11.0,5,12.81,9.11,100,65,65.0,30,1
SIM-01873,2025-10-08,2025-12-20,10.6,5,15.85,7.58,150,95,63.33,45,1
SIM-01873,2025-12-10,2025-12-20,10.04,5,13.89,8.31,200,110,55.0,60,1
SIM-01874,2025-05-15,2025-12-20,12.25,5,14.43,10.99,50,45,90.0,15,0
SIM-01874,2025-07-27,2025-12-20,13.91,5,15.3,12.71,100,95,95.0,30,0
SIM-01874,2025-10-08,2025-12-20,14.15,5,16.08,11.14,150,145,96.67,45,0
SIM-01874,2025-12-10,2025-12-20,15.39,5,19.13,12.61,200,185,92.5,60,0
SIM-01875,2025-05-15,2025-12-20,11.82,5,13.65,10.7,50,35,70.0,15,1
SIM-01875,2025-07-27,2025-12-20,11.21,5,13.15,8.47,100,65,65.0,30,1
SIM-01875,2025-10-08,2025-12-20,11.81,5,16.04,7.52,150,105,70.0,45,1
SIM-01875,2025-12-10,2025-12-20,12.46,5,15.33,8.01,200,125,62.5,60,1
SIM-01876,2025-05-15,2025-12-20,12.55,5,14.11,9.67,50,40,80.0,15,0
SIM-01876,2025-07-27,2025-12-20,13.07,5,15.8,9.81,100,75,75.0,30,0
SIM-01876,2025-10-08,2025-12-20,16.01,5,17.34,14.1,150,120,80.0,45,0
SIM-01876,2025-12-10,2025-12-20,17.56,5,20.0,12.4,200,155,77.5,60,0
SIM-01877,2025-05-15,2025-12-20,10.68,5,12.75,8.2,50,30,60.0,15,1
SIM-01877,2025-07-27,2025-12-20,11.48,5,14.32,9.86,100,60,60.0,30,1
SIM-01877,2025-10-08,2025-12-20,10.46,5,15.76,6.52,150,85,56.67,45,1
SIM-01877,2025-12-10,2025-12-20,10.7,5,14.97,6.39,200,110,55.0,60,1
SIM-01878,2025-05-15,2025-12-20,10.81,5,12.4,9.06,50,45,90.0,15,1
SIM-01878,2025-07-27,2025-12-20,10.32,5,13.07,6.48,100,85,85.0,30,1
SIM-01878,2025-10-08,2025-12-20,9.79,5,13.73,6.12,150,125,83.33,45,1
SIM-01878,2025-12-10,2025-12-20,9.79,5,12.9,7.59,200,190,95.0,60,1
SIM-01879,2025-05-15,2025-12-20,11.01,5,13.58,7.71,50,25,50.0,15,1
SIM-01879,2025-07-27,2025-12-20,10.14,5,12.2,7.65,100,50,50.0,30,1
SIM-01879,2025-10-08,2025-12-20,10.88,5,14.12,8.4,150,85,56.67,45,1
SIM-01879,2025-12-10,2025-12-20,9.28,5,12.45,5.11,200,120,60.0,60,1
SIM-01880,2025-05-15,2025-12-20,9.76,5,12.39,7.84,50,45,90.0,15,1
SIM-01880,2025-07-27,2025-12-20,11.08,5,13.28,8.34,100,95,95.0,30,1
SIM-01880,2025-10-08,2025-12-20,9.59,5,11.83,8.38,150,145,96.67,45,1
SIM-01880,2025-12-10,2025-12-20,11.14,5,14.05,9.52,200,195,97.5,60,1
SIM-01881,2025-05-15,2025-12-20,11.59,5,13.49,10.01,50,45,90.0,15,1
SIM-01881,2025-07-27,2025-12-20,8.6,5,10.73,6.29,100,90,90.0,30,1
SIM-01881,2025-10-08,2025-12-20,7.02,5,10.51,1.89,150,135,90.0,45,1
SIM-01881,2025-12-10,2025-12-20,9.34,5,12.2,5.65,200,190,95.0,60,1
SIM-01882,2025-05-15,2025-12-20,10.61,5,12.75,8.71,50,45,90.0,15,1
SIM-01882,2025-07-27,2025-12-20,10.34,5,12.8,7.98,100,90,90.0,30,1
SIM-01882,2025-10-08,2025-12-20,9.76,5,16.48,5.98,150,140,93.33,45,1
SIM-01882,2025-12-10,2025-12-20,9.86,5,13.54,6.15,200,200,100.0,60,1
SIM-01883,2025-05-15,2025-12-20,11.16,5,13.95,8.74,50,35,70.0,15,1
SIM-01883,2025-07-27,2025-12-20,8.98,5,12.06,6.26,100,85,85.0,30,1
SIM-01883,2025-10-08,2025-12-20,8.03,5,11.82,3.84,150,120,80.0,45,1
SIM-01883,2025-12-10,2025-12-20,8.95,5,12.42,1.84,200,150,75.0,60,1
SIM-01884,2025-05-15,2025-12-20,10.02,5,11.68,8.68,50,30,60.0,15,1
SIM-01884,2025-07-27,2025-12-20,10.73,5,13.76,8.05,100,70,70.0,30,1
SIM-01884,2025-10-08,2025-12-20,10.62,5,15.05,6.9,150,100,66.67,45,1
SIM-01884,2025-12-10,2025-12-20,12.04,5,13.02,10.75,200,125,62.5,60,1
SIM-01885,2025-05-15,2025-12-20,11.59,5,12.69,10.71,50,45,90.0,15,1
SIM-01885,2025-07-27,2025-12-20,12.22,5,14.63,6.09,100,75,75.0,30,1
SIM-01885,2025-10-08,2025-12-20,10.11,5,14.52,5.49,150,125,83.33,45,1
SIM-01885,2025-12-10,2025-12-20,11.04,5,16.5,4.05,200,160,80.0,60,1
SIM-01886,2025-05-15,2025-12-20,11.32,5,12.53,9.46,50,45,90.0,15,0
SIM-01886,2025-07-27,2025-12-20,14.12,5,14.69,13.46,100,95,95.0,30,0
SIM-01886,2025-10-08,2025-12-20,15.51,5,17.42,14.3,150,125,83.33,45,0
SIM-01886,2025-12-10,2025-12-20,15.53,5,20.0,11.38,200,185,92.5,60,0
SIM-01887,2025-05-15,2025-12-20,10.77,5,12.87,9.18,50,50,100.0,15,1
SIM-01887,2025-07-27,2025-12-20,9.69,5,11.85,7.27,100,95,95.0,30,1
SIM-01887,2025-10-08,2025-12-20,10.65,5,14.88,6.83,150,150,100.0,45,1
SIM-01887,2025-12-10,2025-12-20,10.44,5,12.74,7.53,200,195,97.5,60,1
SIM-01888,2025-05-15,2025-12-20,12.51,5,14.72,10.08,50,50,100.0,15,1
SIM-01888,2025-07-27,2025-12-20,12.12,5,14.53,10.05,100,100,100.0,30,1
SIM-01888,2025-10-08,2025-12-20,11.89,5,14.54,9.66,150,150,100.0,45,1
SIM-01888,2025-12-10,2025-12-20,12.65,5,16.81,8.56,200,190,95.0,60,1
SIM-01889,2025-05-15,2025-12-20,11.3,5,13.09,9.6,50,30,60.0,15,1
SIM-01889,2025-07-27,2025-12-20,11.55,5,13.45,8.61,100,55,55.0,30,1
SIM-01889,2025-10-08,2025-12-20,11.69,5,12.99,9.24,150,85,56.67,45,1
SIM-01889,2025-12-10,2025-12-20,13.17,5,17.65,8.53,200,120,60.0,60,1
SIM-01890,2025-05-15,2025-12-20,10.84,5,12.86,8.42,50,35,70.0,15,1
SIM-01890,2025-07-27,2025-12-20,11.89,5,14.93,9.86,100,70,70.0,30,1
SIM-01890,2025-10-08,2025-12-20,13.79,5,18.25,11.34,150,110,73.33,45,1
SIM-01890,2025-12-10,2025-12-20,13.4,5,17.84,10.75,200,140,70.0,60,1
SIM-01891,2025-05-15,2025-12-20,10.94,5,13.66,7.9,50,35,70.0,15,1
SIM-01891,2025-07-27,2025-12-20,11.25,5,14.38,8.67,100,70,70.0,30,1
SIM-01891,2025-10-08,2025-12-20,12.38,5,15.74,10.26,150,105,70.0,45,1
SIM-01891,2025-12-10,2025-12-20,11.38,5,12.24,10.25,200,135,67.5,60,1
SIM-01892,2025-05-15,2025-12-20,10.65,5,12.38,7.88,50,40,80.0,15,1
SIM-01892,2025-07-27,2025-12-20,10.56,5,11.82,8.49,100,75,75.0,30,1
SIM-01892,2025-10-08,2025-12-20,11.07,5,14.29,8.99,150,115,76.67,45,1
SIM-01892,2025-12-10,2025-12-20,11.91,5,13.37,9.75,200,155,77.5,60,1
SIM-01893,2025-05-15,2025-12-20,10.57,5,12.41,8.71,50,40,80.0,15,1
SIM-01893,2025-07-27,2025-12-20,11.29,5,13.15,10.01,100,85,85.0,30,1
SIM-01893,2025-10-08,2025-12-20,8.62,5,11.12,6.32,150,125,83.33,45,1
SIM-01893,2025-12-10,2025-12-20,7.64,5,10.6,4.09,200,150,75.0,60,1
SIM-01894,2025-05-15,2025-12-20,11.83,5,13.03,10.15,50,40,80.0,15,1
SIM-01894,2025-07-27,2025-12-20,11.8,5,15.07,8.43,100,70,70.0,30,1
SIM-01894,2025-10-08,2025-12-20,10.41,5,13.23,8.26,150,110,73.33,45,1
SIM-01894,2025-12-10,2025-12-20,12.82,5,16.8,7.42,200,140,70.0,60,1
SIM-01895,2025-05-15,2025-12-20,12.39,5,13.16,10.98,50,30,60.0,15,1
SIM-01895,2025-07-27,2025-12-20,13.08,5,17.23,9.85,100,70,70.0,30,1
SIM-01895,2025-10-08,2025-12-20,12.45,5,13.66,11.39,150,100,66.67,45,1
SIM-01895,2025-12-10,2025-12-20,14.52,5,19.18,11.76,200,130,65.0,60,1
SIM-01896,2025-05-15,2025-12-20,9.54,5,10.54,8.8,50,45,90.0,15,1
SIM-01896,2025-07-27,2025-12-20,10.29,5,14.15,6.76,100,80,80.0,30,1
SIM-01896,2025-10-08,2025-12-20,10.18,5,13.94,6.72,150,125,83.33,45,1
SIM-01896,2025-12-10,2025-12-20,8.57,5,13.02,3.19,200,165,82.5,60,1
SIM-01897,2025-05-15,2025-12-20,12.8,5,15.54,9.88,50,45,90.0,15,1
SIM-01897,2025-07-27,2025-12-20,11.2,5,14.11,8.61,100,95,95.0,30,1
SIM-01897,2025-10-08,2025-12-20,14.7,5,19.1,11.05,150,140,93.33,45,1
SIM-01897,2025-12-10,2025-12-20,13.08,5,20.0,7.92,200,190,95.0,60,1
SIM-01898,2025-05-15,2025-12-20,10.07,5,12.58,8.54,50,45,90.0,15,1
SIM-01898,2025-07-27,2025-12-20,12.31,5,16.18,8.99,100,80,80.0,30,1
SIM-01898,2025-10-08,2025-12-20,11.1,5,12.94,9.09,150,125,83.33,45,1
SIM-01898,2025-12-10,2025-12-20,11.16,5,14.92,5.09,200,170,85.0,60,1
SIM-01899,2025-05-15,2025-12-20,12.27,5,14.84,9.43,50,45,90.0,15,1
SIM-01899,2025-07-27,2025-12-20,11.71,5,13.63,8.69,100,90,90.0,30,1
SIM-01899,2025-10-08,2025-12-20,14.67,5,17.08,13.04,150,125,83.33,45,1
SIM-01899,2025-12-10,2025-12-20,14.67,5,18.85,9.67,200,175,87.5,60,1
SIM-01900,2025-05-15,2025-12-20,12.75,5,14.56,9.38,50,40,80.0,15,1
SIM-01900,2025-07-27,2025-12-20,12.59,5,14.25,9.52,100,80,80.0,30,1
SIM-01900,2025-10-08,2025-12-20,12.22,5,14.55,9.49,150,120,80.0,45,1
SIM-01900,2025-12-10,2025-12-20,12.97,5,16.12,9.96,200,170,85.0,60,1
SIM-01901,2025-05-15,2025-12-20,11.85,5,14.74,10.58,50,40,80.0,15,1
SIM-01901,2025-07-27,2025-12-20,12.05,5,13.59,9.9,100,80,80.0,30,1
SIM-01901,2025-10-08,2025-12-20,12.25,5,17.6,8.08,150,115,76.67,45,1
SIM-01901,2025-12-10,2025-12-20,12.83,5,20.0,7.28,200,165,82.5,60,1
SIM-01902,2025-05-15,2025-12-20,11.74,5,15.05,8.6,50,35,70.0,15,1
SIM-01902,2025-07-27,2025-12-20,11.72,5,14.42,9.83,100,70,70.0,30,1
SIM-01902,2025-10-08,2025-12-20,13.14,5,16.06,9.55,150,95,63.33,45,1
SIM-01902,2025-12-10,2025-12-20,12.72,5,20.0,7.34,200,135,67.5,60,1
SIM-01903,2025-05-15,2025-12-20,12.27,5,14.35,9.64,50,40,80.0,15,1
SIM-01903,2025-07-27,2025-12-20,10.6,5,16.51,6.14,100,75,75.0,30,1
SIM-01903,2025-10-08,2025-12-20,11.0,5,14.4,7.93,150,115,76.67,45,1
SIM-01903,2025-12-10,2025-12-20,11.13,5,17.43,6.63,200,135,67.5,60,1
SIM-01904,2025-05-15,2025-12-20,11.07,5,13.13,8.67,50,40,80.0,15,0
SIM-01904,2025-07-27,2025-12-20,14.37,5,17.55,11.74,100,80,80.0,30,0
SIM-01904,2025-10-08,2025-12-20,14.65,5,18.18,11.65,150,125,83.33,45,0
SIM-01904,2025-12-10,2025-12-20,17.28,5,18.67,14.67,200,165,82.5,60,0
SIM-01905,2025-05-15,2025-12-20,11.61,5,14.63,9.16,50,45,90.0,15,1
SIM-01905,2025-07-27,2025-12-20,11.47,5,12.59,10.85,100,85,85.0,30,1
SIM-01905,2025-10-08,2025-12-20,11.41,5,13.76,10.05,150,135,90.0,45,1
SIM-01905,2025-12-10,2025-12-20,13.24,5,19.7,9.08,200,185,92.5,60,1
SIM-01906,2025-05-15,2025-12-20,11.56,5,13.74,7.48,50,45,90.0,15,0
SIM-01906,2025-07-27,2025-12-20,14.66,5,16.21,11.21,100,100,100.0,30,0
SIM-01906,2025-10-08,2025-12-20,14.52,5,17.49,13.1,150,145,96.67,45,0
SIM-01906,2025-12-10,2025-12-20,15.5,5,19.92,10.96,200,185,92.5,60,0
SIM-01907,2025-05-15,2025-12-20,13.07,5,14.41,9.73,50,25,50.0,15,0
SIM-01907,2025-07-27,2025-12-20,12.27,5,15.17,10.12,100,55,55.0,30,0
SIM-01907,2025-10-08,2025-12-20,12.66,5,15.45,8.15,150,80,53.33,45,0
SIM-01907,2025-12-10,2025-12-20,11.2,5,12.19,9.64,200,105,52.5,60,0
SIM-01908,2025-05-15,2025-12-20,12.15,5,15.19,8.67,50,40,80.0,15,0
SIM-01908,2025-07-27,2025-12-20,14.67,5,17.77,10.68,100,70,70.0,30,0
SIM-01908,2025-10-08,2025-12-20,13.88,5,16.73,10.87,150,105,70.0,45,0
SIM-01908,2025-12-10,2025-12-20,15.47,5,19.03,12.9,200,150,75.0,60,0
SIM-01909,2025-05-15,2025-12-20,13.1,5,17.45,10.77,50,45,90.0,15,0
SIM-01909,2025-07-27,2025-12-20,14.24,5,17.36,11.1,100,85,85.0,30,0
SIM-01909,2025-10-08,2025-12-20,15.76,5,17.92,11.54,150,135,90.0,45,0
SIM-01909,2025-12-10,2025-12-20,17.81,5,19.41,13.59,200,165,82.5,60,0
SIM-01910,2025-05-15,2025-12-20,12.42,5,15.95,8.56,50,45,90.0,15,0
SIM-01910,2025-07-27,2025-12-20,13.53,5,15.15,11.56,100,95,95.0,30,0
SIM-01910,2025-10-08,2025-12-20,15.47,5,18.74,13.6,150,135,90.0,45,0
SIM-01910,2025-12-10,2025-12-20,14.52,5,16.35,11.81,200,180,90.0,60,0
SIM-01911,2025-05-15,2025-12-20,12.7,5,13.42,11.7,50,45,90.0,15,0
SIM-01911,2025-07-27,2025-12-20,14.7,5,16.44,12.44,100,90,90.0,30,0
SIM-01911,2025-10-08,2025-12-20,13.7,5,15.53,8.61,150,130,86.67,45,0
SIM-01911,2025-12-10,2025-12-20,15.96,5,18.49,14.27,200,175,87.5,60,0
SIM-01912,2025-05-15,2025-12-20,11.32,5,12.45,9.58,50,35,70.0,15,1
SIM-01912,2025-07-27,2025-12-20,12.55,5,14.58,10.66,100,65,65.0,30,1
SIM-01912,2025-10-08,2025-12-20,10.72,5,13.26,6.78,150,90,60.0,45,1
SIM-01912,2025-12-10,2025-12-20,10.57,5,11.73,8.23,200,140,70.0,60,1
SIM-01913,2025-05-15,2025-12-20,11.59,5,13.42,9.84,50,20,40.0,15,1
SIM-01913,2025-07-27,2025-12-20,12.61,5,15.33,9.71,100,30,30.0,30,1
SIM-01913,2025-10-08,2025-12-20,11.94,5,14.59,9.95,150,60,40.0,45,1
SIM-01913,2025-12-10,2025-12-20,11.99,5,14.85,9.07,200,80,40.0,60,1
SIM-01914,2025-05-15,2025-12-20,11.27,5,14.88,8.27,50,45,90.0,15,1
SIM-01914,2025-07-27,2025-12-20,11.63,5,14.28,9.65,100,90,90.0,30,1
SIM-01914,2025-10-08,2025-12-20,11.29,5,12.43,9.25,150,140,93.33,45,1
SIM-01914,2025-12-10,2025-12-20,13.32,5,16.23,10.79,200,180,90.0,60,1
SIM-01915,2025-05-15,2025-12-20,9.2,5,11.42,6.39,50,35,70.0,15,1
SIM-01915,2025-07-27,2025-12-20,9.89,5,12.09,8.04,100,80,80.0,30,1
SIM-01915,2025-10-08,2025-12-20,7.28,5,9.71,5.92,150,115,76.67,45,1
SIM-01915,2025-12-10,2025-12-20,8.22,5,11.02,7.06,200,150,75.0,60,1
SIM-01916,2025-05-15,2025-12-20,10.38,5,14.39,4.34,50,40,80.0,15,1
SIM-01916,2025-07-27,2025-12-20,9.97,5,12.95,8.05,100,80,80.0,30,1
SIM-01916,2025-10-08,2025-12-20,12.14,5,15.56,7.57,150,120,80.0,45,1
SIM-01916,2025-12-10,2025-12-20,11.9,5,14.79,6.39,200,165,82.5,60,1
SIM-01917,2025-05-15,2025-12-20,11.21,5,13.96,8.31,50,35,70.0,15,1
SIM-01917,2025-07-27,2025-12-20,11.05,5,14.21,8.59,100,70,70.0,30,1
SIM-01917,2025-10-08,2025-12-20,9.97,5,12.65,7.9,150,100,66.67,45,1
SIM-01917,2025-12-10,2025-12-20,8.74,5,12.14,4.52,200,125,62.5,60,1
SIM-01918,2025-05-15,2025-12-20,11.25,5,12.38,10.67,50,45,90.0,15,1
SIM-01918,2025-07-27,2025-12-20,9.61,5,11.05,6.34,100,90,90.0,30,1
SIM-01918,2025-10-08,2025-12-20,8.45,5,12.24,4.5,150,135,90.0,45,1
SIM-01918,2025-12-10,2025-12-20,7.54,5,9.87,5.34,200,190,95.0,60,1
SIM-01919,2025-05-15,2025-12-20,11.0,5,12.92,9.94,50,40,80.0,15,1
SIM-01919,2025-07-27,2025-12-20,11.13,5,14.15,7.49,100,90,90.0,30,1
SIM-01919,2025-10-08,2025-12-20,12.18,5,14.73,8.05,150,140,93.33,45,1
SIM-01919,2025-12-10,2025-12-20,14.05,5,18.78,12.35,200,175,87.5,60,1
SIM-01920,2025-05-15,2025-12-20,12.11,5,14.23,9.81,50,45,90.0,15,0
SIM-01920,2025-07-27,2025-12-20,14.07,5,16.65,10.97,100,90,90.0,30,0
SIM-01920,2025-10-08,2025-12-20,15.99,5,18.83,13.97,150,140,93.33,45,0
SIM-01920,2025-12-10,2025-12-20,14.35,5,16.83,10.62,200,200,100.0,60,0
SIM-01921,2025-05-15,2025-12-20,12.42,5,13.5,11.08,50,45,90.0,15,1
SIM-01921,2025-07-27,2025-12-20,9.73,5,12.74,7.84,100,85,85.0,30,1
SIM-01921,2025-10-08,2025-12-20,10.93,5,13.92,7.37,150,130,86.67,45,1
SIM-01921,2025-12-10,2025-12-20,12.75,5,16.26,9.61,200,170,85.0,60,1
SIM-01922,2025-05-15,2025-12-20,10.88,5,14.03,7.45,50,40,80.0,15,0
SIM-01922,2025-07-27,2025-12-20,13.52,5,18.33,10.01,100,75,75.0,30,0
SIM-01922,2025-10-08,2025-12-20,12.85,5,18.09,10.32,150,120,80.0,45,0
SIM-01922,2025-12-10,2025-12-20,13.39,5,16.27,10.61,200,165,82.5,60,0
SIM-01923,2025-05-15,2025-12-20,11.42,5,13.96,7.51,50,50,100.0,15,0
SIM-01923,2025-07-27,2025-12-20,13.64,5,16.11,11.16,100,95,95.0,30,0
SIM-01923,2025-10-08,2025-12-20,13.14,5,17.35,9.72,150,140,93.33,45,0
SIM-01923,2025-12-10,2025-12-20,14.75,5,20.0,10.14,200,195,97.5,60,0
SIM-01924,2025-05-15,2025-12-20,12.59,5,13.61,10.96,50,50,100.0,15,0
SIM-01924,2025-07-27,2025-12-20,13.71,5,16.29,10.05,100,95,95.0,30,0
SIM-01924,2025-10-08,2025-12-20,14.67,5,16.41,10.95,150,150,100.0,45,0
SIM-01924,2025-12-10,2025-12-20,14.95,5,19.23,11.81,200,200,100.0,60,0
SIM-01925,2025-05-15,2025-12-20,13.24,5,16.96,9.71,50,30,60.0,15,0
SIM-01925,2025-07-27,2025-12-20,13.0,5,17.87,9.99,100,55,55.0,30,0
SIM-01925,2025-10-08,2025-12-20,15.63,5,16.97,12.83,150,80,53.33,45,0
SIM-01925,2025-12-10,2025-12-20,14.65,5,20.0,9.25,200,115,57.5,60,0
SIM-01926,2025-05-15,2025-12-20,11.94,5,13.18,9.76,50,40,80.0,15,0
SIM-01926,2025-07-27,2025-12-20,11.7,5,13.77,8.7,100,85,85.0,30,0
SIM-01926,2025-10-08,2025-12-20,15.03,5,18.55,11.14,150,130,86.67,45,0
SIM-01926,2025-12-10,2025-12-20,15.62,5,18.75,11.86,200,165,82.5,60,0
SIM-01927,2025-05-15,2025-12-20,9.91,5,11.34,9.2,50,45,90.0,15,1
SIM-01927,2025-07-27,2025-12-20,11.86,5,14.93,9.33,100,80,80.0,30,1
SIM-01927,2025-10-08,2025-12-20,12.0,5,14.75,8.34,150,140,93.33,45,1
SIM-01927,2025-12-10,2025-12-20,8.6,5,10.98,4.45,200,185,92.5,60,1
SIM-01928,2025-05-15,2025-12-20,10.61,5,12.68,8.32,50,50,100.0,15,1
SIM-01928,2025-07-27,2025-12-20,11.92,5,14.24,8.38,100,100,100.0,30,1
SIM-01928,2025-10-08,2025-12-20,11.68,5,13.82,7.57,150,145,96.67,45,1
SIM-01928,2025-12-10,2025-12-20,11.0,5,15.67,4.72,200,195,97.5,60,1
SIM-01929,2025-05-15,2025-12-20,10.57,5,11.84,9.92,50,45,90.0,15,0
SIM-01929,2025-07-27,2025-12-20,13.56,5,15.91,10.61,100,90,90.0,30,0
SIM-01929,2025-10-08,2025-12-20,13.89,5,16.22,11.91,150,140,93.33,45,0
SIM-01929,2025-12-10,2025-12-20,15.75,5,20.0,12.06,200,180,90.0,60,0
SIM-01930,2025-05-15,2025-12-20,12.11,5,13.65,9.77,50,50,100.0,15,1
SIM-01930,2025-07-27,2025-12-20,11.27,5,13.18,7.82,100,95,95.0,30,1
SIM-01930,2025-10-08,2025-12-20,12.24,5,14.0,10.84,150,135,90.0,45,1
SIM-01930,2025-12-10,2025-12-20,10.17,5,15.49,6.34,200,200,100.0,60,1
SIM-01931,2025-05-15,2025-12-20,10.66,5,13.57,8.43,50,50,100.0,15,1
SIM-01931,2025-07-27,2025-12-20,11.02,5,13.55,9.91,100,90,90.0,30,1
SIM-01931,2025-10-08,2025-12-20,9.63,5,11.72,7.29,150,145,96.67,45,1
SIM-01931,2025-12-10,2025-12-20,10.01,5,12.49,7.27,200,185,92.5,60,1
SIM-01932,2025-05-15,2025-12-20,10.24,5,13.21,6.33,50,30,60.0,15,1
SIM-01932,2025-07-27,2025-12-20,13.07,5,17.14,11.65,100,55,55.0,30,1
SIM-01932,2025-10-08,2025-12-20,12.53,5,14.69,10.03,150,85,56.67,45,1
SIM-01932,2025-12-10,2025-12-20,12.3,5,15.05,9.96,200,110,55.0,60,1
SIM-01933,2025-05-15,2025-12-20,10.43,5,13.5,7.57,50,45,90.0,15,1
SIM-01933,2025-07-27,2025-12-20,11.01,5,14.19,8.13,100,85,85.0,30,1
SIM-01933,2025-10-08,2025-12-20,10.6,5,13.21,7.01,150,125,83.33,45,1
SIM-01933,2025-12-10,2025-12-20,10.11,5,13.29,4.24,200,175,87.5,60,1
SIM-01934,2025-05-15,2025-12-20,13.13,5,15.26,11.33,50,45,90.0,15,0
SIM-01934,2025-07-27,2025-12-20,12.88,5,16.08,9.61,100,90,90.0,30,0
SIM-01934,2025-10-08,2025-12-20,13.59,5,15.02,11.63,150,130,86.67,45,0
SIM-01934,2025-12-10,2025-12-20,16.02,5,20.0,11.89,200,185,92.5,60,0
SIM-01935,2025-05-15,2025-12-20,11.42,5,12.63,9.94,50,40,80.0,15,0
SIM-01935,2025-07-27,2025-12-20,13.36,5,16.11,11.55,100,80,80.0,30,0
SIM-01935,2025-10-08,2025-12-20,14.97,5,18.19,11.28,150,120,80.0,45,0
SIM-01935,2025-12-10,2025-12-20,13.21,5,14.31,12.27,200,165,82.5,60,0
SIM-01936,2025-05-15,2025-12-20,10.97,5,12.3,9.28,50,45,90.0,15,1
SIM-01936,2025-07-27,2025-12-20,11.17,5,13.07,9.44,100,100,100.0,30,1
SIM-01936,2025-10-08,2025-12-20,10.07,5,12.31,8.08,150,140,93.33,45,1
SIM-01936,2025-12-10,2025-12-20,11.1,5,14.01,8.39,200,200,100.0,60,1
SIM-01937,2025-05-15,2025-12-20,10.94,5,12.77,9.32,50,40,80.0,15,1
SIM-01937,2025-07-27,2025-12-20,9.97,5,15.11,5.41,100,80,80.0,30,1
SIM-01937,2025-10-08,2025-12-20,8.02,5,11.64,3.76,150,125,83.33,45,1
SIM-01937,2025-12-10,2025-12-20,9.06,5,13.49,5.97,200,150,75.0,60,1
SIM-01938,2025-05-15,2025-12-20,10.97,5,12.82,8.48,50,45,90.0,15,1
SIM-01938,2025-07-27,2025-12-20,12.36,5,14.48,10.71,100,95,95.0,30,1
SIM-01938,2025-10-08,2025-12-20,13.87,5,20.0,11.58,150,135,90.0,45,1
SIM-01938,2025-12-10,2025-12-20,14.47,5,20.0,10.09,200,190,95.0,60,1
SIM-01939,2025-05-15,2025-12-20,12.15,5,14.14,9.41,50,30,60.0,15,1
SIM-01939,2025-07-27,2025-12-20,11.1,5,12.72,9.1,100,65,65.0,30,1
SIM-01939,2025-10-08,2025-12-20,10.8,5,13.45,9.76,150,105,70.0,45,1
SIM-01939,2025-12-10,2025-12-20,12.5,5,14.79,10.34,200,130,65.0,60,1
SIM-01940,2025-05-15,2025-12-20,10.78,5,14.96,8.24,50,45,90.0,15,1
SIM-01940,2025-07-27,2025-12-20,12.53,5,13.86,10.46,100,90,90.0,30,1
SIM-01940,2025-10-08,2025-12-20,12.19,5,14.63,7.61,150,130,86.67,45,1
SIM-01940,2025-12-10,2025-12-20,12.83,5,19.24,9.58,200,165,82.5,60,1
SIM-01941,2025-05-15,2025-12-20,11.47,5,12.78,9.07,50,30,60.0,15,0
SIM-01941,2025-07-27,2025-12-20,12.08,5,14.39,10.51,100,45,45.0,30,0
SIM-01941,2025-10-08,2025-12-20,14.14,5,18.53,11.25,150,90,60.0,45,0
SIM-01941,2025-12-10,2025-12-20,13.31,5,17.35,10.33,200,110,55.0,60,0
SIM-01942,2025-05-15,2025-12-20,12.02,5,15.08,9.34,50,35,70.0,15,0
SIM-01942,2025-07-27,2025-12-20,11.49,5,14.61,9.42,100,60,60.0,30,0
SIM-01942,2025-10-08,2025-12-20,12.37,5,14.58,9.96,150,95,63.33,45,0
SIM-01942,2025-12-10,2025-12-20,12.67,5,14.93,8.14,200,135,67.5,60,0
SIM-01943,2025-05-15,2025-12-20,12.04,5,13.35,9.72,50,50,100.0,15,0
SIM-01943,2025-07-27,2025-12-20,13.97,5,15.71,11.73,100,95,95.0,30,0
SIM-01943,2025-10-08,2025-12-20,13.25,5,17.26,11.59,150,140,93.33,45,0
SIM-01943,2025-12-10,2025-12-20,12.46,5,14.99,10.43,200,170,85.0,60,0
SIM-01944,2025-05-15,2025-12-20,10.7,5,12.12,9.7,50,45,90.0,15,0
SIM-01944,2025-07-27,2025-12-20,11.37,5,14.22,8.62,100,90,90.0,30,0
SIM-01944,2025-10-08,2025-12-20,12.8,5,17.05,10.44,150,135,90.0,45,0
SIM-01944,2025-12-10,2025-12-20,13.98,5,15.92,12.54,200,185,92.5,60,0
SIM-01945,2025-05-15,2025-12-20,11.59,5,14.65,9.29,50,40,80.0,15,1
SIM-01945,2025-07-27,2025-12-20,10.45,5,16.2,6.96,100,80,80.0,30,1
SIM-01945,2025-10-08,2025-12-20,12.52,5,17.33,8.0,150,135,90.0,45,1
SIM-01945,2025-12-10,2025-12-20,11.55,5,15.99,8.07,200,165,82.5,60,1
SIM-01946,2025-05-15,2025-12-20,12.51,5,13.81,10.26,50,45,90.0,15,0
SIM-01946,2025-07-27,2025-12-20,14.15,5,16.83,12.3,100,85,85.0,30,0
SIM-01946,2025-10-08,2025-12-20,16.8,5,20.0,14.3,150,135,90.0,45,0
SIM-01946,2025-12-10,2025-12-20,17.82,5,20.0,13.57,200,195,97.5,60,0
SIM-01947,2025-05-15,2025-12-20,11.44,5,13.28,9.48,50,45,90.0,15,1
SIM-01947,2025-07-27,2025-12-20,9.99,5,12.17,7.11,100,85,85.0,30,1
SIM-01947,2025-10-08,2025-12-20,11.4,5,14.48,6.59,150,125,83.33,45,1
SIM-01947,2025-12-10,2025-12-20,10.32,5,14.63,6.59,200,185,92.5,60,1
SIM-01948,2025-05-15,2025-12-20,11.52,5,14.7,9.57,50,45,90.0,15,1
SIM-01948,2025-07-27,2025-12-20,10.7,5,12.94,7.51,100,90,90.0,30,1
SIM-01948,2025-10-08,2025-12-20,12.24,5,14.23,10.45,150,140,93.33,45,1
SIM-01948,2025-12-10,2025-12-20,12.18,5,17.16,9.24,200,180,90.0,60,1
SIM-01949,2025-05-15,2025-12-20,10.39,5,11.88,8.48,50,45,90.0,15,1
SIM-01949,2025-07-27,2025-12-20,12.04,5,13.57,10.6,100,85,85.0,30,1
SIM-01949,2025-10-08,2025-12-20,12.04,5,14.35,10.57,150,120,80.0,45,1
SIM-01949,2025-12-10,2025-12-20,12.18,5,14.51,7.37,200,175,87.5,60,1
SIM-01950,2025-05-15,2025-12-20,9.84,5,11.83,7.16,50,40,80.0,15,1
SIM-01950,2025-07-27,2025-12-20,10.51,5,11.17,9.86,100,80,80.0,30,1
SIM-01950,2025-10-08,2025-12-20,10.15,5,12.14,7.21,150,115,76.67,45,1
SIM-01950,2025-12-10,2025-12-20,9.32,5,15.75,4.76,200,170,85.0,60,1
SIM-01951,2025-05-15,2025-12-20,12.13,5,16.09,9.36,50,45,90.0,15,0
SIM-01951,2025-07-27,2025-12-20,12.56,5,15.65,10.4,100,90,90.0,30,0
SIM-01951,2025-10-08,2025-12-20,12.84,5,14.47,11.84,150,135,90.0,45,0
SIM-01951,2025-12-10,2025-12-20,16.72,5,19.12,14.87,200,185,92.5,60,0
SIM-01952,2025-05-15,2025-12-20,12.17,5,13.83,9.99,50,35,70.0,15,1
SIM-01952,2025-07-27,2025-12-20,10.54,5,12.96,7.33,100,70,70.0,30,1
SIM-01952,2025-10-08,2025-12-20,11.92,5,18.17,7.46,150,100,66.67,45,1
SIM-01952,2025-12-10,2025-12-20,11.76,5,17.01,6.8,200,150,75.0,60,1
SIM-01953,2025-05-15,2025-12-20,14.12,5,16.31,12.06,50,40,80.0,15,0
SIM-01953,2025-07-27,2025-12-20,15.35,5,17.4,11.71,100,75,75.0,30,0
SIM-01953,2025-10-08,2025-12-20,16.17,5,18.19,14.37,150,120,80.0,45,0
SIM-01953,2025-12-10,2025-12-20,16.5,5,20.0,11.19,200,145,72.5,60,0
SIM-01954,2025-05-15,2025-12-20,11.98,5,13.6,10.71,50,40,80.0,15,0
SIM-01954,2025-07-27,2025-12-20,12.49,5,15.56,10.51,100,80,80.0,30,0
SIM-01954,2025-10-08,2025-12-20,13.66,5,15.78,12.22,150,110,73.33,45,0
SIM-01954,2025-12-10,2025-12-20,15.37,5,17.44,12.88,200,150,75.0,60,0
SIM-01955,2025-05-15,2025-12-20,11.8,5,14.12,10.12,50,50,100.0,15,1
SIM-01955,2025-07-27,2025-12-20,11.99,5,13.69,9.6,100,100,100.0,30,1
SIM-01955,2025-10-08,2025-12-20,11.7,5,12.89,10.57,150,140,93.33,45,1
SIM-01955,2025-12-10,2025-12-20,11.43,5,15.82,7.62,200,200,100.0,60,1
SIM-01956,2025-05-15,2025-12-20,12.77,5,14.64,9.5,50,35,70.0,15,1
SIM-01956,2025-07-27,2025-12-20,12.03,5,13.61,10.13,100,75,75.0,30,1
SIM-01956,2025-10-08,2025-12-20,11.95,5,13.12,10.29,150,110,73.33,45,1
SIM-01956,2025-12-10,2025-12-20,11.35,5,14.95,6.49,200,145,72.5,60,1
SIM-01957,2025-05-15,2025-12-20,11.94,5,14.62,10.57,50,35,70.0,15,0
SIM-01957,2025-07-27,2025-12-20,13.2,5,15.08,11.14,100,60,60.0,30,0
SIM-01957,2025-10-08,2025-12-20,14.64,5,16.08,12.91,150,100,66.67,45,0
SIM-01957,2025-12-10,2025-12-20,16.78,5,19.43,12.36,200,130,65.0,60,0
SIM-01958,2025-05-15,2025-12-20,12.55,5,14.6,9.47,50,50,100.0,15,0
SIM-01958,2025-07-27,2025-12-20,14.0,5,15.91,11.41,100,100,100.0,30,0
SIM-01958,2025-10-08,2025-12-20,17.05,5,18.98,16.09,150,145,96.67,45,0
SIM-01958,2025-12-10,2025-12-20,18.02,5,20.0,15.49,200,200,100.0,60,0
SIM-01959,2025-05-15,2025-12-20,11.07,5,11.88,10.37,50,45,90.0,15,0
SIM-01959,2025-07-27,2025-12-20,13.34,5,16.49,8.99,100,85,85.0,30,0
SIM-01959,2025-10-08,2025-12-20,13.81,5,17.56,9.87,150,125,83.33,45,0
SIM-01959,2025-12-10,2025-12-20,13.53,5,18.04,8.44,200,175,87.5,60,0
SIM-01960,2025-05-15,2025-12-20,13.2,5,14.8,11.79,50,45,90.0,15,1
SIM-01960,2025-07-27,2025-12-20,13.15,5,14.43,11.02,100,90,90.0,30,1
SIM-01960,2025-10-08,2025-12-20,12.5,5,16.35,8.04,150,130,86.67,45,1
SIM-01960,2025-12-10,2025-12-20,13.61,5,16.38,11.43,200,180,90.0,60,1
SIM-01961,2025-05-15,2025-12-20,10.42,5,12.46,7.97,50,35,70.0,15,0
SIM-01961,2025-07-27,2025-12-20,13.28,5,14.93,10.65,100,70,70.0,30,0
SIM-01961,2025-10-08,2025-12-20,15.55,5,17.72,12.18,150,105,70.0,45,0
SIM-01961,2025-12-10,2025-12-20,14.9,5,18.09,11.36,200,135,67.5,60,0
SIM-01962,2025-05-15,2025-12-20,12.15,5,13.06,11.17,50,35,70.0,15,1
SIM-01962,2025-07-27,2025-12-20,12.19,5,14.77,8.46,100,70,70.0,30,1
SIM-01962,2025-10-08,2025-12-20,13.4,5,18.68,10.25,150,100,66.67,45,1
SIM-01962,2025-12-10,2025-12-20,13.72,5,20.0,9.84,200,145,72.5,60,1
SIM-01963,2025-05-15,2025-12-20,11.95,5,13.28,10.53,50,35,70.0,15,0
SIM-01963,2025-07-27,2025-12-20,13.4,5,15.46,11.26,100,70,70.0,30,0
SIM-01963,2025-10-08,2025-12-20,15.14,5,17.05,12.95,150,105,70.0,45,0
SIM-01963,2025-12-10,2025-12-20,16.79,5,19.5,15.6,200,140,70.0,60,0
SIM-01964,2025-05-15,2025-12-20,9.51,5,11.15,7.45,50,50,100.0,15,1
SIM-01964,2025-07-27,2025-12-20,8.94,5,11.59,5.56,100,100,100.0,30,1
SIM-01964,2025-10-08,2025-12-20,8.48,5,11.65,6.96,150,150,100.0,45,1
SIM-01964,2025-12-10,2025-12-20,7.39,5,9.63,4.19,200,185,92.5,60,1
SIM-01965,2025-05-15,2025-12-20,12.83,5,14.65,11.15,50,35,70.0,15,0
SIM-01965,2025-07-27,2025-12-20,12.0,5,15.97,7.78,100,70,70.0,30,0
SIM-01965,2025-10-08,2025-12-20,12.95,5,16.87,9.5,150,105,70.0,45,0
SIM-01965,2025-12-10,2025-12-20,12.38,5,16.04,9.62,200,140,70.0,60,0
SIM-01966,2025-05-15,2025-12-20,12.56,5,15.3,10.07,50,45,90.0,15,1
SIM-01966,2025-07-27,2025-12-20,12.85,5,14.22,8.67,100,95,95.0,30,1
SIM-01966,2025-10-08,2025-12-20,12.31,5,15.85,7.97,150,145,96.67,45,1
SIM-01966,2025-12-10,2025-12-20,13.79,5,20.0,6.95,200,200,100.0,60,1
SIM-01967,2025-05-15,2025-12-20,11.34,5,13.25,8.25,50,40,80.0,15,1
SIM-01967,2025-07-27,2025-12-20,11.04,5,13.15,9.06,100,90,90.0,30,1
SIM-01967,2025-10-08,2025-12-20,13.76,5,15.73,10.83,150,120,80.0,45,1
SIM-01967,2025-12-10,2025-12-20,13.95,5,16.41,7.31,200,165,82.5,60,1
SIM-01968,2025-05-15,2025-12-20,12.21,5,14.03,9.04,50,45,90.0,15,0
SIM-01968,2025-07-27,2025-12-20,12.25,5,14.45,9.92,100,80,80.0,30,0
SIM-01968,2025-10-08,2025-12-20,13.98,5,17.36,11.64,150,120,80.0,45,0
SIM-01968,2025-12-10,2025-12-20,14.13,5,17.5,9.56,200,165,82.5,60,0
SIM-01969,2025-05-15,2025-12-20,10.4,5,12.9,9.04,50,35,70.0,15,1
SIM-01969,2025-07-27,2025-12-20,9.39,5,12.75,5.83,100,60,60.0,30,1
SIM-01969,2025-10-08,2025-12-20,10.4,5,11.09,10.07,150,95,63.33,45,1
SIM-01969,2025-12-10,2025-12-20,9.54,5,11.66,6.83,200,125,62.5,60,1
SIM-01970,2025-05-15,2025-12-20,11.19,5,15.11,8.05,50,35,70.0,15,0
SIM-01970,2025-07-27,2025-12-20,12.82,5,15.61,9.85,100,70,70.0,30,0
SIM-01970,2025-10-08,2025-12-20,14.61,5,16.78,13.2,150,110,73.33,45,0
SIM-01970,2025-12-10,2025-12-20,13.94,5,18.3,10.79,200,145,72.5,60,0
SIM-01971,2025-05-15,2025-12-20,10.81,5,12.27,8.94,50,35,70.0,15,1
SIM-01971,2025-07-27,2025-12-20,11.53,5,14.49,9.73,100,80,80.0,30,1
SIM-01971,2025-10-08,2025-12-20,11.61,5,13.82,7.31,150,125,83.33,45,1
SIM-01971,2025-12-10,2025-12-20,11.3,5,14.37,8.49,200,155,77.5,60,1
SIM-01972,2025-05-15,2025-12-20,11.76,5,14.46,6.58,50,35,70.0,15,1
SIM-01972,2025-07-27,2025-12-20,10.06,5,13.73,4.84,100,80,80.0,30,1
SIM-01972,2025-10-08,2025-12-20,10.44,5,13.86,7.33,150,105,70.0,45,1
SIM-01972,2025-12-10,2025-12-20,10.33,5,13.16,8.79,200,150,75.0,60,1
SIM-01973,2025-05-15,2025-12-20,11.73,5,13.11,10.5,50,35,70.0,15,1
SIM-01973,2025-07-27,2025-12-20,11.76,5,13.76,9.35,100,80,80.0,30,1
SIM-01973,2025-10-08,2025-12-20,14.82,5,18.08,10.77,150,110,73.33,45,1
SIM-01973,2025-12-10,2025-12-20,16.39,5,19.39,11.54,200,150,75.0,60,1
SIM-01974,2025-05-15,2025-12-20,12.3,5,14.68,10.68,50,35,70.0,15,0
SIM-01974,2025-07-27,2025-12-20,13.14,5,15.06,8.79,100,65,65.0,30,0
SIM-01974,2025-10-08,2025-12-20,13.44,5,17.2,10.83,150,90,60.0,45,0
SIM-01974,2025-12-10,2025-12-20,15.19,5,18.3,10.67,200,135,67.5,60,0
SIM-01975,2025-05-15,2025-12-20,12.4,5,13.99,11.74,50,40,80.0,15,0
SIM-01975,2025-07-27,2025-12-20,14.92,5,16.52,12.81,100,90,90.0,30,0
SIM-01975,2025-10-08,2025-12-20,16.89,5,17.95,15.05,150,125,83.33,45,0
SIM-01975,2025-12-10,2025-12-20,19.24,5,20.0,18.27,200,175,87.5,60,0
SIM-01976,2025-05-15,2025-12-20,11.0,5,12.64,8.76,50,45,90.0,15,0
SIM-01976,2025-07-27,2025-12-20,15.61,5,17.38,13.27,100,90,90.0,30,0
SIM-01976,2025-10-08,2025-12-20,18.22,5,20.0,15.39,150,135,90.0,45,0
SIM-01976,2025-12-10,2025-12-20,18.33,5,20.0,16.49,200,175,87.5,60,0
SIM-01977,2025-05-15,2025-12-20,10.19,5,12.48,8.77,50,25,50.0,15,1
SIM-01977,2025-07-27,2025-12-20,10.73,5,13.51,2.37,100,50,50.0,30,1
SIM-01977,2025-10-08,2025-12-20,9.68,5,10.9,6.86,150,70,46.67,45,1
SIM-01977,2025-12-10,2025-12-20,8.17,5,12.57,2.27,200,95,47.5,60,1
SIM-01978,2025-05-15,2025-12-20,12.72,5,15.55,9.98,50,30,60.0,15,1
SIM-01978,2025-07-27,2025-12-20,11.34,5,14.68,9.45,100,55,55.0,30,1
SIM-01978,2025-10-08,2025-12-20,11.7,5,14.12,6.36,150,75,50.0,45,1
SIM-01978,2025-12-10,2025-12-20,11.82,5,19.84,5.39,200,110,55.0,60,1
SIM-01979,2025-05-15,2025-12-20,12.05,5,13.6,9.18,50,40,80.0,15,0
SIM-01979,2025-07-27,2025-12-20,13.12,5,16.21,11.01,100,80,80.0,30,0
SIM-01979,2025-10-08,2025-12-20,14.21,5,16.37,9.52,150,125,83.33,45,0
SIM-01979,2025-12-10,2025-12-20,17.61,5,20.0,14.2,200,160,80.0,60,0
SIM-01980,2025-05-15,2025-12-20,12.54,5,14.37,10.93,50,35,70.0,15,1
SIM-01980,2025-07-27,2025-12-20,12.89,5,16.97,9.34,100,80,80.0,30,1
SIM-01980,2025-10-08,2025-12-20,12.36,5,19.34,7.4,150,110,73.33,45,1
SIM-01980,2025-12-10,2025-12-20,13.4,5,17.49,7.28,200,140,70.0,60,1
SIM-01981,2025-05-15,2025-12-20,13.21,5,15.46,10.75,50,40,80.0,15,0
SIM-01981,2025-07-27,2025-12-20,15.95,5,18.19,13.78,100,90,90.0,30,0
SIM-01981,2025-10-08,2025-12-20,15.94,5,19.6,13.69,150,120,80.0,45,0
SIM-01981,2025-12-10,2025-12-20,18.13,5,20.0,14.05,200,165,82.5,60,0
SIM-01982,2025-05-15,2025-12-20,10.89,5,13.99,8.96,50,45,90.0,15,1
SIM-01982,2025-07-27,2025-12-20,10.63,5,13.63,8.65,100,85,85.0,30,1
SIM-01982,2025-10-08,2025-12-20,9.46,5,10.14,7.93,150,130,86.67,45,1
SIM-01982,2025-12-10,2025-12-20,8.73,5,11.03,6.8,200,185,92.5,60,1
SIM-01983,2025-05-15,2025-12-20,11.31,5,14.45,8.76,50,35,70.0,15,1
SIM-01983,2025-07-27,2025-12-20,10.96,5,12.8,7.68,100,70,70.0,30,1
SIM-01983,2025-10-08,2025-12-20,12.26,5,13.58,11.07,150,100,66.67,45,1
SIM-01983,2025-12-10,2025-12-20,12.48,5,15.1,7.55,200,140,70.0,60,1
SIM-01984,2025-05-15,2025-12-20,11.11,5,12.88,7.29,50,40,80.0,15,1
SIM-01984,2025-07-27,2025-12-20,10.78,5,15.32,8.05,100,80,80.0,30,1
SIM-01984,2025-10-08,2025-12-20,11.72,5,13.59,8.15,150,120,80.0,45,1
SIM-01984,2025-12-10,2025-12-20,11.48,5,13.97,8.7,200,170,85.0,60,1
SIM-01985,2025-05-15,2025-12-20,11.42,5,12.66,8.41,50,20,40.0,15,0
SIM-01985,2025-07-27,2025-12-20,12.07,5,15.86,8.53,100,40,40.0,30,0
SIM-01985,2025-10-08,2025-12-20,12.8,5,16.55,9.23,150,65,43.33,45,0
SIM-01985,2025-12-10,2025-12-20,13.34,5,19.12,7.1,200,75,37.5,60,0
SIM-01986,2025-05-15,2025-12-20,12.92,5,14.52,11.43,50,45,90.0,15,0
SIM-01986,2025-07-27,2025-12-20,15.49,5,17.07,12.85,100,85,85.0,30,0
SIM-01986,2025-10-08,2025-12-20,14.8,5,17.39,13.07,150,125,83.33,45,0
SIM-01986,2025-12-10,2025-12-20,17.01,5,20.0,13.15,200,170,85.0,60,0
SIM-01987,2025-05-15,2025-12-20,12.16,5,14.28,8.63,50,50,100.0,15,1
SIM-01987,2025-07-27,2025-12-20,10.81,5,12.77,9.54,100,95,95.0,30,1
SIM-01987,2025-10-08,2025-12-20,13.04,5,14.42,11.74,150,130,86.67,45,1
SIM-01987,2025-12-10,2025-12-20,12.8,5,17.49,7.78,200,195,97.5,60,1
SIM-01988,2025-05-15,2025-12-20,13.11,5,16.33,11.33,50,40,80.0,15,1
SIM-01988,2025-07-27,2025-12-20,13.06,5,14.39,11.97,100,80,80.0,30,1
SIM-01988,2025-10-08,2025-12-20,13.85,5,19.12,10.18,150,125,83.33,45,1
SIM-01988,2025-12-10,2025-12-20,13.54,5,15.34,10.33,200,160,80.0,60,1
SIM-01989,2025-05-15,2025-12-20,10.74,5,12.07,7.7,50,40,80.0,15,1
SIM-01989,2025-07-27,2025-12-20,10.02,5,11.65,8.93,100,80,80.0,30,1
SIM-01989,2025-10-08,2025-12-20,10.91,5,13.15,8.79,150,110,73.33,45,1
SIM-01989,2025-12-10,2025-12-20,12.21,5,13.4,9.95,200,140,70.0,60,1
SIM-01990,2025-05-15,2025-12-20,11.91,5,13.4,11.01,50,30,60.0,15,1
SIM-01990,2025-07-27,2025-12-20,9.74,5,11.14,6.2,100,60,60.0,30,1
SIM-01990,2025-10-08,2025-12-20,11.09,5,12.52,9.18,150,95,63.33,45,1
SIM-01990,2025-12-10,2025-12-20,10.93,5,12.53,8.79,200,115,57.5,60,1
SIM-01991,2025-05-15,2025-12-20,10.37,5,11.97,8.09,50,45,90.0,15,1
SIM-01991,2025-07-27,2025-12-20,9.97,5,11.42,8.7,100,85,85.0,30,1
SIM-01991,2025-10-08,2025-12-20,11.81,5,13.74,9.22,150,125,83.33,45,1
SIM-01991,2025-12-10,2025-12-20,11.65,5,13.21,9.02,200,160,80.0,60,1
SIM-01992,2025-05-15,2025-12-20,10.1,5,12.83,7.71,50,40,80.0,15,1
SIM-01992,2025-07-27,2025-12-20,11.65,5,13.32,8.66,100,85,85.0,30,1
SIM-01992,2025-10-08,2025-12-20,11.08,5,13.03,7.91,150,130,86.67,45,1
SIM-01992,2025-12-10,2025-12-20,12.6,5,14.61,10.9,200,170,85.0,60,1
SIM-01993,2025-05-15,2025-12-20,11.63,5,13.82,9.69,50,45,90.0,15,1
SIM-01993,2025-07-27,2025-12-20,12.89,5,16.02,10.55,100,90,90.0,30,1
SIM-01993,2025-10-08,2025-12-20,13.09,5,16.79,9.96,150,145,96.67,45,1
SIM-01993,2025-12-10,2025-12-20,16.22,5,20.0,11.79,200,180,90.0,60,1
SIM-01994,2025-05-15,2025-12-20,12.23,5,14.32,10.63,50,45,90.0,15,0
SIM-01994,2025-07-27,2025-12-20,13.8,5,15.36,11.77,100,85,85.0,30,0
SIM-01994,2025-10-08,2025-12-20,14.56,5,17.19,13.29,150,140,93.33,45,0
SIM-01994,2025-12-10,2025-12-20,17.18,5,19.27,15.42,200,195,97.5,60,0
SIM-01995,2025-05-15,2025-12-20,12.32,5,14.36,11.12,50,40,80.0,15,1
SIM-01995,2025-07-27,2025-12-20,11.02,5,13.85,7.86,100,85,85.0,30,1
SIM-01995,2025-10-08,2025-12-20,11.18,5,14.89,7.55,150,125,83.33,45,1
SIM-01995,2025-12-10,2025-12-20,13.52,5,16.38,11.3,200,160,80.0,60,1
SIM-01996,2025-05-15,2025-12-20,10.22,5,12.36,7.63,50,50,100.0,15,1
SIM-01996,2025-07-27,2025-12-20,11.39,5,13.94,9.56,100,100,100.0,30,1
SIM-01996,2025-10-08,2025-12-20,10.52,5,12.32,8.21,150,145,96.67,45,1
SIM-01996,2025-12-10,2025-12-20,10.3,5,12.15,7.13,200,200,100.0,60,1
SIM-01997,2025-05-15,2025-12-20,12.51,5,15.21,10.84,50,40,80.0,15,0
SIM-01997,2025-07-27,2025-12-20,14.73,5,16.71,12.75,100,80,80.0,30,0
SIM-01997,2025-10-08,2025-12-20,15.03,5,16.35,13.57,150,110,73.33,45,0
SIM-01997,2025-12-10,2025-12-20,17.52,5,20.0,15.17,200,140,70.0,60,0
SIM-01998,2025-05-15,2025-12-20,13.93,5,16.0,11.06,50,35,70.0,15,0
SIM-01998,2025-07-27,2025-12-20,14.27,5,16.37,12.53,100,75,75.0,30,0
SIM-01998,2025-10-08,2025-12-20,18.7,5,20.0,17.08,150,115,76.67,45,0
SIM-01998,2025-12-10,2025-12-20,17.92,5,20.0,16.28,200,145,72.5,60,0
SIM-01999,2025-05-15,2025-12-20,12.39,5,14.85,9.51,50,40,80.0,15,1
SIM-01999,2025-07-27,2025-12-20,12.51,5,14.44,8.6,100,75,75.0,30,1
SIM-01999,2025-10-08,2025-12-20,12.26,5,16.04,7.21,150,110,73.33,45,1
SIM-01999,2025-12-10,2025-12-20,12.37,5,15.89,9.09,200,140,70.0,60,1
SIM-02000,2025-05-15,2025-12-20,11.04,5,12.85,8.52,50,35,70.0,15,1
SIM-02000,2025-07-27,2025-12-20,10.6,5,11.38,9.32,100,70,70.0,30,1
SIM-02000,2025-10-08,2025-12-20,10.8,5,14.67,7.86,150,110,73.33,45,1
SIM-02000,2025-12-10,2025-12-20,12.71,5,17.18,5.48,200,140,70.0,60,1
